-- MySQL dump 10.13  Distrib 5.7.30, for Linux (x86_64)
--
-- Host: us-cdbr-east-05.cleardb.net    Database: heroku_35b4954281cfea4
-- ------------------------------------------------------
-- Server version	5.5.62-log

/*!40101 SET @OLD_CHARACTER_SET_CLIENT=@@CHARACTER_SET_CLIENT */;
/*!40101 SET @OLD_CHARACTER_SET_RESULTS=@@CHARACTER_SET_RESULTS */;
/*!40101 SET @OLD_COLLATION_CONNECTION=@@COLLATION_CONNECTION */;
/*!40101 SET NAMES utf8 */;
/*!40103 SET @OLD_TIME_ZONE=@@TIME_ZONE */;
/*!40103 SET TIME_ZONE='+00:00' */;
/*!40014 SET @OLD_UNIQUE_CHECKS=@@UNIQUE_CHECKS, UNIQUE_CHECKS=0 */;
/*!40014 SET @OLD_FOREIGN_KEY_CHECKS=@@FOREIGN_KEY_CHECKS, FOREIGN_KEY_CHECKS=0 */;
/*!40101 SET @OLD_SQL_MODE=@@SQL_MODE, SQL_MODE='NO_AUTO_VALUE_ON_ZERO' */;
/*!40111 SET @OLD_SQL_NOTES=@@SQL_NOTES, SQL_NOTES=0 */;

--
-- Table structure for table `items`
--

DROP TABLE IF EXISTS `items`;
/*!40101 SET @saved_cs_client     = @@character_set_client */;
/*!40101 SET character_set_client = utf8 */;
CREATE TABLE `items` (
  `id` int(10) unsigned NOT NULL AUTO_INCREMENT,
  `task_id` int(10) unsigned NOT NULL,
  `name` varchar(191) COLLATE utf8mb4_unicode_ci NOT NULL,
  `is_checked` tinyint(1) NOT NULL COMMENT 'チェックされているかどうか。状態は二値',
  `created_at` timestamp NULL DEFAULT NULL,
  `updated_at` timestamp NULL DEFAULT NULL,
  PRIMARY KEY (`id`),
  KEY `items_task_id_foreign` (`task_id`),
  CONSTRAINT `items_task_id_foreign` FOREIGN KEY (`task_id`) REFERENCES `tasks` (`id`) ON DELETE CASCADE
) ENGINE=InnoDB AUTO_INCREMENT=11121 DEFAULT CHARSET=utf8mb4 COLLATE=utf8mb4_unicode_ci;
/*!40101 SET character_set_client = @saved_cs_client */;

--
-- Dumping data for table `items`
--

LOCK TABLES `items` WRITE;
/*!40000 ALTER TABLE `items` DISABLE KEYS */;
INSERT INTO `items` VALUES (2,62,'資金移動',1,'2020-05-15 10:12:39','2020-05-15 10:18:54'),(12,62,'ヒヨコのエサ支払確認',0,'2020-05-15 10:12:39','2020-05-15 10:12:39'),(22,62,'人事異動確認入力',0,'2020-05-15 10:12:39','2020-05-15 10:12:39'),(32,62,'郵便物処理',0,'2020-05-15 10:12:40','2020-05-15 10:12:40'),(42,62,'調印処理',0,'2020-05-15 10:12:40','2020-05-15 10:12:40'),(52,62,'ワークフロー処理',0,'2020-05-15 10:12:40','2020-05-15 10:12:40'),(62,62,'メール処理',0,'2020-05-15 10:12:40','2020-05-15 10:12:40'),(72,62,'タスク整理',0,'2020-05-15 10:12:41','2020-05-15 10:12:41'),(82,72,'資金移動',1,'2020-05-15 10:19:13','2020-05-15 10:19:22'),(92,72,'ヒヨコのエサ支払確認',1,'2020-05-15 10:19:13','2020-05-15 10:21:45'),(102,72,'人事異動確認入力',1,'2020-05-15 10:19:13','2020-05-15 10:30:37'),(112,72,'郵便物処理',1,'2020-05-15 10:19:13','2020-05-15 13:53:45'),(122,72,'調印処理',1,'2020-05-15 10:19:13','2020-05-15 15:54:09'),(132,72,'ワークフロー処理',1,'2020-05-15 10:19:13','2020-05-15 15:01:48'),(142,72,'メール処理',1,'2020-05-15 10:19:13','2020-05-15 17:58:06'),(152,72,'タスク整理',1,'2020-05-15 10:19:13','2020-05-15 18:11:25'),(162,82,'調印申請作成（立花先生）',1,'2020-05-15 10:54:45','2020-05-15 11:41:07'),(172,82,'印鑑証明書申請（はやま農場×1）',1,'2020-05-15 10:54:45','2020-05-15 11:01:39'),(182,82,'支払依頼書作成（立花先生）',1,'2020-05-15 10:54:45','2020-05-15 11:18:23'),(192,92,'鬼滅の刃 20',1,'2020-05-15 11:07:59','2020-05-29 14:26:45'),(202,92,'ダンジョン飯 9',1,'2020-05-15 11:08:00','2020-05-29 14:26:46'),(212,92,'SPY×FAMILY 4',1,'2020-05-15 11:08:01','2020-05-29 14:26:47'),(222,92,'選書メチエなんか',1,'2020-05-15 11:08:01','2020-05-29 14:26:49'),(232,92,'空のあらゆる鳥を',1,'2020-05-15 11:08:03','2020-05-29 14:26:50'),(242,132,'見積依頼',0,'2020-05-15 13:27:39','2020-05-15 13:27:39'),(252,142,'見積依頼',1,'2020-05-15 13:28:05','2020-05-15 14:22:59'),(262,152,'見積依頼',1,'2020-05-15 13:30:00','2020-05-15 14:23:58'),(272,162,'見積依頼',1,'2020-05-15 13:30:50','2020-05-15 14:27:22'),(282,172,'見積依頼',1,'2020-05-15 13:31:27','2020-05-15 14:25:56'),(292,192,'見積依頼',1,'2020-05-15 13:45:09','2020-05-15 13:46:57'),(302,192,'調印',1,'2020-05-15 13:47:18','2020-05-15 14:55:37'),(312,192,'書類送付',1,'2020-05-15 13:47:18','2020-05-18 10:30:53'),(322,192,'書類処理、登録、通知',1,'2020-05-15 13:47:18','2020-05-18 10:43:18'),(332,202,'調印',1,'2020-05-15 13:49:29','2020-05-15 15:52:02'),(342,202,'書類送付',1,'2020-05-15 13:49:29','2020-05-19 16:02:50'),(352,202,'書類処理',1,'2020-05-15 13:49:29','2020-05-21 18:38:07'),(362,212,'見積書／納品書／請求書作成',1,'2020-05-15 13:53:05','2020-05-15 17:21:23'),(372,212,'調印申請作成',1,'2020-05-15 13:53:05','2020-05-18 13:09:48'),(382,222,'グループ月次資料（2019年1月）',1,'2020-05-15 14:02:19','2020-05-15 14:04:26'),(392,222,'グループ月次資料（2020年1月）',1,'2020-05-15 14:02:20','2020-05-15 14:04:28'),(402,82,'調印',1,'2020-05-15 14:15:13','2020-05-15 15:50:54'),(412,82,'発送',1,'2020-05-15 15:50:37','2020-05-18 10:52:49'),(422,232,'法務局で取得',0,'2020-05-15 16:11:56','2020-05-15 16:11:56'),(432,232,'送付',0,'2020-05-15 16:11:57','2020-05-15 16:11:57'),(442,322,'資金移動',1,'2020-05-18 09:12:05','2020-05-18 09:54:06'),(452,322,'ヒヨコのエサ支払確認',1,'2020-05-18 09:12:05','2020-05-18 15:27:11'),(472,322,'郵便物処理',1,'2020-05-18 09:12:05','2020-05-18 15:27:10'),(482,322,'調印処理',1,'2020-05-18 09:12:05','2020-05-18 16:17:35'),(492,322,'ワークフロー処理',1,'2020-05-18 09:12:05','2020-05-18 16:04:09'),(502,322,'メール処理',1,'2020-05-18 09:12:05','2020-05-18 18:00:21'),(512,322,'タスク整理',1,'2020-05-18 09:12:05','2020-05-18 18:00:23'),(522,352,'①イセ食品',0,'2020-05-18 10:14:39','2020-05-18 10:14:39'),(532,352,'②イセ㈱',0,'2020-05-18 10:14:39','2020-05-18 10:14:39'),(542,352,'③イセヒヨコ',0,'2020-05-18 10:14:39','2020-05-18 10:14:39'),(552,352,'④イセファーム',0,'2020-05-18 10:14:40','2020-05-18 10:14:40'),(562,352,'⑤イセファーム東北',0,'2020-05-18 10:14:40','2020-05-18 10:14:40'),(572,352,'⑥つくばファーム',0,'2020-05-18 10:14:40','2020-05-18 10:14:40'),(582,352,'⑦美咲ファーム',0,'2020-05-18 10:14:41','2020-05-18 10:14:41'),(592,352,'⑧伊勢農場',0,'2020-05-18 10:14:41','2020-05-18 10:14:41'),(602,352,'⑨九州たまご',0,'2020-05-18 10:14:41','2020-05-18 10:14:41'),(612,352,'⑩トーチク',0,'2020-05-18 10:14:42','2020-05-18 10:14:42'),(622,352,'⑪森屋農場',0,'2020-05-18 10:14:42','2020-05-18 10:14:42'),(632,352,'⑫千葉孵化場',0,'2020-05-18 10:14:43','2020-05-18 10:14:43'),(642,352,'⑬かすみがうら農場',0,'2020-05-18 10:14:43','2020-05-18 10:14:43'),(652,352,'⑭はやま農場',0,'2020-05-18 10:14:44','2020-05-18 10:14:44'),(662,352,'⑮新ひたちファーム',0,'2020-05-18 10:14:44','2020-05-18 10:14:44'),(672,352,'⑯エッグドリーム八千代',0,'2020-05-18 10:14:45','2020-05-18 10:14:45'),(682,362,'①イセ食品',1,'2020-05-18 10:14:59','2020-05-20 13:54:13'),(692,362,'②イセ㈱',1,'2020-05-18 10:14:59','2020-05-20 13:56:22'),(702,362,'③イセヒヨコ',1,'2020-05-18 10:14:59','2020-05-20 13:57:07'),(712,362,'④イセファーム',1,'2020-05-18 10:14:59','2020-05-20 13:56:23'),(722,362,'⑤イセファーム東北',1,'2020-05-18 10:14:59','2020-05-20 13:57:54'),(732,362,'⑥つくばファーム',1,'2020-05-18 10:14:59','2020-05-20 13:58:47'),(742,362,'⑦美咲ファーム',1,'2020-05-18 10:14:59','2020-05-20 13:59:37'),(752,362,'⑧伊勢農場',1,'2020-05-18 10:14:59','2020-05-20 14:00:29'),(762,362,'⑨九州たまご',1,'2020-05-18 10:14:59','2020-05-20 14:01:27'),(772,362,'⑩トーチク',1,'2020-05-18 10:14:59','2020-05-20 14:02:18'),(782,362,'⑪森屋農場',1,'2020-05-18 10:14:59','2020-06-17 15:21:31'),(792,362,'⑫千葉孵化場',1,'2020-05-18 10:14:59','2020-05-20 14:04:19'),(802,362,'⑬かすみがうら農場',1,'2020-05-18 10:14:59','2020-05-20 14:39:12'),(812,362,'⑭はやま農場',1,'2020-05-18 10:14:59','2020-05-20 14:10:31'),(822,362,'⑮新ひたちファーム',1,'2020-05-18 10:14:59','2020-05-20 14:11:23'),(832,362,'⑯エッグドリーム八千代',1,'2020-05-18 10:14:59','2020-06-17 15:21:35'),(842,212,'書類送付',1,'2020-05-18 11:31:23','2020-05-19 16:02:54'),(852,302,'請求書をスキャン（200dpi、B5+5mm）',0,'2020-05-18 15:59:11','2020-05-18 15:59:11'),(862,302,'明細表（エクセル）を張係長に転送',0,'2020-05-18 15:59:11','2020-05-18 15:59:11'),(872,302,'請求書PDFを各担当者に送付',0,'2020-05-18 15:59:11','2020-05-18 15:59:11'),(882,392,'請求書をスキャン（200dpi、B5+5mm）',1,'2020-05-18 15:59:23','2020-05-18 15:59:28'),(892,392,'明細表（エクセル）を張係長に転送',1,'2020-05-18 15:59:23','2020-05-18 15:59:29'),(902,392,'請求書PDFを各担当者に送付',0,'2020-05-18 15:59:23','2020-05-18 15:59:23'),(912,432,'エッグドリーム八千代（2020年3月期）',1,'2020-05-18 17:27:28','2020-06-09 14:02:15'),(922,432,'ISE Hong Kong',0,'2020-05-18 17:27:28','2020-05-18 17:27:28'),(932,472,'伝票作成',1,'2020-05-18 17:56:54','2020-05-19 12:01:03'),(942,472,'窓口で支払',0,'2020-05-18 17:56:55','2020-05-18 17:56:55'),(952,482,'首都圏リースに再問い合わせ',1,'2020-05-18 18:05:36','2020-05-22 10:59:26'),(962,492,'資金移動',1,'2020-05-19 09:04:59','2020-05-19 09:56:17'),(972,492,'ヒヨコのエサ支払確認',1,'2020-05-19 09:04:59','2020-05-19 14:36:44'),(992,492,'郵便物処理',1,'2020-05-19 09:04:59','2020-05-19 14:53:55'),(1002,492,'調印処理',1,'2020-05-19 09:04:59','2020-05-19 17:14:39'),(1012,492,'ワークフロー処理',1,'2020-05-19 09:04:59','2020-05-19 14:53:56'),(1022,492,'メール処理',1,'2020-05-19 09:04:59','2020-05-19 17:40:54'),(1032,492,'タスク整理',1,'2020-05-19 09:04:59','2020-05-19 18:05:20'),(1042,452,'つくばファーム',1,'2020-05-19 09:59:34','2020-05-19 15:37:06'),(1052,452,'かすみがうら農場',1,'2020-05-19 09:59:35','2020-05-20 10:36:11'),(1062,452,'新ひたちファーム',1,'2020-05-19 09:59:35','2020-05-20 10:45:27'),(1072,212,'登録／書類処理',1,'2020-05-19 11:10:21','2020-05-20 17:39:12'),(1082,522,'注文書作成',1,'2020-05-19 11:29:20','2020-05-29 16:21:26'),(1102,522,'浅野工場長に支払について確認',1,'2020-05-19 11:29:20','2020-05-29 16:26:03'),(1112,522,'SMFLに注文書送付',1,'2020-05-19 11:29:20','2020-05-29 16:26:03'),(1122,532,'注文書／注文請書をSMFLに送る',1,'2020-05-19 11:34:32','2020-05-21 19:18:32'),(1132,532,'浅野工場長に支払いについて確認',1,'2020-05-19 11:34:32','2020-05-19 11:41:59'),(1142,542,'売買契約書作成',0,'2020-05-19 11:45:01','2020-05-19 11:45:01'),(1152,572,'福田さんに問い合わせ',1,'2020-05-19 17:46:20','2020-05-20 14:08:24'),(1162,572,'メールで送付',1,'2020-05-19 17:46:20','2020-05-20 14:42:17'),(1172,602,'書類整理',1,'2020-05-19 17:55:13','2020-05-21 13:23:21'),(1182,602,'調印申請作成',1,'2020-05-19 17:55:13','2020-05-21 13:29:57'),(1192,602,'支払依頼書作成（割賦料）',1,'2020-05-19 17:55:14','2020-05-26 14:59:11'),(1202,602,'支払依頼書作成（イセファームから各農場）',1,'2020-05-19 17:55:14','2020-05-26 15:23:18'),(1212,602,'書類整理／登録',1,'2020-05-19 17:55:14','2020-05-26 15:29:16'),(1222,612,'書類整理',1,'2020-05-19 17:55:18','2020-05-21 13:11:55'),(1232,612,'調印申請作成',1,'2020-05-19 17:55:18','2020-05-21 13:18:07'),(1242,612,'支払依頼書作成（割賦料）',1,'2020-05-19 17:55:18','2020-05-26 14:59:04'),(1252,612,'支払依頼書作成（イセファームから各農場）',1,'2020-05-19 17:55:18','2020-05-26 15:11:27'),(1262,612,'書類整理／登録',1,'2020-05-19 17:55:18','2020-05-26 15:14:03'),(1272,642,'資金移動',1,'2020-05-20 09:17:11','2020-05-20 09:56:46'),(1282,642,'ヒヨコのエサ支払確認',1,'2020-05-20 09:17:11','2020-05-20 09:57:13'),(1302,642,'郵便物処理',1,'2020-05-20 09:17:11','2020-05-20 15:07:49'),(1312,642,'調印処理',1,'2020-05-20 09:17:11','2020-05-20 15:37:47'),(1322,642,'ワークフロー処理',1,'2020-05-20 09:17:11','2020-05-20 15:07:50'),(1332,642,'メール処理',1,'2020-05-20 09:17:11','2020-05-20 17:46:33'),(1342,642,'タスク整理',1,'2020-05-20 09:17:11','2020-05-20 18:07:30'),(1362,212,'支払依頼書作成（割賦料）',1,'2020-05-20 11:11:47','2020-05-20 17:03:06'),(1372,682,'①イセ食品',1,'2020-05-20 13:03:31','2020-05-20 14:14:27'),(1382,682,'②イセ㈱',1,'2020-05-20 13:03:31','2020-05-20 14:15:04'),(1392,682,'③イセヒヨコ',1,'2020-05-20 13:03:31','2020-05-20 14:15:32'),(1402,682,'④イセファーム',1,'2020-05-20 13:03:31','2020-05-20 14:16:38'),(1412,682,'⑤イセファーム東北',1,'2020-05-20 13:03:31','2020-05-20 14:17:16'),(1422,682,'⑥つくばファーム',1,'2020-05-20 13:03:31','2020-05-20 14:17:52'),(1432,682,'⑦美咲ファーム',1,'2020-05-20 13:03:31','2020-05-20 14:18:38'),(1442,682,'⑧伊勢農場',1,'2020-05-20 13:03:31','2020-05-20 14:19:12'),(1452,682,'⑨九州たまご',1,'2020-05-20 13:03:31','2020-05-20 14:19:46'),(1462,682,'⑩トーチク',1,'2020-05-20 13:03:31','2020-05-20 14:20:14'),(1472,682,'⑪森屋農場',1,'2020-05-20 13:03:31','2020-06-12 15:09:12'),(1482,682,'⑫千葉孵化場',1,'2020-05-20 13:03:31','2020-05-20 14:20:49'),(1492,682,'⑬かすみがうら農場',1,'2020-05-20 13:03:31','2020-05-20 14:40:50'),(1502,682,'⑭はやま農場',1,'2020-05-20 13:03:31','2020-05-20 14:21:22'),(1512,682,'⑮新ひたちファーム',1,'2020-05-20 13:03:31','2020-05-20 14:21:49'),(1522,682,'⑯エッグドリーム八千代',1,'2020-05-20 13:03:31','2020-06-09 14:03:25'),(1532,692,'イセファームソーラー決算書（2020年1月期）',1,'2020-05-20 13:14:43','2020-05-20 14:51:03'),(1542,692,'エッグドリーム八千代決算書（2018年3月期）',1,'2020-05-20 13:14:43','2020-05-20 14:53:49'),(1552,692,'森屋農場決算書（2018年3月期）',1,'2020-05-20 13:14:44','2020-05-20 14:55:23'),(1562,692,'かすみがうら農場決算書（2020年1月期、製造原価計算書）',1,'2020-05-20 13:14:44','2020-05-20 14:55:24'),(1572,712,'①イセ食品',1,'2020-05-20 17:56:15','2020-05-21 11:34:09'),(1582,712,'②イセ㈱',1,'2020-05-20 17:56:15','2020-05-21 11:35:32'),(1592,712,'③イセヒヨコ',1,'2020-05-20 17:56:15','2020-05-21 11:36:03'),(1602,712,'④イセファーム',1,'2020-05-20 17:56:15','2020-05-21 11:37:10'),(1612,712,'⑤イセファーム東北',1,'2020-05-20 17:56:15','2020-05-21 11:37:37'),(1622,712,'⑥つくばファーム',1,'2020-05-20 17:56:15','2020-05-21 11:38:18'),(1632,712,'⑦美咲ファーム',1,'2020-05-20 17:56:15','2020-05-21 11:38:58'),(1642,712,'⑧伊勢農場',1,'2020-05-20 17:56:15','2020-05-21 11:39:34'),(1652,712,'⑨九州たまご',1,'2020-05-20 17:56:15','2020-05-21 11:40:30'),(1662,712,'⑩トーチク',1,'2020-05-20 17:56:15','2020-05-21 11:41:03'),(1672,712,'⑪森屋農場',1,'2020-05-20 17:56:15','2020-06-12 15:10:30'),(1682,712,'⑫千葉孵化場',1,'2020-05-20 17:56:15','2020-05-21 11:41:31'),(1692,712,'⑬かすみがうら農場',1,'2020-05-20 17:56:15','2020-05-21 11:54:43'),(1702,712,'⑭はやま農場',1,'2020-05-20 17:56:15','2020-05-21 11:55:11'),(1712,712,'⑮新ひたちファーム',1,'2020-05-20 17:56:15','2020-05-21 11:55:39'),(1722,712,'⑯エッグドリーム八千代',1,'2020-05-20 17:56:15','2020-06-09 14:05:10'),(1732,712,'連結決算',1,'2020-05-20 17:57:34','2020-06-09 14:05:12'),(1742,712,'連結借入明細',1,'2020-05-20 17:57:34','2020-05-21 11:56:42'),(1772,742,'資金移動',1,'2020-05-21 09:13:06','2020-05-21 09:43:28'),(1782,742,'ヒヨコのエサ支払確認',1,'2020-05-21 09:13:06','2020-05-21 14:10:05'),(1802,742,'郵便物処理',1,'2020-05-21 09:13:06','2020-05-21 15:42:24'),(1812,742,'調印処理',1,'2020-05-21 09:13:06','2020-05-21 16:29:02'),(1822,742,'ワークフロー処理',1,'2020-05-21 09:13:06','2020-05-21 15:42:29'),(1832,742,'メール処理',1,'2020-05-21 09:13:06','2020-05-21 17:32:44'),(1842,742,'タスク整理',1,'2020-05-21 09:13:06','2020-05-21 17:41:49'),(1852,742,'キャッシュバックキャンペーン集計',1,'2020-05-21 09:13:06','2020-05-21 18:29:06'),(1862,752,'法務局で取得',0,'2020-05-21 09:16:38','2020-05-21 09:16:38'),(1872,752,'送付',0,'2020-05-21 09:16:38','2020-05-21 09:16:38'),(1902,772,'4月試算表出力',1,'2020-05-21 10:20:06','2020-05-21 10:37:14'),(1912,772,'メールで送付',0,'2020-05-21 10:20:20','2020-05-21 10:20:20'),(1922,172,'現場に見積送付',1,'2020-05-21 17:19:06','2020-05-21 17:19:09'),(1932,532,'浅野工場長に最終支払について確認',1,'2020-05-21 19:11:01','2020-05-21 19:19:54'),(1942,802,'資金移動',1,'2020-05-22 10:11:21','2020-05-22 10:11:53'),(1952,802,'ヒヨコのエサ支払確認',1,'2020-05-22 10:11:21','2020-05-22 14:59:46'),(1962,802,'人事異動確認入力',1,'2020-05-22 10:11:21','2020-05-22 12:19:14'),(1972,802,'郵便物処理',1,'2020-05-22 10:11:21','2020-05-22 15:08:50'),(1982,802,'調印処理',1,'2020-05-22 10:11:21','2020-05-22 15:52:16'),(1992,802,'ワークフロー処理',1,'2020-05-22 10:11:21','2020-05-22 16:07:03'),(2002,802,'メール処理',1,'2020-05-22 10:11:21','2020-05-22 16:56:59'),(2012,802,'タスク整理',1,'2020-05-22 10:11:21','2020-05-22 17:04:15'),(2032,822,'給与資料問い合わせ',1,'2020-05-22 10:17:25','2020-05-22 10:45:38'),(2042,822,'チェック',1,'2020-05-22 10:17:25','2020-05-22 17:43:44'),(2052,822,'総合振込入力',1,'2020-05-22 10:17:25','2020-05-25 11:47:01'),(2062,822,'払戻請求書準備（給与／手数料）',1,'2020-05-22 10:17:26','2020-05-25 13:32:01'),(2072,872,'支払チェック（平和堂変更あり）',1,'2020-05-22 16:49:23','2020-05-26 18:28:13'),(2082,872,'IB設定',1,'2020-05-22 16:49:23','2020-05-27 10:48:22'),(2092,872,'払戻請求書作成／送付',1,'2020-05-22 16:49:24','2020-05-27 10:48:20'),(2102,882,'部門別損益計算書（石岡PK）',0,'2020-05-22 16:51:38','2020-05-22 16:51:38'),(2112,882,'かすみがうら農場決算書（2020年1月期）',0,'2020-05-22 16:51:38','2020-05-22 16:51:38'),(2122,912,'資金移動',1,'2020-05-25 09:08:03','2020-05-25 09:51:18'),(2132,912,'ヒヨコのエサ支払確認',1,'2020-05-25 09:08:03','2020-05-25 09:52:51'),(2142,912,'人事異動確認入力',1,'2020-05-25 09:08:03','2020-05-25 09:52:52'),(2152,912,'郵便物処理',1,'2020-05-25 09:08:03','2020-05-25 15:16:22'),(2162,912,'調印処理',1,'2020-05-25 09:08:03','2020-05-25 16:31:11'),(2172,912,'ワークフロー処理',1,'2020-05-25 09:08:03','2020-05-25 16:13:58'),(2182,912,'メール処理',1,'2020-05-25 09:08:03','2020-05-25 17:43:21'),(2192,912,'タスク整理',1,'2020-05-25 09:08:03','2020-05-25 17:57:54'),(2202,912,'キャッシュバックキャンペーン集計',1,'2020-05-25 09:08:03','2020-05-25 18:04:34'),(2212,922,'給与資料確認',1,'2020-05-25 10:04:57','2020-05-25 16:06:19'),(2222,922,'払戻請求書作成／送付（通帳も）',1,'2020-05-25 10:04:58','2020-05-25 16:11:20'),(2232,922,'資金入金',1,'2020-05-25 10:05:00','2020-05-26 10:09:59'),(2242,932,'見積書（富士たまご）',0,'2020-05-25 10:45:11','2020-05-25 10:45:11'),(2252,932,'請負契約（富士たまご）',1,'2020-05-25 10:45:12','2020-06-01 16:14:06'),(2262,932,'建築確認（富士たまご）',1,'2020-05-25 10:45:12','2020-06-19 11:44:39'),(2272,932,'見積書（かすみがうら）',1,'2020-05-25 10:45:12','2020-06-01 16:23:16'),(2282,932,'請負契約（かすみがうら）',1,'2020-05-25 10:45:13','2020-06-01 16:27:05'),(2292,932,'建築確認（かすみがうら）',1,'2020-05-25 10:45:13','2020-06-15 11:48:15'),(2302,482,'色麻コンポスト佐々木ブロック長に連絡する',1,'2020-05-25 11:50:02','2020-05-26 11:23:52'),(2312,822,'金額の最終チェック',1,'2020-05-25 11:50:36','2020-05-25 13:32:05'),(2322,822,'承認されたかチェック',1,'2020-05-25 13:32:16','2020-05-25 13:49:50'),(2332,952,'給与資料問い合わせ',1,'2020-05-25 13:49:58','2020-05-25 13:49:58'),(2342,952,'チェック',1,'2020-05-25 13:49:58','2020-05-25 13:49:58'),(2392,902,'調印申請',1,'2020-05-25 14:45:20','2020-05-25 14:55:15'),(2402,902,'押印',1,'2020-05-25 14:45:21','2020-05-25 15:21:29'),(2412,902,'FAX／TEL',1,'2020-05-25 14:45:21','2020-05-25 15:39:19'),(2422,972,'給与資料確認',1,'2020-05-25 16:15:02','2020-05-25 16:15:02'),(2432,972,'払戻請求書作成／送付（通帳も）',1,'2020-05-25 16:15:02','2020-05-25 16:15:02'),(2442,972,'資金入金',0,'2020-05-25 16:15:02','2020-05-25 16:15:02'),(2452,1002,'松村物産に発送',0,'2020-05-25 17:40:56','2020-05-25 17:40:56'),(2462,672,'金額確認',1,'2020-05-25 17:42:28','2020-05-28 09:49:01'),(2472,1012,'木下／福澤／中川さんに印鑑証明書／実印押印依頼',1,'2020-05-25 17:49:29','2020-05-29 16:58:00'),(2492,1022,'細田先生に送付',1,'2020-05-25 17:51:16','2020-05-29 17:12:52'),(2512,1032,'大畑／原田認印購入（アスクルで注文？）',1,'2020-05-25 17:52:53','2020-06-10 14:54:58'),(2522,1032,'押印',1,'2020-05-25 17:52:53','2020-06-10 16:41:14'),(2532,1032,'細田先生に送付',1,'2020-05-25 17:52:53','2020-06-10 16:41:14'),(2552,1042,'市野課長に押印依頼／送付',1,'2020-05-25 17:53:42','2020-05-25 17:56:30'),(2562,1042,'細田先生に送付',0,'2020-05-25 17:53:42','2020-05-25 17:53:42'),(2572,1052,'資金移動',1,'2020-05-26 09:22:33','2020-05-26 10:10:15'),(2582,1052,'ヒヨコのエサ支払確認',1,'2020-05-26 09:22:33','2020-05-26 11:27:38'),(2602,1052,'郵便物処理',1,'2020-05-26 09:22:33','2020-05-26 16:53:53'),(2612,1052,'調印処理',0,'2020-05-26 09:22:33','2020-05-26 09:22:33'),(2622,1052,'ワークフロー処理',1,'2020-05-26 09:22:33','2020-05-26 17:07:00'),(2632,1052,'メール処理',0,'2020-05-26 09:22:33','2020-05-26 09:22:33'),(2642,1052,'タスク整理',0,'2020-05-26 09:22:33','2020-05-26 09:22:33'),(2662,1072,'連結財務諸表の作成状況確認',1,'2020-05-26 10:48:36','2020-05-26 13:40:44'),(2672,482,'首都圏リース本田さんに連絡、正式見積依頼',1,'2020-05-26 11:24:09','2020-05-26 13:55:58'),(2682,1072,'あおぞらにメールで送付',1,'2020-05-26 13:40:59','2020-05-26 13:50:14'),(2692,1112,'イセ食品（2020年1月期）',1,'2020-05-26 14:22:48','2020-05-26 14:33:14'),(2702,1112,'富士たまご（2020年1月期）',1,'2020-05-26 14:22:48','2020-05-26 14:33:14'),(2712,1132,'組戻依頼書作成／押印',1,'2020-05-26 16:15:35','2020-05-26 17:03:09'),(2722,1132,'給与振込データ修正（駅南支店→神田支店）',1,'2020-05-26 16:15:35','2020-05-26 17:03:10'),(2732,1102,'JA三井リース福井さんにデータ送付',1,'2020-05-26 16:31:00','2020-05-26 16:45:43'),(2742,1102,'新ひたちファームからイセファーム、千葉孵化場への支払依頼書作成',1,'2020-05-26 16:31:00','2020-05-26 16:45:44'),(2752,1102,'関係者に流れをメールで説明（小出社長、越川さん、赤池さん、松田さん、十河部長、新島課長代理）',1,'2020-05-26 16:31:01','2020-05-28 13:20:18'),(2762,872,'グループ向けを分離',1,'2020-05-26 16:52:12','2020-05-26 17:17:37'),(2772,1162,'資金移動',1,'2020-05-27 09:28:38','2020-05-27 09:30:46'),(2782,1162,'ヒヨコのエサ支払確認',1,'2020-05-27 09:28:38','2020-05-27 16:02:22'),(2802,1162,'郵便物処理',1,'2020-05-27 09:28:38','2020-05-27 16:02:23'),(2812,1162,'調印処理',1,'2020-05-27 09:28:38','2020-05-27 16:48:39'),(2822,1162,'ワークフロー処理',1,'2020-05-27 09:28:38','2020-05-27 16:02:25'),(2832,1162,'メール処理',1,'2020-05-27 09:28:38','2020-05-27 17:18:39'),(2842,1162,'タスク整理',1,'2020-05-27 09:28:38','2020-05-27 18:23:41'),(2862,872,'新規取引先口座確認',1,'2020-05-27 10:48:50','2020-05-27 14:00:46'),(2872,872,'最終チェック／承認',1,'2020-05-27 10:48:50','2020-05-27 15:00:51'),(2882,872,'資金入金',1,'2020-05-27 10:49:00','2020-05-27 14:00:48'),(2892,1192,'赤池係長に確認',1,'2020-05-27 17:32:33','2020-05-27 17:32:35'),(2902,1222,'調印申請作成',1,'2020-05-27 17:33:51','2020-05-28 15:20:29'),(2912,1222,'満了通知送付',1,'2020-05-27 17:33:51','2020-06-01 10:34:14'),(2922,142,'現場に見積送付',1,'2020-05-27 18:13:18','2020-05-27 18:42:11'),(2932,152,'現場に見積送付',1,'2020-05-27 18:14:12','2020-05-27 18:40:31'),(2942,162,'現場に見積送付',1,'2020-05-27 18:14:59','2020-05-27 18:40:34'),(2952,1292,'資金移動',1,'2020-05-28 09:05:48','2020-05-28 10:56:30'),(2982,1292,'郵便物処理',1,'2020-05-28 09:05:48','2020-05-28 14:42:12'),(2992,1292,'調印処理',1,'2020-05-28 09:05:48','2020-05-28 16:50:43'),(3002,1292,'ワークフロー処理',1,'2020-05-28 09:05:48','2020-05-28 16:50:43'),(3012,1292,'メール処理',1,'2020-05-28 09:05:48','2020-05-28 17:04:40'),(3022,1292,'タスク整理',1,'2020-05-28 09:05:48','2020-05-28 17:08:16'),(3042,672,'資金移動作成',0,'2020-05-28 09:49:39','2020-05-28 09:49:39'),(3052,1102,'5月導入分を確認して福井さんに連絡',1,'2020-05-28 13:20:36','2020-06-01 15:08:19'),(3062,1332,'払戻請求書作成／納付書と一緒にあおぞらに送付（固定資産税）',1,'2020-05-28 14:41:03','2020-05-28 14:51:32'),(3072,1332,'新規支払を一覧に記入',1,'2020-05-28 14:41:03','2020-05-28 14:54:37'),(3082,1332,'口座開放依頼メール',1,'2020-05-28 14:52:17','2020-05-29 10:06:40'),(3092,1332,'支払処理',1,'2020-05-28 14:52:18','2020-05-29 11:30:48'),(3102,1352,'満了処理シート作成',1,'2020-05-28 15:06:10','2020-06-12 16:14:51'),(3112,1352,'満了通知確認／突合',1,'2020-05-28 15:06:11','2020-06-12 16:46:58'),(3122,1352,'各事業所責任者確認',1,'2020-05-28 15:06:12','2020-06-12 16:53:37'),(3132,1352,'満了通知コピー',1,'2020-05-28 15:06:13','2020-06-12 17:00:46'),(3142,1352,'依頼書と満了通知をPDF化',1,'2020-05-28 15:06:13','2020-06-12 17:33:07'),(3152,1362,'目標設定',1,'2020-05-28 15:07:48','2020-06-01 17:32:07'),(3162,1362,'基礎資料作成（預金平残／金利／リース料率）',1,'2020-05-28 15:07:49','2020-06-03 14:49:25'),(3172,482,'本田さんに確認電話',1,'2020-05-28 17:05:25','2020-05-29 13:58:43'),(3182,482,'調印申請作成',1,'2020-05-28 17:05:25','2020-06-09 12:05:39'),(3192,1372,'資金移動',1,'2020-05-29 09:34:51','2020-05-29 09:45:11'),(3202,1372,'ヒヨコのエサ支払確認',1,'2020-05-29 09:34:51','2020-05-29 16:04:53'),(3222,1372,'郵便物処理',1,'2020-05-29 09:34:51','2020-05-29 14:27:46'),(3232,1372,'調印処理',1,'2020-05-29 09:34:52','2020-05-29 19:16:28'),(3242,1372,'ワークフロー処理',1,'2020-05-29 09:34:52','2020-05-29 17:55:24'),(3252,1372,'メール処理',1,'2020-05-29 09:34:52','2020-05-29 17:55:25'),(3262,1372,'タスク整理',1,'2020-05-29 09:34:52','2020-05-29 19:00:45'),(3272,1372,'キャッシュバックキャンペーン集計',1,'2020-05-29 09:34:52','2020-05-29 19:08:26'),(3282,1012,'定款写し（1通）',1,'2020-05-29 16:57:54','2020-05-29 16:58:06'),(3292,1012,'臨時株主総会議事録（1通）',1,'2020-05-29 16:57:54','2020-06-08 18:18:54'),(3302,1012,'互選書（1通）',1,'2020-05-29 16:57:54','2020-06-08 18:18:55'),(3312,1012,'証明書（1通）',1,'2020-05-29 16:57:55','2020-05-29 16:58:08'),(3322,1012,'印鑑（改印）届書（1通）',1,'2020-05-29 16:57:55','2020-06-08 18:18:57'),(3332,1012,'委任状（1通）',1,'2020-05-29 16:57:55','2020-05-29 16:58:09'),(3342,1012,'印鑑証明書（福澤）',1,'2020-05-29 16:57:55','2020-05-29 16:58:11'),(3352,1012,'印鑑証明書（木下）',1,'2020-05-29 16:57:56','2020-06-08 18:19:06'),(3362,1012,'印鑑証明書（中川）',1,'2020-05-29 16:57:56','2020-06-08 18:19:07'),(3372,1012,'細田先生に送付',1,'2020-05-29 16:57:56','2020-06-09 13:21:21'),(3412,1452,'稟議書承認確認',1,'2020-05-29 18:53:04','2020-05-29 18:53:18'),(3422,1452,'SMFL／JA三井に相談',1,'2020-05-29 18:53:04','2020-06-02 17:48:16'),(3432,1482,'資料整理',1,'2020-05-29 19:00:09','2020-06-01 15:54:00'),(3442,1482,'送付先確認',1,'2020-05-29 19:00:09','2020-06-01 14:52:32'),(3452,1482,'送付',1,'2020-05-29 19:00:09','2020-06-01 15:58:40'),(3462,1492,'資金移動',1,'2020-06-01 09:35:52','2020-06-01 09:36:23'),(3472,1492,'ヒヨコのエサ支払確認',1,'2020-06-01 09:35:52','2020-06-01 14:25:22'),(3492,1492,'郵便物処理',1,'2020-06-01 09:35:52','2020-06-01 15:39:55'),(3502,1492,'調印処理',1,'2020-06-01 09:35:52','2020-06-01 17:53:51'),(3512,1492,'ワークフロー処理',1,'2020-06-01 09:35:52','2020-06-01 15:39:57'),(3522,1492,'メール処理',1,'2020-06-01 09:35:52','2020-06-01 18:17:33'),(3532,1492,'タスク整理',1,'2020-06-01 09:35:52','2020-06-01 18:17:34'),(3542,1492,'キャッシュバックキャンペーン集計',1,'2020-06-01 09:35:52','2020-06-01 17:53:50'),(3552,662,'SMFL／JA三井に相談',1,'2020-06-01 09:37:05','2020-06-02 17:53:25'),(3562,1482,'あおぞら銀行の明細をIBで出力して先に送付',1,'2020-06-01 14:52:16','2020-06-01 15:05:24'),(3582,542,'張さんにとりあえず契約書PDFをメール',1,'2020-06-01 18:05:36','2020-06-08 13:17:06'),(3592,1552,'資金移動',1,'2020-06-02 09:14:18','2020-06-02 09:30:00'),(3602,1552,'ヒヨコのエサ支払確認',1,'2020-06-02 09:14:18','2020-06-02 17:48:02'),(3622,1552,'郵便物処理',1,'2020-06-02 09:14:18','2020-06-02 17:48:04'),(3632,1552,'調印処理',1,'2020-06-02 09:14:18','2020-06-02 17:48:05'),(3642,1552,'ワークフロー処理',1,'2020-06-02 09:14:18','2020-06-02 18:49:13'),(3652,1552,'メール処理',1,'2020-06-02 09:14:18','2020-06-02 18:41:02'),(3662,1552,'タスク整理',1,'2020-06-02 09:14:18','2020-06-02 18:47:03'),(3672,1552,'キャッシュバックキャンペーン集計',1,'2020-06-02 09:14:18','2020-06-02 18:55:24'),(3682,1362,'入力',1,'2020-06-02 09:22:55','2020-06-03 15:10:21'),(3692,1572,'調印申請作成',0,'2020-06-02 09:25:06','2020-06-02 09:25:06'),(3702,1582,'調印申請作成',1,'2020-06-02 09:26:08','2020-06-02 18:22:52'),(3712,1592,'チェック',1,'2020-06-02 11:30:19','2020-06-02 11:30:21'),(3722,1592,'押印',1,'2020-06-02 11:30:19','2020-06-02 11:53:35'),(3732,1452,'導入時期確認',1,'2020-06-02 17:48:55','2020-06-08 17:44:36'),(3742,662,'美野里PK・大浪工場長にリースでいいか確認→奏和に連絡してもらう',1,'2020-06-02 17:54:38','2020-06-03 09:25:02'),(3752,662,'JA三井リースに見積送付',1,'2020-06-02 17:54:38','2020-06-03 10:05:46'),(3762,1612,'ぐんぎんリース・富田さんに実行可能か確認',1,'2020-06-02 18:46:27','2020-06-03 09:21:11'),(3772,1622,'物件整理',0,'2020-06-02 18:50:04','2020-06-02 18:50:04'),(3782,1632,'資金移動',1,'2020-06-03 09:16:41','2020-06-03 10:12:01'),(3792,1632,'ヒヨコのエサ支払確認',1,'2020-06-03 09:16:41','2020-06-03 15:12:18'),(3802,1632,'人事異動確認入力',1,'2020-06-03 09:16:41','2020-06-03 10:25:06'),(3812,1632,'郵便物処理',1,'2020-06-03 09:16:41','2020-06-03 17:01:39'),(3822,1632,'調印処理',1,'2020-06-03 09:16:41','2020-06-03 17:38:58'),(3832,1632,'ワークフロー処理',1,'2020-06-03 09:16:41','2020-06-03 17:40:38'),(3842,1632,'メール処理',1,'2020-06-03 09:16:41','2020-06-03 17:52:41'),(3852,1632,'タスク整理',1,'2020-06-03 09:16:41','2020-06-03 18:11:07'),(3872,1612,'見積作成／送付',1,'2020-06-03 09:23:00','2020-06-03 10:49:01'),(3882,662,'現場に見積送付',1,'2020-06-03 13:07:04','2020-06-03 13:18:46'),(3892,662,'JA三井リースに連絡',1,'2020-06-03 13:28:22','2020-06-03 13:28:23'),(3902,662,'リース物件検収完了報告書作成／送付',1,'2020-06-03 13:29:01','2020-06-04 17:50:33'),(3912,1672,'あおぞらに連絡',1,'2020-06-03 17:52:13','2020-06-04 10:11:53'),(3922,1672,'資金確認／入金',1,'2020-06-03 17:52:14','2020-06-04 10:11:53'),(3932,1672,'伝票作成／送付（通帳も）',1,'2020-06-03 17:52:14','2020-06-04 16:19:07'),(3942,1692,'森屋農場（2,600,494円）',1,'2020-06-03 18:04:03','2020-06-09 14:42:48'),(3952,1692,'つくばファーム（33,232,885円）→割賦にできるかSMFLに確認',1,'2020-06-03 18:04:04','2020-06-09 14:40:45'),(3962,1692,'富士たまご（34,701,771円）',1,'2020-06-03 18:04:04','2020-06-09 14:42:48'),(3972,152,'現場に確認メール送付',1,'2020-06-03 18:05:47','2020-06-04 10:47:07'),(3982,142,'現場に確認メール送付',1,'2020-06-03 18:05:57','2020-06-04 10:46:24'),(3992,162,'現場に確認メール送付',1,'2020-06-03 18:06:24','2020-06-04 10:47:30'),(4002,172,'現場に確認メール送付',1,'2020-06-03 18:06:45','2020-06-04 10:47:53'),(4012,522,'調印申請作成（物件受領書／売買契約書）',1,'2020-06-03 18:07:52','2020-06-04 18:01:36'),(4022,532,'調印申請作成（物件受領書／売買契約書）',1,'2020-06-03 18:08:52','2020-06-04 18:07:44'),(4032,1702,'資金移動',1,'2020-06-04 09:08:37','2020-06-04 10:12:15'),(4042,1702,'ヒヨコのエサ支払確認',1,'2020-06-04 09:08:37','2020-06-04 14:21:50'),(4062,1702,'郵便物処理',1,'2020-06-04 09:08:37','2020-06-04 14:21:58'),(4072,1702,'調印処理',1,'2020-06-04 09:08:37','2020-06-04 15:50:51'),(4082,1702,'ワークフロー処理',1,'2020-06-04 09:08:37','2020-06-04 16:22:45'),(4092,1702,'メール処理',1,'2020-06-04 09:08:37','2020-06-04 16:45:27'),(4102,1702,'タスク整理',1,'2020-06-04 09:08:37','2020-06-04 17:31:41'),(4122,1672,'あおぞらにメール',1,'2020-06-04 10:12:08','2020-06-04 16:19:08'),(4132,1712,'JA三井リースに再見積依頼',1,'2020-06-04 16:35:29','2020-06-04 16:39:31'),(4142,662,'謄本手配（イセ食品×1）',1,'2020-06-04 16:57:08','2020-06-04 16:57:22'),(4152,1102,'見積書／納品書／請求書作成',1,'2020-06-04 17:12:43','2020-06-08 16:34:58'),(4162,1102,'調印申請作成',1,'2020-06-04 17:12:43','2020-06-09 14:49:48'),(4172,1102,'契約書一式送付',1,'2020-06-04 17:12:44','2020-06-11 15:01:20'),(4222,1722,'見積書／納品書／請求書作成',1,'2020-06-04 17:14:14','2020-06-08 13:55:19'),(4232,1722,'調印申請作成',1,'2020-06-04 17:14:14','2020-06-08 14:04:31'),(4242,1722,'契約書一式送付',1,'2020-06-04 17:14:14','2020-06-11 11:48:07'),(4252,412,'台帳に登録',1,'2020-06-04 17:21:27','2020-06-04 17:42:20'),(4262,412,'現場に送付',1,'2020-06-04 17:21:27','2020-06-04 17:42:21'),(4272,1732,'台帳に登録',1,'2020-06-04 17:21:58','2020-06-04 17:39:33'),(4282,1732,'現場に送付',1,'2020-06-04 17:21:58','2020-06-04 17:39:34'),(4292,1742,'茂木副所長に当該物件の型番等確認',1,'2020-06-04 17:30:31','2020-06-04 17:34:28'),(4302,1752,'資金移動',1,'2020-06-08 09:29:54','2020-06-08 10:52:00'),(4332,1752,'郵便物処理',1,'2020-06-08 09:29:54','2020-06-08 14:04:50'),(4342,1752,'調印処理',1,'2020-06-08 09:29:54','2020-06-08 17:27:47'),(4352,1752,'ワークフロー処理',1,'2020-06-08 09:29:54','2020-06-08 17:28:00'),(4362,1752,'メール処理',1,'2020-06-08 09:29:54','2020-06-08 17:46:25'),(4372,1752,'タスク整理',1,'2020-06-08 09:29:54','2020-06-08 18:26:29'),(4382,662,'検収完了報告書確認',1,'2020-06-08 09:34:11','2020-06-08 11:08:07'),(4392,662,'調印申請作成（契約書）',1,'2020-06-08 09:34:11','2020-06-08 11:53:03'),(4402,1712,'再見積送付',1,'2020-06-08 10:34:38','2020-06-08 10:36:31'),(4412,1762,'連結財務諸表（2020年1月期）',1,'2020-06-08 11:41:01','2020-06-08 11:42:25'),(4422,1332,'現場に送付',1,'2020-06-08 14:08:08','2020-06-08 14:08:10'),(4432,1782,'福田課長に実行を連絡',1,'2020-06-08 17:52:18','2020-06-09 09:46:24'),(4442,1742,'NECキャピタルソリューションに移動の連絡',1,'2020-06-08 17:56:23','2020-06-11 16:17:46'),(4452,1802,'決算書（勘定科目明細含む）',1,'2020-06-08 17:59:39','2020-06-09 13:50:14'),(4462,1802,'法人税申告書控 別表十六',1,'2020-06-08 17:59:39','2020-06-09 13:50:14'),(4472,1802,'金融機関別借入残高表',1,'2020-06-08 17:59:39','2020-06-09 13:50:15'),(4482,1802,'減価償却に関する資料',1,'2020-06-08 17:59:40','2020-06-09 13:50:15'),(4492,1802,'従業員数に関する情報',1,'2020-06-08 17:59:40','2020-06-09 13:50:17'),(4502,1832,'富士たまご決算書（2020年1月期）',1,'2020-06-08 18:12:40','2020-06-09 13:39:22'),(4512,1832,'千葉孵化場決算書（2020年1月期）',1,'2020-06-08 18:12:40','2020-06-09 13:39:23'),(4522,1832,'月次資料（2020年4月）',1,'2020-06-08 18:12:41','2020-06-09 13:39:23'),(4532,1852,'満了処理シート作成',0,'2020-06-08 18:21:17','2020-06-08 18:21:17'),(4542,1852,'満了通知確認／突合',0,'2020-06-08 18:21:17','2020-06-08 18:21:17'),(4552,1852,'各事業所責任者確認',0,'2020-06-08 18:21:17','2020-06-08 18:21:17'),(4562,1852,'満了通知コピー',0,'2020-06-08 18:21:17','2020-06-08 18:21:17'),(4572,1852,'依頼書と満了通知をPDF化',0,'2020-06-08 18:21:17','2020-06-08 18:21:17'),(4582,1862,'エッグドリーム八千代',1,'2020-06-08 18:28:19','2020-06-09 13:59:51'),(4592,1862,'森屋農場',1,'2020-06-08 18:28:20','2020-06-12 15:13:40'),(4602,1872,'資金移動',1,'2020-06-09 09:08:35','2020-06-09 10:52:19'),(4612,1872,'ヒヨコのエサ支払確認',1,'2020-06-09 09:08:35','2020-06-09 13:33:26'),(4632,1872,'郵便物処理',1,'2020-06-09 09:08:35','2020-06-09 13:33:30'),(4642,1872,'調印処理',1,'2020-06-09 09:08:35','2020-06-09 16:19:57'),(4652,1872,'ワークフロー処理',1,'2020-06-09 09:08:35','2020-06-09 16:21:04'),(4662,1872,'メール処理',1,'2020-06-09 09:08:35','2020-06-09 16:29:21'),(4672,1872,'タスク整理',1,'2020-06-09 09:08:35','2020-06-09 16:48:44'),(4682,1792,'松原さんにどうするか相談',1,'2020-06-09 09:46:53','2020-06-09 11:12:24'),(4692,1792,'SMFL本間さんに回答',1,'2020-06-09 11:03:53','2020-06-09 11:25:17'),(4702,1792,'修正した仕入先別集計表を送付',1,'2020-06-09 11:25:34','2020-06-09 11:39:57'),(4712,1792,'松原さん他に詳しいスキーム／金額をメールで説明',1,'2020-06-09 11:26:28','2020-06-09 11:49:23'),(4722,482,'満了通知を送付（メール）',1,'2020-06-09 12:05:46','2020-06-11 09:44:16'),(4732,522,'調印',1,'2020-06-09 12:06:18','2020-06-09 16:21:13'),(4742,532,'調印',1,'2020-06-09 12:06:27','2020-06-09 16:21:17'),(4752,1902,'連結財務諸表（2020年1月期）',1,'2020-06-09 15:04:19','2020-06-09 16:19:36'),(4762,1912,'申請書作成／送付',1,'2020-06-09 16:34:00','2020-06-10 18:28:07'),(4772,1912,'現場にカードを送付',1,'2020-06-09 16:34:02','2020-06-30 13:41:51'),(4782,1932,'印鑑証明書（イセ食品）×1',1,'2020-06-09 16:42:50','2020-06-09 17:08:55'),(4792,1942,'決算書（イセ食品、49期、BS/PLのみ）×1',1,'2020-06-09 16:46:30','2020-06-10 16:27:45'),(4802,662,'調印',1,'2020-06-09 17:06:55','2020-06-10 10:27:29'),(4812,662,'JA三井リース・福井さんに連絡',1,'2020-06-09 17:06:55','2020-06-10 10:27:30'),(4822,1952,'資金移動',1,'2020-06-10 09:15:57','2020-06-10 09:42:37'),(4832,1952,'ヒヨコのエサ支払確認',1,'2020-06-10 09:15:57','2020-06-10 13:27:23'),(4852,1952,'郵便物処理',1,'2020-06-10 09:15:57','2020-06-10 16:14:09'),(4862,1952,'調印処理',1,'2020-06-10 09:15:57','2020-06-10 14:56:30'),(4872,1952,'ワークフロー処理',1,'2020-06-10 09:15:57','2020-06-10 16:43:36'),(4882,1952,'メール処理',1,'2020-06-10 09:15:57','2020-06-10 17:48:44'),(4892,1952,'タスク整理',1,'2020-06-10 09:15:57','2020-06-10 17:48:45'),(4902,1962,'あおぞらに一覧表を送付',1,'2020-06-10 09:17:29','2020-06-10 09:47:10'),(4912,1962,'米田先生（179,622円）',1,'2020-06-10 09:17:29','2020-06-10 13:17:48'),(4922,522,'書類受け渡し（6/12）',1,'2020-06-10 09:53:05','2020-06-16 16:25:59'),(4932,522,'支払日確認',1,'2020-06-10 09:53:06','2020-06-17 16:09:12'),(4942,522,'支払エビデンス確認',0,'2020-06-10 09:53:06','2020-06-10 09:53:06'),(4952,532,'書類受け渡し（6/12）',1,'2020-06-10 09:53:11','2020-06-16 16:26:05'),(4962,532,'支払日確認',1,'2020-06-10 09:53:12','2020-06-17 16:09:26'),(4972,532,'支払エビデンス確認',0,'2020-06-10 09:53:12','2020-06-10 09:53:12'),(4982,1962,'㈱プライム下館工務店（21,546,000円、井戸工事完成）',1,'2020-06-10 10:19:57','2020-06-10 13:26:29'),(4992,662,'支払依頼書作成',1,'2020-06-10 10:41:26','2020-06-11 15:27:40'),(5002,662,'書類整理／登録／通知（張係長、山本さん、大浪工場長、十河部長、新島課長代理）',1,'2020-06-10 10:41:26','2020-06-11 15:46:24'),(5012,1972,'振込依頼書取ってくる',1,'2020-06-10 11:11:46','2020-06-10 14:53:55'),(5022,1982,'大畑認印＠4U銀座',1,'2020-06-10 11:30:15','2020-06-10 14:54:46'),(5032,1982,'原田認印＠4U銀座',1,'2020-06-10 11:30:16','2020-06-10 14:54:46'),(5042,1962,'小野次長にプライム下館の支払エビデンス送付（メール）',1,'2020-06-10 12:46:36','2020-06-10 13:26:29'),(5052,1972,'イセ食品（4,400,828円）',1,'2020-06-10 13:10:51','2020-06-10 14:53:55'),(5062,1972,'イセ・アセアン（5,105円）',1,'2020-06-10 13:10:52','2020-06-10 14:53:55'),(5072,1972,'EGGパワー第三（2,144円）',1,'2020-06-10 13:10:52','2020-06-10 14:53:55'),(5082,1972,'田町物産（79,832円）',0,'2020-06-10 13:10:52','2020-06-10 13:10:52'),(5092,1972,'イセ食品デリカ（89,811円）',1,'2020-06-10 13:10:52','2020-06-10 14:53:56'),(5102,1992,'現場に確認',1,'2020-06-10 15:02:03','2020-06-10 15:11:10'),(5112,1992,'ぐんぎんリース・富田さんに返信',1,'2020-06-10 15:02:03','2020-06-10 15:15:33'),(5122,1992,'事業所視察申請',1,'2020-06-10 15:15:17','2020-06-10 15:51:47'),(5132,2002,'グループ土地明細（2020年1月期）（八木さんに問い合わせ）',1,'2020-06-10 15:16:41','2020-06-22 11:28:58'),(5142,2012,'JA三井リースアセット カワカミ様に処分方法について連絡（03-6775-3732）',1,'2020-06-10 15:21:48','2020-06-10 15:36:30'),(5152,2012,'矢木工場長にスキームについて連絡',1,'2020-06-10 15:21:48','2020-06-10 15:38:22'),(5162,2012,'廃棄マニフェスト確認',0,'2020-06-10 15:21:48','2020-06-10 15:21:48'),(5172,662,'書類受け渡し',1,'2020-06-10 15:56:04','2020-06-10 16:10:38'),(5182,2022,'申請書作成／送付',1,'2020-06-10 16:51:13','2020-06-10 18:35:37'),(5192,2022,'現場にカードを送付',1,'2020-06-10 16:51:13','2020-06-30 13:41:59'),(5202,2042,'月次資料（2020年1月期）',0,'2020-06-10 18:01:40','2020-06-10 18:01:40'),(5212,2052,'資金移動',1,'2020-06-11 09:11:22','2020-06-11 09:13:15'),(5222,2052,'ヒヨコのエサ支払確認',1,'2020-06-11 09:11:22','2020-06-11 09:15:16'),(5242,2052,'郵便物処理',1,'2020-06-11 09:11:22','2020-06-11 15:50:17'),(5252,2052,'調印処理',1,'2020-06-11 09:11:22','2020-06-11 16:06:20'),(5262,2052,'ワークフロー処理',1,'2020-06-11 09:11:22','2020-06-11 16:21:15'),(5272,2052,'メール処理',1,'2020-06-11 09:11:22','2020-06-11 17:49:23'),(5282,2052,'タスク整理',1,'2020-06-11 09:11:22','2020-06-11 18:04:04'),(5292,2082,'あおぞらに一覧表送付',0,'2020-06-11 09:49:37','2020-06-11 09:49:37'),(5302,2082,'支払処理①（支払先、金額）',0,'2020-06-11 09:49:37','2020-06-11 09:50:57'),(5312,2082,'あおぞらに完了連絡',0,'2020-06-11 09:49:38','2020-06-11 09:49:38'),(5322,2092,'あおぞらに一覧表送付',1,'2020-06-11 09:49:52','2020-06-11 10:54:03'),(5332,2092,'支払処理①（小口現金、350,000円）',1,'2020-06-11 09:49:52','2020-06-11 12:30:53'),(5342,2092,'あおぞらに完了連絡',1,'2020-06-11 09:49:52','2020-06-11 12:30:54'),(5352,482,'満了通知原本を送付',1,'2020-06-11 10:02:10','2020-06-11 10:04:17'),(5362,1102,'支払依頼書作成',1,'2020-06-11 11:44:15','2020-06-11 16:33:28'),(5372,1102,'書類整理／登録／収納',1,'2020-06-11 11:44:15','2020-06-11 17:04:36'),(5382,1722,'支払依頼書作成',1,'2020-06-11 11:44:20','2020-06-11 17:22:47'),(5392,1722,'書類整理／登録／収納',1,'2020-06-11 11:44:20','2020-06-11 17:22:48'),(5402,2102,'連結：売掛の増加（465M円）、買掛の減少（2,234M円）',0,'2020-06-11 18:00:03','2020-06-11 18:00:03'),(5412,2102,'連結：固定資産増加要因（土地：1,531M円、建物：4,190M円、構築物：403M円）',0,'2020-06-11 18:00:03','2020-06-11 18:00:03'),(5422,2102,'連結：貸付金減少要因（3,822M円）',0,'2020-06-11 18:00:04','2020-06-11 18:00:04'),(5432,2102,'連結：鶏卵売上減少要因（1,068M円）',1,'2020-06-11 18:00:04','2020-06-15 13:27:02'),(5442,2102,'連結：通常卵／特殊卵／その他鶏卵／液卵の各売上高／販売量',1,'2020-06-11 18:00:05','2020-06-12 11:47:33'),(5452,2102,'連結：卵価安定基金の補填金はどこに反映されているか',0,'2020-06-11 18:00:06','2020-06-11 18:00:06'),(5462,2102,'連結：営業外収益雑収入（2,007M円）の内訳',0,'2020-06-11 18:00:06','2020-06-11 18:00:06'),(5472,2102,'連結：株主資本等変動計算書の企業結合による増加（10M円）',0,'2020-06-11 18:00:07','2020-06-11 18:00:07'),(5482,2102,'連結：富士たまごは連結対象か',1,'2020-06-11 18:00:07','2020-06-12 11:48:07'),(5492,2102,'イセ食品：売掛金増加要因（820M円）',0,'2020-06-11 18:00:08','2020-06-11 18:00:08'),(5502,2102,'イセ食品：ソフトウェア仮勘定（807M円）内訳',1,'2020-06-11 18:00:08','2020-06-12 11:45:33'),(5512,2102,'イセ食品：原材料仕入高増加要因（1,429M円）',0,'2020-06-11 18:00:08','2020-06-11 18:00:08'),(5522,2102,'イセ食品：営業外収益雑収入の森屋農場火災、卵質悪化補填とはなにか',1,'2020-06-11 18:00:09','2020-06-15 16:35:51'),(5532,2102,'イセファーム：建設仮勘定（656M円）内訳',0,'2020-06-11 18:00:09','2020-06-11 18:00:09'),(5542,2102,'イセファーム：2期連続赤字の要因',0,'2020-06-11 18:00:09','2020-06-11 18:00:09'),(5552,2102,'伊勢農場：赤字幅拡大の要因',0,'2020-06-11 18:00:10','2020-06-11 18:00:10'),(5562,2102,'森屋農場：売上／利益の減少要因',0,'2020-06-11 18:00:10','2020-06-11 18:00:10'),(5572,2102,'かすみがうら農場：雑収入の期首棚卸（246M円）の内訳',0,'2020-06-11 18:00:11','2020-06-11 18:00:11'),(5582,2112,'登記簿謄本（イセ・アセアン）×1',1,'2020-06-11 18:03:06','2020-06-11 18:03:26'),(5592,2112,'決算書（2018年1月期）',1,'2020-06-11 18:03:08','2020-06-12 10:48:09'),(5602,2112,'決算書（2019年1月期）',1,'2020-06-11 18:03:08','2020-06-12 10:48:11'),(5612,2112,'決算書（2020年1月期）',0,'2020-06-11 18:03:09','2020-06-12 10:48:03'),(5622,2122,'資金移動',1,'2020-06-12 09:09:55','2020-06-12 09:50:57'),(5652,2122,'郵便物処理',1,'2020-06-12 09:09:55','2020-06-12 15:34:21'),(5662,2122,'調印処理',1,'2020-06-12 09:09:55','2020-06-12 15:58:33'),(5672,2122,'ワークフロー処理',1,'2020-06-12 09:09:55','2020-06-12 16:00:15'),(5682,2122,'メール処理',1,'2020-06-12 09:09:55','2020-06-12 18:14:27'),(5692,2122,'タスク整理',1,'2020-06-12 09:09:55','2020-06-12 18:24:32'),(5702,2102,'イセ食品：長期繰延税金試算の増加要因（685M円）',0,'2020-06-12 11:44:05','2020-06-12 11:44:05'),(5712,1992,'富田さんに確認連絡',1,'2020-06-12 15:59:50','2020-06-12 16:42:20'),(5722,1992,'大浪工場長にお礼の電話',1,'2020-06-12 15:59:50','2020-06-12 16:42:21'),(5732,1352,'各責任者にメールで送付',1,'2020-06-12 16:01:59','2020-06-12 17:45:27'),(5742,2132,'後藤さんに書類の催促',1,'2020-06-12 16:20:30','2020-06-12 17:34:15'),(5752,1352,'ファームパッカー（33045745、美野里PK）についてぐんぎんリース・冨田さんに確認メール',1,'2020-06-12 16:44:59','2020-06-12 16:46:57'),(5762,2142,'見積依頼',1,'2020-06-12 18:11:17','2020-06-12 18:12:55'),(5782,2172,'イセファーム東北　1,322,475円',1,'2020-06-12 18:20:47','2020-06-12 19:30:14'),(5792,2172,'EGGパワー第三　729,410円',1,'2020-06-12 18:20:47','2020-06-12 19:30:14'),(5802,2172,'EGGパワー第六　140,800円',1,'2020-06-12 18:20:47','2020-06-12 19:30:15'),(5812,2172,'ISEエネルギー　550,000円',1,'2020-06-12 18:20:48','2020-06-12 19:30:15'),(5822,2172,'イセファーム・ソーラー　1,228,700円',1,'2020-06-12 18:20:48','2020-06-12 19:30:15'),(5832,2182,'イセファーム東北　1,322,475円',0,'2020-06-12 18:20:58','2020-06-12 18:20:58'),(5842,2182,'EGGパワー第三　729,410円',0,'2020-06-12 18:20:58','2020-06-12 18:20:58'),(5852,2182,'EGGパワー第六　140,800円',0,'2020-06-12 18:20:58','2020-06-12 18:20:58'),(5862,2182,'ISEエネルギー　550,000円',0,'2020-06-12 18:20:58','2020-06-12 18:20:58'),(5872,2182,'イセファーム・ソーラー　1,228,700円',0,'2020-06-12 18:20:58','2020-06-12 18:20:58'),(5932,2212,'資金移動',1,'2020-06-15 09:09:38','2020-06-15 09:33:17'),(5942,2212,'ヒヨコのエサ支払確認',1,'2020-06-15 09:09:38','2020-06-15 10:18:21'),(5952,2212,'人事異動確認入力',1,'2020-06-15 09:09:38','2020-06-15 10:08:30'),(5962,2212,'郵便物処理',1,'2020-06-15 09:09:38','2020-06-15 15:38:41'),(5972,2212,'調印処理',1,'2020-06-15 09:09:38','2020-06-15 16:23:24'),(5982,2212,'ワークフロー処理',1,'2020-06-15 09:09:38','2020-06-15 15:38:54'),(5992,2212,'メール処理',1,'2020-06-15 09:09:38','2020-06-15 19:49:57'),(6002,2212,'タスク整理',1,'2020-06-15 09:09:38','2020-06-15 19:51:42'),(6012,2222,'秘密保持契約書×2',0,'2020-06-15 09:45:28','2020-06-15 09:45:28'),(6022,2232,'資金移動',1,'2020-06-16 09:11:05','2020-06-16 10:17:32'),(6032,2232,'ヒヨコのエサ支払確認',1,'2020-06-16 09:11:05','2020-06-16 10:09:00'),(6052,2232,'郵便物処理',1,'2020-06-16 09:11:05','2020-06-16 14:24:37'),(6062,2232,'調印処理',1,'2020-06-16 09:11:05','2020-06-16 16:11:51'),(6072,2232,'ワークフロー処理',1,'2020-06-16 09:11:05','2020-06-16 14:25:26'),(6082,2232,'メール処理',1,'2020-06-16 09:11:05','2020-06-16 17:17:24'),(6092,2232,'タスク整理',1,'2020-06-16 09:11:05','2020-06-16 17:17:25'),(6102,1782,'調印申請作成',1,'2020-06-16 16:24:50','2020-06-17 11:42:03'),(6112,1782,'支払依頼書作成',1,'2020-06-16 16:24:51','2020-06-17 11:45:38'),(6122,1782,'書類整理／登録',1,'2020-06-16 16:24:51','2020-06-22 11:01:56'),(6132,1792,'調印申請作成',1,'2020-06-16 16:25:42','2020-06-17 13:13:35'),(6142,1792,'支払依頼書作成',1,'2020-06-16 16:25:42','2020-06-17 13:19:52'),(6152,1792,'書類整理／登録',1,'2020-06-16 16:25:42','2020-06-22 11:12:24'),(6162,2142,'現場に見積を送付',1,'2020-06-16 16:35:32','2020-06-16 18:43:09'),(6172,2262,'申請書作成／送付',1,'2020-06-16 16:40:04','2020-06-17 11:16:18'),(6182,2012,'調印申請作成（リース物件廃棄手続承認書）',0,'2020-06-16 16:40:57','2020-06-16 16:40:57'),(6192,2272,'委任状 ×2',0,'2020-06-16 16:51:01','2020-06-16 16:51:01'),(6202,2282,'借入要項変更契約証書 ×1（イセ食品実印、会長実印、200円印紙）',0,'2020-06-16 16:55:26','2020-06-16 16:55:26'),(6212,2282,'融資取引に関する説明確認書 兼 受領書 ×1（イセ食品実印）',0,'2020-06-16 16:55:26','2020-06-16 16:55:26'),(6222,2282,'借入条件変更申込書×1（イセ食品実印）',0,'2020-06-16 16:55:26','2020-06-16 16:55:26'),(6232,2302,'請求書をスキャン（200dpi、B5+5mm）',1,'2020-06-16 17:12:06','2020-06-19 13:37:03'),(6242,2302,'明細表（エクセル）を張係長に転送',1,'2020-06-16 17:12:06','2020-06-19 13:10:36'),(6252,2302,'請求書PDFを各担当者に送付',1,'2020-06-16 17:12:06','2020-06-19 13:37:05'),(6262,2312,'あおぞら銀行に手形を注文',1,'2020-06-16 17:42:23','2020-06-16 18:09:25'),(6272,2322,'資金移動',1,'2020-06-17 09:22:44','2020-06-17 09:25:05'),(6282,2322,'ヒヨコのエサ支払確認',1,'2020-06-17 09:22:44','2020-06-17 10:09:03'),(6302,2322,'郵便物処理',1,'2020-06-17 09:22:44','2020-06-17 13:29:48'),(6312,2322,'調印処理',1,'2020-06-17 09:22:44','2020-06-17 14:26:39'),(6322,2322,'ワークフロー処理',1,'2020-06-17 09:22:44','2020-06-17 15:22:55'),(6332,2322,'メール処理',1,'2020-06-17 09:22:44','2020-06-17 15:50:30'),(6342,2322,'タスク整理',1,'2020-06-17 09:22:44','2020-06-17 15:50:31'),(6352,2332,'担保受戻証×1（伊勢農場実印）',0,'2020-06-17 09:24:53','2020-06-17 09:24:53'),(6362,2262,'現場に送付',1,'2020-06-17 11:16:20','2020-06-30 10:43:50'),(6372,1782,'支払依頼書作成（イセファーム→はやま）',1,'2020-06-17 11:38:33','2020-06-17 11:48:46'),(6382,1782,'支払依頼書作成（イセファーム→千葉孵化場）',1,'2020-06-17 11:38:33','2020-06-17 11:48:46'),(6392,1792,'支払依頼書作成（イセファーム→イセファーム東北）',1,'2020-06-17 13:07:53','2020-06-17 13:19:52'),(6402,2352,'手形用紙受取書×1（富士たまご 実印）',0,'2020-06-17 14:12:32','2020-06-17 14:12:32'),(6412,1742,'調印申請作成：設置場所変更届',0,'2020-06-17 14:35:02','2020-06-17 14:35:02'),(6422,1742,'移動予定年月日確認（岡山液卵：矢木工場長）',1,'2020-06-17 14:36:46','2020-06-17 15:49:59'),(6432,1542,'退会書類作成／送付',1,'2020-06-17 14:37:54','2020-06-17 15:16:46'),(6442,372,'退会書類作成／送付',1,'2020-06-17 14:39:31','2020-06-17 15:17:06'),(6452,2142,'SMFLに再リースで連絡（FAX、メール））',1,'2020-06-17 14:40:40','2020-06-17 15:47:52'),(6462,2362,'①イセ食品',1,'2020-06-17 14:53:54','2020-06-17 16:42:32'),(6472,2362,'②イセ㈱（2019年7月期）',1,'2020-06-17 14:53:54','2020-06-17 16:49:38'),(6482,2362,'③イセヒヨコ',1,'2020-06-17 14:53:54','2020-06-17 17:04:58'),(6492,2362,'④イセファーム',1,'2020-06-17 14:53:54','2020-06-17 17:10:04'),(6502,2362,'⑤イセファーム東北',1,'2020-06-17 14:53:54','2020-06-17 17:10:40'),(6512,2362,'⑥つくばファーム',1,'2020-06-17 14:53:54','2020-06-17 17:11:11'),(6522,2362,'⑦美咲ファーム',1,'2020-06-17 14:53:54','2020-06-17 17:14:00'),(6532,2362,'⑧伊勢農場',1,'2020-06-17 14:53:54','2020-06-17 17:14:00'),(6542,2362,'⑨九州たまご',1,'2020-06-17 14:53:54','2020-06-17 17:14:42'),(6552,2362,'⑩トーチク',1,'2020-06-17 14:53:54','2020-06-17 17:14:42'),(6562,2362,'⑪森屋農場',1,'2020-06-17 14:53:54','2020-06-17 17:15:15'),(6572,2362,'⑫千葉孵化場',1,'2020-06-17 14:53:54','2020-06-17 17:16:33'),(6582,2362,'⑬かすみがうら農場',1,'2020-06-17 14:53:54','2020-06-17 17:16:01'),(6592,2362,'⑭はやま農場',1,'2020-06-17 14:53:54','2020-06-17 17:17:14'),(6602,2362,'⑮新ひたちファーム',1,'2020-06-17 14:53:54','2020-06-17 17:17:14'),(6612,2362,'⑯エッグドリーム八千代',1,'2020-06-17 14:53:54','2020-06-17 17:17:48'),(6622,2362,'連結財務諸表（2020年1月期）',1,'2020-06-17 14:54:41','2020-06-17 17:17:49'),(6632,2372,'イセ食品試算表（2020年4月期）',1,'2020-06-17 14:59:22','2020-06-19 13:43:51'),(6642,2372,'イセ㈱試算表（2020年4月期）',1,'2020-06-17 14:59:22','2020-06-19 13:43:52'),(6652,2372,'イセファーム試算表（2020年4月期）',1,'2020-06-17 14:59:22','2020-06-19 13:43:52'),(6662,2382,'資金移動',1,'2020-06-19 09:19:38','2020-06-19 09:48:14'),(6692,2382,'郵便物処理',1,'2020-06-19 09:19:38','2020-06-19 14:45:48'),(6702,2382,'調印処理',1,'2020-06-19 09:19:38','2020-06-19 16:57:34'),(6712,2382,'ワークフロー処理',1,'2020-06-19 09:19:38','2020-06-19 17:51:14'),(6722,2382,'メール処理',1,'2020-06-19 09:19:38','2020-06-19 17:51:14'),(6732,2382,'タスク整理',1,'2020-06-19 09:19:38','2020-06-19 18:59:05'),(6742,2392,'給与資料問い合わせ',1,'2020-06-19 09:21:59','2020-06-19 10:52:50'),(6752,2392,'チェック',1,'2020-06-19 09:21:59','2020-06-22 14:00:35'),(6762,2392,'総合振込入力',1,'2020-06-19 09:21:59','2020-06-22 14:00:36'),(6772,2392,'払戻請求書準備（給与／手数料）',1,'2020-06-19 09:21:59','2020-06-22 18:16:03'),(6782,2392,'金額の最終チェック',1,'2020-06-19 09:21:59','2020-06-22 17:14:56'),(6792,2392,'承認されたかチェック',1,'2020-06-19 09:21:59','2020-06-23 11:37:33'),(6802,2402,'イセ㈱試算表（2020年4月期）：富山に依頼',1,'2020-06-19 10:39:34','2020-06-19 10:44:56'),(6812,2402,'メールで送付',1,'2020-06-19 10:39:34','2020-06-19 13:42:02'),(6822,2412,'給与資料確認',1,'2020-06-19 10:56:39','2020-06-22 18:25:59'),(6832,2412,'払戻請求書作成／送付（通帳も）',1,'2020-06-19 10:56:39','2020-06-23 10:39:32'),(6842,2412,'資金入金',1,'2020-06-19 10:56:39','2020-06-24 09:45:22'),(6852,2412,'スケジュール確認',1,'2020-06-19 10:57:13','2020-06-19 11:07:27'),(6862,2422,'金額確認',1,'2020-06-19 11:08:31','2020-06-19 11:08:49'),(6872,2422,'伝票作成／送付',1,'2020-06-19 11:08:31','2020-06-23 10:39:39'),(6882,2442,'イセファーム決算書（2020年1月期）',1,'2020-06-19 17:56:01','2020-06-19 19:10:22'),(6892,2442,'美咲ファーム決算書（2020年1月期）',1,'2020-06-19 17:56:02','2020-06-19 19:10:37'),(6902,2442,'イセ㈱決算書（2019年7月期）',1,'2020-06-19 17:56:02','2020-06-19 19:11:35'),(6912,2442,'トーチク決算書（2020年1月期）',1,'2020-06-19 17:56:02','2020-06-19 19:12:39'),(6922,2442,'新ひたちファーム決算書（2020年1月期）',1,'2020-06-19 17:56:02','2020-06-19 19:14:01'),(6932,2442,'九州たまご決算書（2020年1月期）',1,'2020-06-19 17:56:03','2020-06-19 19:14:01'),(6942,2462,'川島係長に調印申請作成を依頼',1,'2020-06-19 18:02:47','2020-06-19 18:02:54'),(6982,2482,'支払チェック',1,'2020-06-19 18:14:25','2020-06-19 18:15:48'),(6992,2482,'IB設定',1,'2020-06-19 18:14:25','2020-06-19 18:14:25'),(7002,2482,'払戻請求書作成／送付',1,'2020-06-19 18:14:25','2020-06-19 18:14:25'),(7012,2482,'グループ向けを分離',1,'2020-06-19 18:14:25','2020-06-19 18:14:25'),(7022,2482,'新規取引先口座確認',1,'2020-06-19 18:14:25','2020-06-19 18:14:25'),(7032,2482,'最終チェック／承認',1,'2020-06-19 18:14:25','2020-06-19 18:14:25'),(7042,2482,'資金入金',1,'2020-06-19 18:14:25','2020-06-19 18:14:25'),(7052,2492,'支払チェック',1,'2020-06-19 18:16:17','2020-06-23 14:33:28'),(7062,2492,'IB設定',1,'2020-06-19 18:16:17','2020-06-23 13:49:04'),(7072,2492,'払戻請求書作成／送付',1,'2020-06-19 18:16:17','2020-06-23 14:59:25'),(7082,2492,'グループ向けを分離',1,'2020-06-19 18:16:17','2020-06-23 13:49:03'),(7092,2492,'新規取引先口座確認（25日）→修正',1,'2020-06-19 18:16:17','2020-06-25 13:55:26'),(7102,2492,'最終チェック／承認',1,'2020-06-19 18:16:17','2020-06-25 13:55:27'),(7112,2492,'資金入金',1,'2020-06-19 18:16:17','2020-06-29 14:10:01'),(7122,2502,'資金移動',1,'2020-06-22 09:08:19','2020-06-22 09:08:36'),(7132,2502,'ヒヨコのエサ支払確認',1,'2020-06-22 09:08:19','2020-06-22 09:44:06'),(7152,2502,'郵便物処理',1,'2020-06-22 09:08:20','2020-06-22 14:06:52'),(7162,2502,'調印処理',1,'2020-06-22 09:08:20','2020-06-22 14:49:55'),(7172,2502,'ワークフロー処理',1,'2020-06-22 09:08:20','2020-06-22 15:51:41'),(7182,2502,'メール処理',1,'2020-06-22 09:08:20','2020-06-22 19:07:59'),(7192,2502,'タスク整理',1,'2020-06-22 09:08:20','2020-06-22 19:11:47'),(7202,2512,'あおぞらに一覧表送付',1,'2020-06-22 09:08:47','2020-06-22 09:52:38'),(7212,2512,'支払処理①（富士たまご、小口、350,000円）',1,'2020-06-22 09:08:47','2020-06-22 11:20:56'),(7222,2512,'あおぞらに完了連絡',1,'2020-06-22 09:08:47','2020-06-22 11:20:57'),(7232,2522,'補助金の振り込まれた口座の通帳コピー（振込日：2020年3月30日）',0,'2020-06-22 09:25:15','2020-06-22 09:25:15'),(7242,2532,'新ひたちファームの返済（りそな、筑波）',0,'2020-06-22 09:28:05','2020-06-22 09:28:05'),(7252,2542,'申請書作成',1,'2020-06-22 10:19:16','2020-06-22 10:19:48'),(7262,2542,'送付',1,'2020-06-22 10:19:16','2020-06-22 14:14:37'),(7272,2432,'申請書作成',1,'2020-06-22 10:19:32','2020-06-22 10:24:25'),(7282,2432,'送付',1,'2020-06-22 10:19:33','2020-06-22 14:16:27'),(7292,2552,'申請書作成',1,'2020-06-22 10:19:44','2020-06-22 10:29:21'),(7302,2552,'送付',1,'2020-06-22 10:19:45','2020-06-22 10:29:21'),(7312,2392,'資金入金',1,'2020-06-22 13:41:46','2020-06-24 09:45:24'),(7322,2392,'未確定部分の人の承認状況を確認（△のもの）',1,'2020-06-22 14:01:27','2020-06-22 16:43:06'),(7332,2392,'総合振込分と単独支払分のリスト作成',1,'2020-06-22 14:01:28','2020-06-22 16:52:09'),(7342,952,'「給与振込依頼書」の承認状況確認',0,'2020-06-22 14:04:01','2020-06-22 14:04:01'),(7352,952,'総合振込分と単独支払分のリスト作成',0,'2020-06-22 14:04:02','2020-06-22 14:04:02'),(7362,952,'IB入力',0,'2020-06-22 14:04:03','2020-06-22 14:04:03'),(7372,952,'払戻請求書準備（給与本体／手数料）',0,'2020-06-22 14:04:04','2020-06-22 14:04:04'),(7382,952,'金額の最終チェック',0,'2020-06-22 14:04:05','2020-06-22 14:04:05'),(7392,952,'承認依頼とチェック',0,'2020-06-22 14:04:05','2020-06-22 14:04:05'),(7402,952,'資金入金',0,'2020-06-22 14:04:06','2020-06-22 14:04:06'),(7412,2612,'申請書作成',1,'2020-06-22 15:04:04','2020-06-22 15:37:31'),(7422,2612,'送付',1,'2020-06-22 15:04:04','2020-06-22 15:37:31'),(7432,2622,'申請書作成',1,'2020-06-22 15:07:26','2020-06-22 15:20:23'),(7442,2622,'送付',1,'2020-06-22 15:07:26','2020-06-22 15:20:24'),(7452,2632,'申請書作成',1,'2020-06-22 15:11:32','2020-06-22 15:28:32'),(7462,2632,'送付',1,'2020-06-22 15:11:32','2020-06-22 15:28:33'),(7472,2652,'資金移動',1,'2020-06-23 09:03:07','2020-06-23 09:25:00'),(7482,2652,'ヒヨコのエサ支払確認',1,'2020-06-23 09:03:07','2020-06-23 15:46:21'),(7502,2652,'郵便物処理',1,'2020-06-23 09:03:07','2020-06-23 15:24:50'),(7512,2652,'調印処理',1,'2020-06-23 09:03:07','2020-06-23 18:15:43'),(7522,2652,'ワークフロー処理',1,'2020-06-23 09:03:07','2020-06-23 15:46:30'),(7532,2652,'メール処理',1,'2020-06-23 09:03:07','2020-06-23 19:13:16'),(7542,2652,'タスク整理',1,'2020-06-23 09:03:07','2020-06-23 19:13:17'),(7552,2412,'伝票注文',1,'2020-06-23 10:21:06','2020-06-23 10:39:34'),(7562,2412,'25日付けの資金移動作成',1,'2020-06-23 10:21:06','2020-06-24 14:14:44'),(7572,2422,'資金入金',1,'2020-06-23 10:33:56','2020-06-24 09:45:29'),(7582,2392,'総合振込修正',1,'2020-06-23 10:40:12','2020-06-23 11:15:49'),(7592,2392,'伝票修正',1,'2020-06-23 10:40:12','2020-06-23 11:15:49'),(7602,2392,'伝票送付',1,'2020-06-23 10:40:13','2020-06-23 11:15:52'),(7612,2672,'あおぞらに一覧表送付',1,'2020-06-23 15:15:23','2020-06-26 09:39:46'),(7622,2672,'支払処理①（給与5件）',1,'2020-06-23 15:15:23','2020-06-26 10:33:51'),(7642,2672,'支払処理②（イセ㈱、45,377,987円）',1,'2020-06-23 15:19:30','2020-06-26 13:27:53'),(7652,2672,'支払処理③（イセ食品 三菱日暮里、1,645,714円）',1,'2020-06-23 15:19:31','2020-06-26 13:19:23'),(7662,2672,'支払処理④（イセ食品 群馬鴻巣、257,901円）',1,'2020-06-23 15:19:31','2020-06-26 13:27:55'),(7672,2672,'支払処理⑤（伊勢農場、363,502円）',1,'2020-06-23 15:19:32','2020-06-26 13:33:42'),(7682,2672,'支払処理⑥（イセファーム、39,507,915円）',1,'2020-06-23 15:19:32','2020-06-26 13:41:24'),(7692,2672,'支払処理⑦（千葉孵化場、34,701,771円）',1,'2020-06-23 15:19:33','2020-06-26 13:41:25'),(7722,2682,'あおぞらに一覧表送付',0,'2020-06-23 15:20:10','2020-06-23 15:20:10'),(7732,2682,'支払処理①（MonotaRo、184,415円）',0,'2020-06-23 15:20:10','2020-06-23 15:21:21'),(7742,2682,'あおぞらに完了連絡',0,'2020-06-23 15:20:10','2020-06-23 15:20:10'),(7752,2702,'資金移動',1,'2020-06-24 09:21:15','2020-06-24 09:45:52'),(7762,2702,'ヒヨコのエサ支払確認',1,'2020-06-24 09:21:15','2020-06-24 15:41:40'),(7782,2702,'郵便物処理',1,'2020-06-24 09:21:15','2020-06-24 14:24:42'),(7792,2702,'調印処理',1,'2020-06-24 09:21:15','2020-06-24 14:27:02'),(7802,2702,'ワークフロー処理',1,'2020-06-24 09:21:15','2020-06-24 14:27:13'),(7812,2702,'メール処理',1,'2020-06-24 09:21:15','2020-06-24 19:06:33'),(7822,2702,'タスク整理',1,'2020-06-24 09:21:15','2020-06-24 19:53:36'),(7832,2392,'伝票が着いているか確認',1,'2020-06-24 09:41:32','2020-06-24 13:24:15'),(7842,2412,'伝票が着いているか確認',1,'2020-06-24 09:41:46','2020-06-24 13:17:51'),(7852,2422,'伝票が着いているか確認',1,'2020-06-24 09:45:40','2020-06-24 13:17:49'),(7862,2712,'かすみがうら農場 建築見積',1,'2020-06-24 11:17:45','2020-06-24 11:49:22'),(7872,2712,'かすみがうら農場 建築確認済証',1,'2020-06-24 11:17:46','2020-06-24 11:49:22'),(7882,1612,'調印申請作成',1,'2020-06-24 13:46:05','2020-06-24 15:02:28'),(7892,1612,'初回支払請求書を水島部長あてに送付',1,'2020-06-24 13:46:06','2020-06-24 15:13:11'),(7902,1612,'イセファームから美咲ファームへの支払依頼書作成',1,'2020-06-24 13:46:06','2020-06-24 15:24:17'),(7912,1612,'書類整理／登録',0,'2020-06-24 13:46:06','2020-06-24 13:46:06'),(7932,2722,'調印申請作成',1,'2020-06-24 13:49:24','2020-06-24 13:49:24'),(7942,2722,'支払依頼書作成',1,'2020-06-24 13:49:24','2020-06-24 13:49:24'),(7952,2722,'書類整理／登録',1,'2020-06-24 13:49:24','2020-06-24 13:49:24'),(7962,2722,'支払依頼書作成（イセファーム→はやま）',1,'2020-06-24 13:49:24','2020-06-24 13:49:24'),(7972,2722,'支払依頼書作成（イセファーム→千葉孵化場）',1,'2020-06-24 13:49:24','2020-06-24 13:49:24'),(7982,1712,'JA三井リースに社内稟議通った旨連絡',1,'2020-06-24 16:06:26','2020-06-24 16:56:26'),(7992,2732,'あおぞらに一覧表送付',1,'2020-06-24 17:31:39','2020-06-25 13:12:04'),(8002,2732,'支払処理①（神稲建設、277,055,000）',1,'2020-06-24 17:31:39','2020-06-25 13:41:05'),(8022,2732,'総合振込の新規支払先をチェック（7件）',1,'2020-06-24 17:33:02','2020-06-25 13:48:55'),(8042,2732,'あおぞらに完了連絡',1,'2020-06-24 17:33:03','2020-06-25 13:50:07'),(8052,2672,'あおぞらに完了連絡',1,'2020-06-24 17:33:19','2020-06-26 13:44:37'),(8062,2762,'払戻請求書作成／送付',1,'2020-06-24 19:13:47','2020-06-26 16:55:15'),(8072,2762,'越川さんに金額等連絡',1,'2020-06-24 19:13:47','2020-06-29 15:00:37'),(8082,2772,'調印申請作成',1,'2020-06-24 19:37:21','2020-06-26 16:53:34'),(8092,2772,'決裁前に調印',1,'2020-06-24 19:37:21','2020-06-26 14:06:12'),(8102,2772,'PDFをメール',1,'2020-06-24 19:37:21','2020-06-26 16:51:28'),(8112,2772,'原本を郵送',1,'2020-06-24 19:37:22','2020-06-26 16:51:28'),(8122,2782,'神稲の新規分をリストに追加',1,'2020-06-24 19:39:45','2020-06-25 15:12:01'),(8132,2782,'倉本さんに入金日締切日を確認',1,'2020-06-24 19:39:45','2020-06-25 13:16:25'),(8142,2782,'関係者にリストを送付（十河部長、新島課長代理、加々美さん、小野次長、赤池係長）',1,'2020-06-24 19:39:45','2020-06-25 15:36:20'),(8152,2792,'事前通告に基づく申出書（イセ㈱ 実印）×1',1,'2020-06-24 19:42:04','2020-06-29 19:28:13'),(8162,2792,'事前通告に基づく申出書（イセファーム実印）×1',1,'2020-06-24 19:42:06','2020-06-29 19:28:24'),(8172,2802,'コピーを取ってファイリング',0,'2020-06-24 19:44:32','2020-06-24 19:44:32'),(8182,2802,'現場に原本を送付',0,'2020-06-24 19:44:32','2020-06-24 19:44:32'),(8192,2812,'臨時取締役会議事録作成',1,'2020-06-24 19:48:09','2020-06-25 17:48:01'),(8202,2812,'印鑑証明手配（九州たまご ×1）：張係長に依頼 →海老津支店に直送',1,'2020-06-24 19:48:09','2020-06-25 14:24:48'),(8212,2812,'調印申請作成',1,'2020-06-24 19:48:10','2020-06-25 18:07:08'),(8222,2822,'調印申請作成',1,'2020-06-24 19:49:13','2020-06-25 18:50:16'),(8232,2832,'資金移動',1,'2020-06-25 09:07:37','2020-06-25 10:43:20'),(8242,2832,'ヒヨコのエサ支払確認',1,'2020-06-25 09:07:37','2020-06-25 10:01:23'),(8262,2832,'郵便物処理',1,'2020-06-25 09:07:37','2020-06-25 14:29:51'),(8272,2832,'調印処理',1,'2020-06-25 09:07:37','2020-06-25 16:26:01'),(8282,2832,'ワークフロー処理',1,'2020-06-25 09:07:37','2020-06-25 15:41:40'),(8292,2832,'メール処理',1,'2020-06-25 09:07:37','2020-06-25 18:53:29'),(8302,2832,'タスク整理',1,'2020-06-25 09:07:37','2020-06-25 19:23:04'),(8322,2842,'資金繰表作成',1,'2020-06-25 09:09:49','2020-06-25 19:49:11'),(8332,2842,'資金移動依頼作成',1,'2020-06-25 09:09:50','2020-06-25 20:06:05'),(8342,2862,'アイアート×1：立川さんに依頼',1,'2020-06-25 09:59:58','2020-06-25 15:46:00'),(8352,2862,'イセ・アセアン×1：立川さんに依頼',1,'2020-06-25 09:59:58','2020-06-25 15:46:00'),(8362,2732,'十河部長に振込完了連絡',1,'2020-06-25 13:12:31','2020-06-25 13:41:06'),(8372,2782,'あおぞら銀行（倉本さん、大野さん）にリストを送付',1,'2020-06-25 14:02:44','2020-06-25 15:36:21'),(8382,2812,'謄本手配（九州たまご×1）：立川さんに依頼',1,'2020-06-25 14:24:29','2020-06-25 17:48:05'),(8392,1712,'検収予定時期を確認：諸富部長',1,'2020-06-25 16:19:51','2020-06-25 16:21:05'),(8402,2772,'報告書修正（2番を入れる）',1,'2020-06-25 18:17:47','2020-06-26 11:57:23'),(8412,2902,'かすみがうら農場',1,'2020-06-25 19:02:50','2020-06-29 13:46:23'),(8422,2912,'検収完了報告書作成→現場に送付',0,'2020-06-25 19:07:53','2020-06-25 19:07:53'),(8432,2922,'検収完了報告書作成→送付',0,'2020-06-25 19:11:19','2020-06-25 19:11:19'),(8452,2942,'三菱UFJ銀行・後藤さんに送付',1,'2020-06-25 19:22:40','2020-06-26 16:51:07'),(8462,2862,'発送処理',1,'2020-06-26 09:25:15','2020-06-26 09:25:19'),(8472,2962,'資金移動',1,'2020-06-26 09:27:11','2020-06-26 09:28:46'),(8502,2962,'郵便物処理',1,'2020-06-26 09:27:11','2020-06-26 16:51:08'),(8512,2962,'調印処理',1,'2020-06-26 09:27:11','2020-06-26 18:16:48'),(8522,2962,'ワークフロー処理',1,'2020-06-26 09:27:11','2020-06-26 16:55:35'),(8532,2962,'メール処理',1,'2020-06-26 09:27:11','2020-06-26 19:20:36'),(8542,2962,'タスク整理',1,'2020-06-26 09:27:11','2020-06-26 19:42:24'),(8552,1712,'検収予定時期を福井さんに連絡',1,'2020-06-26 19:26:49','2020-06-26 19:29:19'),(8562,2902,'グループ',1,'2020-06-26 19:48:46','2020-06-29 13:54:05'),(8581,3021,'資金移動',1,'2020-06-29 10:36:16','2020-06-29 10:36:36'),(8591,3021,'ヒヨコのエサ支払確認',1,'2020-06-29 10:36:16','2020-06-29 15:02:26'),(8611,3021,'郵便物処理',1,'2020-06-29 10:36:16','2020-06-29 14:31:07'),(8621,3021,'調印処理',1,'2020-06-29 10:36:16','2020-06-29 17:31:52'),(8631,3021,'ワークフロー処理',1,'2020-06-29 10:36:16','2020-06-29 16:51:53'),(8641,3021,'メール処理',1,'2020-06-29 10:36:16','2020-06-29 17:07:20'),(8651,3021,'タスク整理',1,'2020-06-29 10:36:16','2020-06-29 17:46:26'),(8671,3031,'『東京黄昏買い食い部』  ',0,'2020-06-29 10:44:14','2020-06-29 10:44:14'),(8681,3031,'『ぐるぐるてくてく』3  ',0,'2020-06-29 10:44:14','2020-06-29 10:44:14'),(8691,3031,'『ザリガニの鳴くところ』',0,'2020-06-29 10:44:15','2020-06-29 10:44:15'),(8701,3031,'『未知の鳥類がやってくるまで』',0,'2020-06-29 10:44:15','2020-06-29 10:44:15'),(8711,3031,'『A子さんの恋人』6',0,'2020-06-29 10:44:15','2020-06-29 10:44:15'),(8721,3031,'『バーナード嬢曰く』5',0,'2020-06-29 10:44:15','2020-06-29 10:44:15'),(8731,3031,'4月の本まとめ公開',0,'2020-06-29 10:44:16','2020-06-29 10:44:16'),(8741,3041,'家計簿記入',0,'2020-06-29 10:46:32','2020-06-29 10:46:32'),(8751,3041,'FP2級学習',0,'2020-06-29 10:46:32','2020-06-29 10:46:32'),(8761,3041,'応用情報技術者学習',0,'2020-06-29 10:46:32','2020-06-29 10:46:32'),(8771,3041,'Guardian一記事読む',0,'2020-06-29 10:46:33','2020-06-29 10:46:33'),(8781,3041,'評論一記事読む',0,'2020-06-29 10:46:33','2020-06-29 10:46:33'),(8791,3041,'新しい技術',0,'2020-06-29 10:46:33','2020-06-29 10:46:33'),(8801,3041,'コンテンツ記録',0,'2020-06-29 10:46:33','2020-06-29 10:46:33'),(8811,3041,'録画予約確認',0,'2020-06-29 10:46:34','2020-06-29 10:46:34'),(8821,3041,'ダビング ',0,'2020-06-29 10:46:34','2020-06-29 10:46:34'),(8831,3041,'簿記学習',0,'2020-06-29 10:46:35','2020-06-29 10:46:35'),(8841,3041,'TOEIC学習（mikan, duolingo）',0,'2020-06-29 10:46:35','2020-06-29 10:46:35'),(8851,3041,'仏語学習（Drops）',0,'2020-06-29 10:46:35','2020-06-29 10:46:35'),(8861,3041,'掃除（部屋）',0,'2020-06-29 10:46:35','2020-06-29 10:46:35'),(8871,3041,'メルカリに1個出品',0,'2020-06-29 10:46:36','2020-06-29 10:46:36'),(8881,3041,'料理作る',0,'2020-06-29 10:46:36','2020-06-29 10:46:36'),(8891,3041,'掃除（洗い物）',0,'2020-06-29 10:46:36','2020-06-29 10:46:36'),(8901,3041,'FIGARO一記事読む',0,'2020-06-29 10:46:37','2020-06-29 10:46:37'),(8911,3041,'ダンベルカール  ',0,'2020-06-29 10:46:37','2020-06-29 10:46:37'),(8921,3041,'爪ケア',0,'2020-06-29 10:46:37','2020-06-29 10:46:37'),(8931,3041,'アブローラー（10回×5）',0,'2020-06-29 10:46:38','2020-06-29 10:46:38'),(8941,3041,'ノーマルスクワット（20×5）',0,'2020-06-29 10:46:38','2020-06-29 10:46:38'),(8951,3041,'5キロくらい走る＠ジム',0,'2020-06-29 10:46:38','2020-06-29 10:46:38'),(8961,3041,'フィットボクシング',0,'2020-06-29 10:46:38','2020-06-29 10:46:38'),(8971,3041,'身体洗う',0,'2020-06-29 10:46:39','2020-06-29 10:46:39'),(8981,3041,'顔ケア',0,'2020-06-29 10:46:39','2020-06-29 10:46:39'),(8991,3041,'デンタルウォッシュ',0,'2020-06-29 10:46:39','2020-06-29 10:46:39'),(9001,3051,'家計簿記入',1,'2020-06-29 10:47:04','2020-06-29 10:47:20'),(9011,3051,'FP2級学習',1,'2020-06-29 10:47:04','2020-06-29 11:40:34'),(9021,3051,'応用情報技術者学習',1,'2020-06-29 10:47:04','2020-06-29 11:57:08'),(9031,3051,'Guardian一記事読む',1,'2020-06-29 10:47:04','2020-06-29 19:09:01'),(9041,3051,'評論一記事読む',1,'2020-06-29 10:47:04','2020-06-29 12:45:10'),(9051,3051,'新しい技術（Flutter環境構築、visual studio code導入まで）https://qiita.com/tomy0610/items/896dc8ec9ba95c33194f',1,'2020-06-29 10:47:04','2020-06-29 21:47:14'),(9061,3051,'コンテンツ記録',1,'2020-06-29 10:47:04','2020-06-29 19:22:00'),(9071,3051,'録画予約確認',1,'2020-06-29 10:47:04','2020-06-29 20:28:05'),(9081,3051,'ダビング ',1,'2020-06-29 10:47:04','2020-06-29 20:32:53'),(9091,3051,'簿記学習',1,'2020-06-29 10:47:04','2020-06-29 23:21:55'),(9101,3051,'TOEIC学習（mikan, duolingo）',1,'2020-06-29 10:47:04','2020-06-29 21:25:31'),(9111,3051,'仏語学習（Drops）',1,'2020-06-29 10:47:04','2020-06-29 21:25:31'),(9121,3051,'掃除（部屋）',0,'2020-06-29 10:47:04','2020-06-29 10:47:04'),(9151,3051,'掃除（洗い物）',0,'2020-06-29 10:47:04','2020-06-29 10:47:04'),(9161,3051,'FIGARO一記事読む',0,'2020-06-29 10:47:04','2020-06-29 10:47:04'),(9171,3051,'ダンベルカール  ',0,'2020-06-29 10:47:04','2020-06-29 10:47:04'),(9181,3051,'爪ケア',1,'2020-06-29 10:47:04','2020-06-29 22:25:18'),(9191,3051,'アブローラー（10回×5）',0,'2020-06-29 10:47:04','2020-06-29 10:47:04'),(9201,3051,'ノーマルスクワット（20×5）',0,'2020-06-29 10:47:04','2020-06-29 22:44:30'),(9221,3051,'フィットボクシング',1,'2020-06-29 10:47:04','2020-06-29 22:44:12'),(9231,3051,'身体洗う',0,'2020-06-29 10:47:04','2020-06-29 10:47:04'),(9241,3051,'顔ケア',1,'2020-06-29 10:47:04','2020-06-29 23:21:48'),(9251,3051,'デンタルウォッシュ',1,'2020-06-29 10:47:04','2020-06-29 23:21:50'),(9261,3071,'イセ食品決算書（2020年1月期）',1,'2020-06-29 11:50:34','2020-06-29 13:41:09'),(9271,3071,'新ひたちファーム決算書（2020年1月期）',1,'2020-06-29 11:50:35','2020-06-29 13:41:38'),(9281,3071,'かすみがうら農場決算書（2020年1月期）',1,'2020-06-29 11:50:35','2020-06-29 13:42:11'),(9291,3071,'連結財務諸表（2020年1月期）',1,'2020-06-29 11:50:35','2020-06-29 13:42:36'),(9301,3131,'所要時間等確認',0,'2020-06-29 13:14:48','2020-06-29 13:14:48'),(9311,3231,'月次資料（2020年2月）',1,'2020-06-29 13:39:16','2020-06-29 13:46:09'),(9321,3231,'月次資料（2020年3月）',1,'2020-06-29 13:39:16','2020-06-29 13:46:10'),(9331,3191,'プロジェクトに追加したタスクがすぐに反映されないのを修正',0,'2020-06-29 13:51:32','2020-06-29 13:51:32'),(9341,3191,'テンプレート編集でタグ一覧が表示されないのを修正',1,'2020-06-29 13:51:32','2020-06-30 11:06:08'),(9351,3261,'表示',1,'2020-06-29 14:04:35','2020-06-29 14:05:01'),(9361,3261,'JSONに変換',0,'2020-06-29 14:04:35','2020-06-29 14:04:35'),(9371,3261,'入力',0,'2020-06-29 14:04:35','2020-06-29 14:04:35'),(9381,3291,'住宅ローン減税について調べる',0,'2020-06-29 14:15:11','2020-06-29 14:15:11'),(9391,3291,'住宅ローンについて調べる',0,'2020-06-29 14:15:11','2020-06-29 14:15:11'),(9401,3291,'購入可能物件金額について確認',0,'2020-06-29 14:15:12','2020-06-29 14:15:12'),(9411,3301,'履歴書作成',0,'2020-06-29 14:16:35','2020-06-29 14:16:35'),(9421,3301,'Wantedlyについて調べる',0,'2020-06-29 14:16:35','2020-06-29 14:16:35'),(9431,3301,'転職方法について調べる',0,'2020-06-29 14:16:36','2020-06-29 14:16:36'),(9441,3311,'『オン・ハピネス・ロード』',0,'2020-06-29 14:17:34','2020-06-29 14:17:34'),(9451,3331,'『さらば愛しきアウトロー』  ',0,'2020-06-29 14:22:34','2020-06-29 14:22:34'),(9461,3331,'『戦場を探す旅』  ',0,'2020-06-29 14:22:35','2020-06-29 14:22:35'),(9471,3331,'『ラ・ヨローナ伝説』',0,'2020-06-29 14:22:35','2020-06-29 14:22:35'),(9481,3331,'『列車旅行のすすめ』',0,'2020-06-29 14:22:35','2020-06-29 14:22:35'),(9491,3331,'『湖上のリンゴ』',0,'2020-06-29 14:22:36','2020-06-29 14:22:36'),(9501,3331,'『ジャスト6.5』',0,'2020-06-29 14:22:36','2020-06-29 14:22:36'),(9511,3331,'『ゴールデンリバー』',0,'2020-06-29 14:22:36','2020-06-29 14:22:36'),(9521,3331,'まとめ記事公開',0,'2020-06-29 14:22:37','2020-06-29 14:22:37'),(9531,3341,'『宙を数える』',0,'2020-06-29 14:23:39','2020-06-29 14:23:39'),(9541,3341,'『時を歩く』',0,'2020-06-29 14:23:39','2020-06-29 14:23:39'),(9551,3341,'『堕天作戦』5',0,'2020-06-29 14:23:40','2020-06-29 14:23:40'),(9561,3341,'『大ダーク』1',0,'2020-06-29 14:23:40','2020-06-29 14:23:40'),(9571,3341,'『おやすみシェヘラザード』4',0,'2020-06-29 14:23:40','2020-06-29 14:23:40'),(9581,3341,'『ああ我らがミャオ将軍』2',0,'2020-06-29 14:23:40','2020-06-29 14:23:40'),(9591,3341,'『邦キチ映子さん』3',0,'2020-06-29 14:23:41','2020-06-29 14:23:41'),(9601,3261,'セルの追加',0,'2020-06-29 14:30:16','2020-06-29 14:30:16'),(9611,3351,'『HUMAN LOST』',0,'2020-06-29 14:35:24','2020-06-29 14:35:24'),(9621,3351,'『IT：The End』',0,'2020-06-29 14:35:25','2020-06-29 14:35:25'),(9631,3351,'『この世界の（さらにいくつもの）片隅に』',0,'2020-06-29 14:35:25','2020-06-29 14:35:25'),(9641,3351,'『僕のヒーローアカデミア』',0,'2020-06-29 14:35:25','2020-06-29 14:35:25'),(9651,3351,'まとめ記事公開',0,'2020-06-29 14:35:26','2020-06-29 14:35:26'),(9661,3361,'『アンドロイドタイプワン』2',0,'2020-06-29 14:36:24','2020-06-29 14:36:24'),(9671,3361,'『マーダーボットダイアリー』',0,'2020-06-29 14:36:24','2020-06-29 14:36:24'),(9681,3361,'『男爵にふさわしい銀河旅行』2',0,'2020-06-29 14:36:24','2020-06-29 14:36:24'),(9691,3361,'『全員くたばれ大学生』',0,'2020-06-29 14:36:24','2020-06-29 14:36:24'),(9701,3361,'『裏世界ピクニック』4',0,'2020-06-29 14:36:25','2020-06-29 14:36:25'),(9711,3361,'『波よ聞いてくれ』7',0,'2020-06-29 14:36:25','2020-06-29 14:36:25'),(9721,3361,'『水は海に向かって流れる』',0,'2020-06-29 14:36:25','2020-06-29 14:36:25'),(9731,3371,'『ワン・モア・ヌーク』',0,'2020-06-29 14:37:30','2020-06-29 14:37:30'),(9741,3371,'『錬金術師の密室』 ',0,'2020-06-29 14:37:31','2020-06-29 14:37:31'),(9751,3371,'『スキップとローファー』3    ',0,'2020-06-29 14:37:31','2020-06-29 14:37:31'),(9761,3371,'『荒潮』 ',0,'2020-06-29 14:37:31','2020-06-29 14:37:31'),(9771,3371,'『亜童』 ',0,'2020-06-29 14:37:32','2020-06-29 14:37:32'),(9781,3371,'まとめ記事公開',0,'2020-06-29 14:37:32','2020-06-29 14:37:32'),(9791,3361,'まとめ記事公開',0,'2020-06-29 14:38:05','2020-06-29 14:38:05'),(9801,3341,'まとめ記事公開',0,'2020-06-29 14:38:28','2020-06-29 14:38:28'),(9811,3381,'『ミスターズ』1',0,'2020-06-29 14:45:45','2020-06-29 14:45:45'),(9821,3381,'『ヴェスタの半神』',0,'2020-06-29 14:45:46','2020-06-29 14:45:46'),(9831,3381,'『炎炎ノ消防隊』22',0,'2020-06-29 14:45:46','2020-06-29 14:45:46'),(9841,3381,'『国境のエミーリャ』',0,'2020-06-29 14:45:46','2020-06-29 14:45:46'),(9851,3381,'『人間たちの話』',0,'2020-06-29 14:45:47','2020-06-29 14:45:47'),(9861,3381,'まとめ記事公開',0,'2020-06-29 14:45:47','2020-06-29 14:45:47'),(9871,3391,'『タッカー』',0,'2020-06-29 14:47:38','2020-06-29 14:47:38'),(9881,3391,'『蜘蛛女のキス』',0,'2020-06-29 14:47:39','2020-06-29 14:47:39'),(9891,3391,'『デッドドントダイ』',0,'2020-06-29 14:47:39','2020-06-29 14:47:39'),(9901,3391,'『羅小黒戦記』',0,'2020-06-29 14:47:39','2020-06-29 14:47:39'),(9911,3391,'『はちどり』',0,'2020-06-29 14:47:39','2020-06-29 14:47:39'),(9921,3391,'まとめ記事公開',0,'2020-06-29 14:47:40','2020-06-29 14:47:40'),(9931,3401,'『呪術廻戦』11',0,'2020-06-29 14:48:52','2020-06-29 14:48:52'),(9941,3401,'『チェンソーマン』7',0,'2020-06-29 14:48:53','2020-06-29 14:48:53'),(9951,3401,'『最後の竜殺し』',0,'2020-06-29 14:48:53','2020-06-29 14:48:53'),(9961,3401,'『明日クビになりそう』2',0,'2020-06-29 14:48:53','2020-06-29 14:48:53'),(9971,3401,'『綴れのレグホーン』1',0,'2020-06-29 14:48:53','2020-06-29 14:48:53'),(9981,3401,'『ゴールデンカムイ』22',0,'2020-06-29 14:48:54','2020-06-29 14:48:54'),(9991,3401,'『ああ我らがミャオ将軍』3',0,'2020-06-29 14:48:54','2020-06-29 14:48:54'),(10001,3401,'『第五の季節』',0,'2020-06-29 14:48:54','2020-06-29 14:48:54'),(10011,3401,'『三体Ⅱ』',0,'2020-06-29 14:48:55','2020-06-29 14:48:55'),(10021,3401,'『絶望を希望に変える経済学』',0,'2020-06-29 14:48:55','2020-06-29 14:48:55'),(10031,3401,'まとめ記事公開',0,'2020-06-29 14:48:55','2020-06-29 14:48:55'),(10041,3191,'進捗度メーターがエラーを起こすのを修正（子アイテムが無いタスクで進捗が出る）',0,'2020-06-29 15:04:25','2020-06-29 15:04:25'),(10051,3191,'tagsのgetでリザルトがない場合のエラーを修正',0,'2020-06-29 15:12:00','2020-06-29 15:12:00'),(10061,3561,'マイグレーションとAPI作成',0,'2020-06-29 15:14:17','2020-06-29 15:14:17'),(10071,3561,'表示用コンポーネント',0,'2020-06-29 15:14:17','2020-06-29 15:14:17'),(10081,3561,'メール送信 ',0,'2020-06-29 15:14:17','2020-06-29 15:14:17'),(10091,3561,'リマインダーをセットできるようにする（新規）',0,'2020-06-29 15:14:17','2020-06-29 15:14:17'),(10101,3561,'リマインダーをセットできるようにする（追加）  ',0,'2020-06-29 15:14:18','2020-06-29 15:14:18'),(10111,3561,'fetchTasksの時に長い間「対応待ち」になっているタスクに自動でリマインダーをセットする',0,'2020-06-29 15:14:54','2020-06-29 15:14:54'),(10121,3571,'処理方法確認',0,'2020-06-29 15:16:08','2020-06-29 15:16:08'),(10141,3601,'統計処理コンポーネント',0,'2020-06-29 15:22:18','2020-06-29 15:22:18'),(10151,3601,'Chart.js入れてみる    ',0,'2020-06-29 15:22:18','2020-06-29 15:22:18'),(10161,3601,'棒グラフコンポーネント',0,'2020-06-29 15:22:18','2020-06-29 15:22:18'),(10171,3601,'統計処理ページデザイン',0,'2020-06-29 15:22:18','2020-06-29 15:22:18'),(10181,3641,'リセットCSS検討',0,'2020-06-29 15:31:07','2020-06-29 15:31:07'),(10191,3641,'SASS/SCSS導入',0,'2020-06-29 15:31:08','2020-06-30 11:08:54'),(10201,3641,'modal-contentがbootstrapのクラスと被っているので分離する',0,'2020-06-29 15:31:08','2020-06-29 15:31:08'),(10211,3191,'プロジェクトの詳細（タスク一覧）の長さが足りない',1,'2020-06-29 15:35:48','2020-06-29 15:42:46'),(10221,3711,'概要設計',0,'2020-06-29 15:44:05','2020-06-29 15:44:05'),(10231,3711,'データベース設計',0,'2020-06-29 15:44:05','2020-06-29 15:44:05'),(10241,3711,'Model / Controller / Migration作成',0,'2020-06-29 15:44:06','2020-06-29 15:44:06'),(10251,3711,'アプリ側に実装',0,'2020-06-29 15:44:06','2020-06-29 15:44:06'),(10261,3721,'繰り返し設定',0,'2020-06-29 15:44:23','2020-06-29 15:44:23'),(10271,3731,'タスクのロック／アンロック表示',0,'2020-06-29 15:46:01','2020-06-29 15:46:01'),(10281,3191,'全タスク取得時に一部がチェックされないバグ',0,'2020-06-29 15:47:03','2020-06-29 15:47:03'),(10291,3191,'タスクラベルのデザイン修正（締め切り時間とかいらないかも）',0,'2020-06-29 15:53:55','2020-06-29 15:53:55'),(10301,3771,'profilesテーブル設計',0,'2020-06-29 15:54:47','2020-06-29 15:54:47'),(10311,3771,'プロフィールコンポーネント作成',0,'2020-06-29 15:54:48','2020-06-29 15:54:48'),(10321,3191,'パスワードリセット機能のバグフィックス',0,'2020-06-29 15:56:59','2020-06-29 15:56:59'),(10331,3601,'ガントチャート（http://kachibito.net/css/css-grid-gantt-chart  ）',0,'2020-06-29 16:00:17','2020-06-29 16:00:17'),(10341,3811,'Twitterログイン',0,'2020-06-29 16:01:22','2020-06-29 16:01:22'),(10351,3811,'タスクを完了したらTwitterに投稿できる',0,'2020-06-29 16:01:22','2020-06-29 16:01:22'),(10361,2462,'PDF送付',1,'2020-06-29 16:17:02','2020-06-29 16:17:04'),(10371,2462,'原本送付（新島課長代理に依頼）',1,'2020-06-29 16:17:02','2020-06-29 16:17:05'),(10381,3191,'プロジェクト詳細の改行',1,'2020-06-29 16:25:02','2020-06-30 13:48:02'),(10391,3961,'猫脚カップ',0,'2020-06-29 16:29:27','2020-06-29 16:29:27'),(10401,3971,'必要物品リストアップ',0,'2020-06-29 16:30:25','2020-06-29 16:30:25'),(10411,3311,'『キコリキ』',0,'2020-06-29 16:31:55','2020-06-29 16:31:55'),(10421,4011,'絵物語',0,'2020-06-29 16:36:32','2020-06-29 16:36:32'),(10431,4011,'立体物',0,'2020-06-29 16:36:32','2020-06-29 16:36:32'),(10441,4011,'インタラクティブ',0,'2020-06-29 16:36:32','2020-06-29 16:36:32'),(10451,4011,'インスタレーション',0,'2020-06-29 16:36:33','2020-06-29 16:36:33'),(10461,1452,'やってくれそうなところを探す',0,'2020-06-29 16:48:34','2020-06-29 16:48:34'),(10471,4061,'調印申請作成',0,'2020-06-29 17:36:58','2020-06-29 17:36:58'),(10481,4061,'支払依頼書作成',0,'2020-06-29 17:36:58','2020-06-29 17:36:58'),(10491,4061,'書類整理／登録',0,'2020-06-29 17:36:58','2020-06-29 17:36:58'),(10501,4061,'支払依頼書作成（イセファーム→はやま）',0,'2020-06-29 17:36:58','2020-06-29 17:36:58'),(10511,4061,'支払依頼書作成（イセファーム→千葉孵化場）',0,'2020-06-29 17:36:58','2020-06-29 17:36:58'),(10521,4061,'現場に羽数確認',0,'2020-06-29 17:37:49','2020-06-29 17:37:49'),(10531,4071,'調印申請作成',0,'2020-06-29 17:38:13','2020-06-29 17:38:13'),(10541,4071,'支払依頼書作成',0,'2020-06-29 17:38:13','2020-06-29 17:38:13'),(10551,4071,'書類整理／登録',0,'2020-06-29 17:38:13','2020-06-29 17:38:13'),(10561,4071,'支払依頼書作成（イセファーム→はやま）',0,'2020-06-29 17:38:13','2020-06-29 17:38:13'),(10571,4071,'支払依頼書作成（イセファーム→千葉孵化場）',0,'2020-06-29 17:38:13','2020-06-29 17:38:13'),(10581,4081,'調印申請作成',0,'2020-06-29 17:38:55','2020-06-29 17:38:55'),(10591,4081,'支払依頼書作成',0,'2020-06-29 17:38:55','2020-06-29 17:38:55'),(10601,4081,'書類整理／登録',0,'2020-06-29 17:38:55','2020-06-29 17:38:55'),(10611,4081,'支払依頼書作成（イセファーム→はやま）',0,'2020-06-29 17:38:55','2020-06-29 17:38:55'),(10621,4081,'支払依頼書作成（イセファーム→千葉孵化場）',0,'2020-06-29 17:38:55','2020-06-29 17:38:55'),(10631,4081,'実行可能か確認',0,'2020-06-29 17:39:32','2020-06-29 17:39:32'),(10641,4091,'調印申請作成',1,'2020-06-29 17:43:56','2020-06-29 18:43:56'),(10651,4091,'謄本／印鑑証明手配（美咲ファーム）×1',1,'2020-06-29 17:43:56','2020-06-29 18:45:40'),(10661,4111,'かすみがうら農場',1,'2020-06-29 17:46:07','2020-06-29 18:25:32'),(10671,3031,'ツインスター・サイクロン・ランナウェイ',1,'2020-06-29 20:45:44','2020-06-29 20:45:46'),(10681,3191,'差し戻しが反映されない（再現性不明）',0,'2020-06-29 22:45:28','2020-06-30 11:10:36'),(10691,4121,'家計簿記入',1,'2020-06-30 06:46:18','2020-06-30 10:45:33'),(10701,4121,'FP2級学習',1,'2020-06-30 06:46:18','2020-06-30 11:57:17'),(10711,4121,'応用情報技術者学習',1,'2020-06-30 06:46:18','2020-06-30 12:01:49'),(10721,4121,'Guardian一記事読む',1,'2020-06-30 06:46:18','2020-06-30 12:59:39'),(10731,4121,'評論一記事読む',1,'2020-06-30 06:46:18','2020-06-30 12:13:25'),(10741,4121,'新しい技術（Flutter導入）',0,'2020-06-30 06:46:18','2020-06-30 06:46:58'),(10751,4121,'コンテンツ記録',0,'2020-06-30 06:46:18','2020-06-30 06:46:18'),(10761,4121,'録画予約確認',1,'2020-06-30 06:46:18','2020-06-30 06:47:05'),(10771,4121,'ダビング ',1,'2020-06-30 06:46:18','2020-06-30 07:54:55'),(10781,4121,'簿記学習',0,'2020-06-30 06:46:18','2020-06-30 06:46:18'),(10791,4121,'TOEIC学習（mikan, duolingo）',1,'2020-06-30 06:46:18','2020-06-30 07:09:06'),(10801,4121,'仏語学習（Drops）',0,'2020-06-30 06:46:18','2020-06-30 06:46:18'),(10811,4121,'掃除（部屋）',0,'2020-06-30 06:46:18','2020-06-30 06:46:18'),(10821,4121,'メルカリに1個出品',0,'2020-06-30 06:46:18','2020-06-30 06:46:18'),(10831,4121,'料理作る',0,'2020-06-30 06:46:18','2020-06-30 06:46:18'),(10841,4121,'掃除（洗い物）',0,'2020-06-30 06:46:18','2020-06-30 06:46:18'),(10851,4121,'FIGARO一記事読む',0,'2020-06-30 06:46:18','2020-06-30 06:46:18'),(10861,4121,'ダンベルカール  ',0,'2020-06-30 06:46:18','2020-06-30 06:46:18'),(10871,4121,'爪ケア',0,'2020-06-30 06:46:18','2020-06-30 06:46:18'),(10881,4121,'アブローラー（10回×5）',1,'2020-06-30 06:46:18','2020-06-30 07:27:26'),(10891,4121,'ノーマルスクワット（20×5）',1,'2020-06-30 06:46:18','2020-06-30 07:27:27'),(10911,4121,'フィットボクシング',0,'2020-06-30 06:46:18','2020-06-30 06:46:18'),(10921,4121,'身体洗う',1,'2020-06-30 06:46:18','2020-06-30 07:54:48'),(10931,4121,'顔ケア',0,'2020-06-30 06:46:18','2020-06-30 06:46:18'),(10941,4121,'デンタルウォッシュ',0,'2020-06-30 06:46:18','2020-06-30 06:46:18'),(10951,3401,'『邦キチ映子さん Season 4』',0,'2020-06-30 07:29:27','2020-06-30 07:29:27'),(10961,4131,'資金移動',1,'2020-06-30 09:40:27','2020-06-30 09:40:56'),(10971,4131,'ヒヨコのエサ支払確認',0,'2020-06-30 09:40:27','2020-06-30 09:40:27'),(10991,4131,'郵便物処理',0,'2020-06-30 09:40:27','2020-06-30 09:40:27'),(11001,4131,'調印処理',0,'2020-06-30 09:40:27','2020-06-30 09:40:27'),(11011,4131,'ワークフロー処理',0,'2020-06-30 09:40:27','2020-06-30 09:40:27'),(11021,4131,'メール処理',0,'2020-06-30 09:40:27','2020-06-30 09:40:27'),(11031,4131,'タスク整理',0,'2020-06-30 09:40:27','2020-06-30 09:40:27'),(11041,4141,'あおぞらに一覧表送付',1,'2020-06-30 09:54:03','2020-06-30 10:26:43'),(11051,4141,'支払処理①（MonotaRo、184,415円）',1,'2020-06-30 09:54:03','2020-06-30 10:36:33'),(11061,4141,'あおぞらに完了連絡',1,'2020-06-30 09:54:03','2020-06-30 10:42:01'),(11071,2262,'台帳に記入／ファイリング',1,'2020-06-30 10:44:12','2020-06-30 13:42:10'),(11081,2022,'台帳に記入／ファイリング',1,'2020-06-30 10:44:19','2020-06-30 13:42:00'),(11091,1912,'台帳に記入／ファイリング',1,'2020-06-30 10:44:32','2020-06-30 13:41:52'),(11101,3191,'テンプレート編集ページの表示を修正',1,'2020-06-30 10:53:24','2020-06-30 11:06:12'),(11111,3641,'全体的に汚いので整理',0,'2020-06-30 11:08:47','2020-06-30 11:08:47');
/*!40000 ALTER TABLE `items` ENABLE KEYS */;
UNLOCK TABLES;

--
-- Table structure for table `migrations`
--

DROP TABLE IF EXISTS `migrations`;
/*!40101 SET @saved_cs_client     = @@character_set_client */;
/*!40101 SET character_set_client = utf8 */;
CREATE TABLE `migrations` (
  `id` int(10) unsigned NOT NULL AUTO_INCREMENT,
  `migration` varchar(191) COLLATE utf8mb4_unicode_ci NOT NULL,
  `batch` int(11) NOT NULL,
  PRIMARY KEY (`id`)
) ENGINE=InnoDB AUTO_INCREMENT=102 DEFAULT CHARSET=utf8mb4 COLLATE=utf8mb4_unicode_ci;
/*!40101 SET character_set_client = @saved_cs_client */;

--
-- Dumping data for table `migrations`
--

LOCK TABLES `migrations` WRITE;
/*!40000 ALTER TABLE `migrations` DISABLE KEYS */;
INSERT INTO `migrations` VALUES (2,'2014_10_12_000000_create_users_table',1),(12,'2014_10_12_100000_create_password_resets_table',1),(22,'2019_10_23_125826_create_projects_table',1),(32,'2019_10_24_100001_create_states_table',1),(42,'2019_10_24_100721_create_tasks_table',1),(52,'2019_10_24_113654_create_items_table',1),(62,'2019_11_20_234848_create_tags_table',1),(72,'2019_11_21_000444_create_tag_task_table',1),(82,'2020_03_07_135249_create_state_task_table',1),(92,'2020_05_26_103927_add_unique_tags',2);
/*!40000 ALTER TABLE `migrations` ENABLE KEYS */;
UNLOCK TABLES;

--
-- Table structure for table `password_resets`
--

DROP TABLE IF EXISTS `password_resets`;
/*!40101 SET @saved_cs_client     = @@character_set_client */;
/*!40101 SET character_set_client = utf8 */;
CREATE TABLE `password_resets` (
  `email` varchar(191) COLLATE utf8mb4_unicode_ci NOT NULL,
  `token` varchar(191) COLLATE utf8mb4_unicode_ci NOT NULL,
  `created_at` timestamp NULL DEFAULT NULL,
  KEY `password_resets_email_index` (`email`)
) ENGINE=InnoDB DEFAULT CHARSET=utf8mb4 COLLATE=utf8mb4_unicode_ci;
/*!40101 SET character_set_client = @saved_cs_client */;

--
-- Dumping data for table `password_resets`
--

LOCK TABLES `password_resets` WRITE;
/*!40000 ALTER TABLE `password_resets` DISABLE KEYS */;
/*!40000 ALTER TABLE `password_resets` ENABLE KEYS */;
UNLOCK TABLES;

--
-- Table structure for table `projects`
--

DROP TABLE IF EXISTS `projects`;
/*!40101 SET @saved_cs_client     = @@character_set_client */;
/*!40101 SET character_set_client = utf8 */;
CREATE TABLE `projects` (
  `id` int(10) unsigned NOT NULL AUTO_INCREMENT,
  `user_id` int(10) unsigned NOT NULL,
  `name` varchar(191) COLLATE utf8mb4_unicode_ci NOT NULL COMMENT 'プロジェクト名',
  `overview` text COLLATE utf8mb4_unicode_ci,
  `dead_line` datetime DEFAULT NULL COMMENT 'プロジェクトの最終締切',
  `created_at` timestamp NULL DEFAULT NULL,
  `updated_at` timestamp NULL DEFAULT NULL,
  PRIMARY KEY (`id`),
  KEY `projects_user_id_foreign` (`user_id`),
  CONSTRAINT `projects_user_id_foreign` FOREIGN KEY (`user_id`) REFERENCES `users` (`id`)
) ENGINE=InnoDB AUTO_INCREMENT=101 DEFAULT CHARSET=utf8mb4 COLLATE=utf8mb4_unicode_ci;
/*!40101 SET character_set_client = @saved_cs_client */;

--
-- Dumping data for table `projects`
--

LOCK TABLES `projects` WRITE;
/*!40000 ALTER TABLE `projects` DISABLE KEYS */;
INSERT INTO `projects` VALUES (2,2,'単体タスク','プロジェクトに所属しないタスク',NULL,'2020-05-14 23:23:51','2020-05-14 23:23:51'),(31,2,'タスクマネージャー','・アイテムの種類（タスク、メモ、リスト、日記？）タグは共通、相互に変換可能\n・進捗がみんなに見えるようにする（応援ボタン、成果物ページへのリンク）\n・点数をつける（ランキング）・ランキング作成サービス・相関図作成サービス・情報を開示できる範囲を柔軟に設定できる\n・承認欲求を煽る感じで\n・ログインボーナス（ポイント）\n\n・reminderブランチからSASSでCSS設計を行う','2020-06-30 11:09:00','2020-06-29 13:18:45','2020-06-30 11:09:52'),(41,2,'マトリックスアプリ',NULL,'2020-06-29 13:49:00','2020-06-29 13:47:45','2020-06-29 13:49:29'),(51,2,'メディアデータベース','・ログテーブル\n・関数化\n・sourceテーブル作る\n・公式サイト\n・Wikipediaからスクレイピング（アニメ）\n・（データベース）映画館テーブル作る\n・（データベース）スクリーンテーブル作る（3500スクリーンくらい）\n・（データベース）テレビ局テーブル作る\n・（DB）映倫番号取得スクリプト（file_get_contentsが通らない！）\n・Twitterで作品／人／会社の話題を取得して流す\n・各作品ページでその作品について語れる掲示板・情報交換機能\n\n■なんでもランキング（マトメディア）\n・簡単にランキングを作れる機能（GUI）\n・SNSでリコメンドする機能\n・どの配信サービス／図書館／販売等で入手できるかは欲しい','2020-06-29 16:38:00','2020-06-29 14:02:52','2020-06-29 16:43:00'),(61,2,'ブログの改善',NULL,'2020-12-29 14:05:25','2020-06-29 14:05:28','2020-06-29 14:05:28'),(71,2,'大掃除',NULL,'2021-03-29 14:17:59','2020-06-29 14:18:01','2020-06-29 14:18:01'),(81,2,'ゲーム開発（civ）',NULL,'2021-06-29 16:06:29','2020-06-29 16:06:31','2020-06-29 16:06:31'),(91,2,'クロスワードパズル共有サイト',NULL,'2021-06-29 16:34:36','2020-06-29 16:34:37','2020-06-29 16:34:37');
/*!40000 ALTER TABLE `projects` ENABLE KEYS */;
UNLOCK TABLES;

--
-- Table structure for table `state_task`
--

DROP TABLE IF EXISTS `state_task`;
/*!40101 SET @saved_cs_client     = @@character_set_client */;
/*!40101 SET character_set_client = utf8 */;
CREATE TABLE `state_task` (
  `id` int(10) unsigned NOT NULL AUTO_INCREMENT,
  `state_id` int(10) unsigned NOT NULL,
  `task_id` int(10) unsigned NOT NULL,
  `state_detail` varchar(191) COLLATE utf8mb4_unicode_ci DEFAULT NULL COMMENT '状態の詳細',
  `created_at` timestamp NULL DEFAULT NULL,
  `updated_at` timestamp NULL DEFAULT NULL,
  PRIMARY KEY (`id`),
  KEY `state_task_state_id_foreign` (`state_id`),
  KEY `state_task_task_id_foreign` (`task_id`),
  CONSTRAINT `state_task_task_id_foreign` FOREIGN KEY (`task_id`) REFERENCES `tasks` (`id`) ON DELETE CASCADE,
  CONSTRAINT `state_task_state_id_foreign` FOREIGN KEY (`state_id`) REFERENCES `states` (`id`)
) ENGINE=InnoDB AUTO_INCREMENT=13921 DEFAULT CHARSET=utf8mb4 COLLATE=utf8mb4_unicode_ci;
/*!40101 SET character_set_client = @saved_cs_client */;

--
-- Dumping data for table `state_task`
--

LOCK TABLES `state_task` WRITE;
/*!40000 ALTER TABLE `state_task` DISABLE KEYS */;
INSERT INTO `state_task` VALUES (62,1,42,'タスクが作成されました。','2020-05-15 09:50:02','2020-05-15 09:50:02'),(72,1,52,'タスクが作成されました。','2020-05-15 09:54:33','2020-05-15 09:54:33'),(82,2,52,NULL,'2020-05-15 10:10:27','2020-05-15 10:10:27'),(92,1,62,'タスクが作成されました。','2020-05-15 10:11:22','2020-05-15 10:11:22'),(102,1,72,'作成','2020-05-15 10:19:13','2020-05-15 10:19:13'),(112,1,82,'タスクが作成されました。','2020-05-15 10:53:26','2020-05-15 10:53:26'),(122,2,42,NULL,'2020-05-15 10:57:23','2020-05-15 10:57:23'),(132,1,92,'タスクが作成されました。','2020-05-15 11:05:06','2020-05-15 11:05:06'),(142,2,52,NULL,'2020-05-15 11:10:37','2020-05-15 11:10:37'),(152,2,52,NULL,'2020-05-15 11:11:03','2020-05-15 11:11:03'),(162,2,52,NULL,'2020-05-15 11:17:38','2020-05-15 11:17:38'),(172,3,82,'調印申請／印鑑証明書申請　決裁待ち','2020-05-15 11:41:34','2020-05-15 11:41:34'),(182,1,102,'タスクが作成されました。','2020-05-15 11:45:16','2020-05-15 11:45:16'),(192,2,52,NULL,'2020-05-15 11:45:22','2020-05-15 11:45:22'),(202,2,102,NULL,'2020-05-15 11:50:26','2020-05-15 11:50:26'),(212,1,112,'タスクが作成されました。','2020-05-15 11:57:00','2020-05-15 11:57:00'),(222,2,112,NULL,'2020-05-15 12:03:11','2020-05-15 12:03:11'),(232,2,92,NULL,'2020-05-15 12:23:50','2020-05-15 12:23:50'),(242,1,122,'タスクが作成されました。','2020-05-15 13:02:13','2020-05-15 13:02:13'),(252,2,122,NULL,'2020-05-15 13:08:00','2020-05-15 13:08:00'),(262,2,52,NULL,'2020-05-15 13:08:07','2020-05-15 13:08:07'),(272,1,132,'タスクが作成されました。','2020-05-15 13:27:11','2020-05-15 13:27:11'),(282,1,142,'作成','2020-05-15 13:28:05','2020-05-15 13:28:05'),(292,1,152,'作成','2020-05-15 13:30:00','2020-05-15 13:30:00'),(302,1,162,'作成','2020-05-15 13:30:50','2020-05-15 13:30:50'),(312,1,172,'作成','2020-05-15 13:31:27','2020-05-15 13:31:27'),(322,1,182,'タスクが作成されました。','2020-05-15 13:38:42','2020-05-15 13:38:42'),(332,1,192,'作成','2020-05-15 13:45:09','2020-05-15 13:45:09'),(342,1,202,'タスクが作成されました。','2020-05-15 13:48:48','2020-05-15 13:48:48'),(352,1,212,'タスクが作成されました。','2020-05-15 13:52:18','2020-05-15 13:52:18'),(362,1,222,'タスクが作成されました。','2020-05-15 14:01:27','2020-05-15 14:01:27'),(372,2,222,NULL,'2020-05-15 14:04:34','2020-05-15 14:04:34'),(382,1,82,NULL,'2020-05-15 14:14:56','2020-05-15 14:14:56'),(392,3,142,'見積待ち','2020-05-15 14:23:09','2020-05-15 14:23:09'),(402,3,152,'見積待ち','2020-05-15 14:24:08','2020-05-15 14:24:08'),(412,3,172,'見積待ち','2020-05-15 14:26:05','2020-05-15 14:26:05'),(422,2,42,NULL,'2020-05-15 14:26:29','2020-05-15 14:26:29'),(432,2,52,NULL,'2020-05-15 14:26:29','2020-05-15 14:26:29'),(442,2,52,NULL,'2020-05-15 14:26:43','2020-05-15 14:26:43'),(452,2,102,NULL,'2020-05-15 14:26:43','2020-05-15 14:26:43'),(462,2,92,NULL,'2020-05-15 14:26:43','2020-05-15 14:26:43'),(472,2,112,NULL,'2020-05-15 14:26:43','2020-05-15 14:26:43'),(482,2,52,NULL,'2020-05-15 14:27:03','2020-05-15 14:27:03'),(492,2,42,NULL,'2020-05-15 14:27:03','2020-05-15 14:27:03'),(502,3,162,'見積待ち','2020-05-15 14:27:31','2020-05-15 14:27:31'),(512,2,52,NULL,'2020-05-15 14:27:42','2020-05-15 14:27:42'),(522,2,102,NULL,'2020-05-15 14:27:42','2020-05-15 14:27:42'),(532,2,92,NULL,'2020-05-15 14:27:42','2020-05-15 14:27:42'),(542,3,82,'総務受付中','2020-05-15 15:51:08','2020-05-15 15:51:08'),(552,3,202,'4月分契約書調印待ち','2020-05-15 15:52:26','2020-05-15 15:52:26'),(562,2,182,NULL,'2020-05-15 16:00:07','2020-05-15 16:00:07'),(572,1,232,'タスクが作成されました。','2020-05-15 16:09:58','2020-05-15 16:09:58'),(582,1,242,'タスクが作成されました。','2020-05-15 16:12:52','2020-05-15 16:12:52'),(602,2,242,NULL,'2020-05-15 16:23:50','2020-05-15 16:23:50'),(612,1,262,'タスクが作成されました。','2020-05-15 18:02:21','2020-05-15 18:02:21'),(622,1,272,'タスクが作成されました。','2020-05-15 18:02:55','2020-05-15 18:02:55'),(632,1,282,'タスクが作成されました。','2020-05-15 18:04:11','2020-05-15 18:04:11'),(642,2,262,NULL,'2020-05-15 18:08:13','2020-05-15 18:08:13'),(652,1,292,'タスクが作成されました。','2020-05-15 18:08:30','2020-05-15 18:08:30'),(662,1,302,'タスクが作成されました。','2020-05-15 18:09:40','2020-05-15 18:09:40'),(672,2,72,NULL,'2020-05-15 18:11:31','2020-05-15 18:11:31'),(682,1,312,'タスクが作成されました。','2020-05-15 18:12:28','2020-05-15 18:12:28'),(692,2,272,NULL,'2020-05-15 18:16:40','2020-05-15 18:16:40'),(702,1,322,'作成','2020-05-18 09:12:05','2020-05-18 09:12:05'),(712,1,332,'タスクが作成されました。','2020-05-18 10:07:31','2020-05-18 10:07:31'),(732,1,352,'タスクが作成されました。','2020-05-18 10:11:23','2020-05-18 10:11:23'),(742,1,362,'作成','2020-05-18 10:14:58','2020-05-18 10:14:58'),(752,2,292,NULL,'2020-05-18 10:16:12','2020-05-18 10:16:12'),(762,3,332,'常田さんに再PDF化を依頼中','2020-05-18 10:25:21','2020-05-18 10:25:21'),(772,1,82,NULL,'2020-05-18 10:27:38','2020-05-18 10:27:38'),(782,2,192,NULL,'2020-05-18 10:43:23','2020-05-18 10:43:23'),(792,3,82,'立花先生依頼中','2020-05-18 10:53:05','2020-05-18 10:53:05'),(802,2,312,NULL,'2020-05-18 10:57:30','2020-05-18 10:57:30'),(812,3,212,'決裁中','2020-05-18 13:09:59','2020-05-18 13:09:59'),(822,1,372,'タスクが作成されました。','2020-05-18 13:25:06','2020-05-18 13:25:06'),(832,3,372,'カード待ち','2020-05-18 13:26:22','2020-05-18 13:26:22'),(842,1,382,'タスクが作成されました。','2020-05-18 13:29:54','2020-05-18 13:29:54'),(852,2,282,NULL,'2020-05-18 13:43:43','2020-05-18 13:43:43'),(862,2,382,NULL,'2020-05-18 15:03:56','2020-05-18 15:03:56'),(872,1,392,'作成','2020-05-18 15:59:23','2020-05-18 15:59:23'),(882,2,392,NULL,'2020-05-18 16:00:17','2020-05-18 16:00:17'),(892,2,72,NULL,'2020-05-18 16:02:42','2020-05-18 16:02:42'),(902,2,102,NULL,'2020-05-18 16:02:42','2020-05-18 16:02:42'),(912,2,52,NULL,'2020-05-18 16:02:43','2020-05-18 16:02:43'),(922,2,112,NULL,'2020-05-18 16:02:43','2020-05-18 16:02:43'),(932,2,92,NULL,'2020-05-18 16:02:43','2020-05-18 16:02:43'),(942,2,182,NULL,'2020-05-18 16:02:43','2020-05-18 16:02:43'),(952,2,192,NULL,'2020-05-18 16:02:43','2020-05-18 16:02:43'),(962,2,122,NULL,'2020-05-18 16:02:43','2020-05-18 16:02:43'),(972,1,402,'タスクが作成されました。','2020-05-18 16:19:05','2020-05-18 16:19:05'),(982,3,332,'決算書原本待ち','2020-05-18 16:47:41','2020-05-18 16:47:41'),(992,1,412,'タスクが作成されました。','2020-05-18 17:21:39','2020-05-18 17:21:39'),(1002,3,412,'松村物産から入会申込書待ち','2020-05-18 17:22:37','2020-05-18 17:22:37'),(1012,1,422,'タスクが作成されました。','2020-05-18 17:23:55','2020-05-18 17:23:55'),(1022,1,432,'タスクが作成されました。','2020-05-18 17:26:19','2020-05-18 17:26:19'),(1042,1,452,'タスクが作成されました。','2020-05-18 17:39:20','2020-05-18 17:39:20'),(1052,1,462,'タスクが作成されました。','2020-05-18 17:51:06','2020-05-18 17:51:06'),(1062,1,472,'タスクが作成されました。','2020-05-18 17:56:21','2020-05-18 17:56:21'),(1072,2,322,NULL,'2020-05-18 18:00:29','2020-05-18 18:00:29'),(1082,1,482,'タスクが作成されました。','2020-05-18 18:05:01','2020-05-18 18:05:01'),(1092,1,492,'作成','2020-05-19 09:04:59','2020-05-19 09:04:59'),(1102,2,422,NULL,'2020-05-19 09:09:44','2020-05-19 09:09:44'),(1112,1,502,'タスクが作成されました。','2020-05-19 10:05:41','2020-05-19 10:05:41'),(1122,1,512,'タスクが作成されました。','2020-05-19 10:12:20','2020-05-19 10:12:20'),(1132,1,212,NULL,'2020-05-19 11:10:02','2020-05-19 11:10:02'),(1142,1,522,'タスクが作成されました。','2020-05-19 11:27:49','2020-05-19 11:27:49'),(1152,1,532,'タスクが作成されました。','2020-05-19 11:33:32','2020-05-19 11:33:32'),(1162,1,542,'タスクが作成されました。','2020-05-19 11:44:29','2020-05-19 11:44:29'),(1172,2,182,NULL,'2020-05-19 12:00:42','2020-05-19 12:00:42'),(1182,2,72,NULL,'2020-05-19 12:00:42','2020-05-19 12:00:42'),(1192,2,272,NULL,'2020-05-19 12:00:42','2020-05-19 12:00:42'),(1202,2,262,NULL,'2020-05-19 12:00:42','2020-05-19 12:00:42'),(1212,2,292,NULL,'2020-05-19 12:00:42','2020-05-19 12:00:42'),(1222,2,282,NULL,'2020-05-19 12:00:42','2020-05-19 12:00:42'),(1232,2,192,NULL,'2020-05-19 12:00:42','2020-05-19 12:00:42'),(1242,2,382,NULL,'2020-05-19 12:00:42','2020-05-19 12:00:42'),(1252,1,552,'タスクが作成されました。','2020-05-19 12:57:21','2020-05-19 12:57:21'),(1262,2,552,NULL,'2020-05-19 13:05:47','2020-05-19 13:05:47'),(1272,2,472,NULL,'2020-05-19 14:29:28','2020-05-19 14:29:28'),(1282,2,512,NULL,'2020-05-19 14:35:03','2020-05-19 14:35:03'),(1292,2,502,NULL,'2020-05-19 14:38:03','2020-05-19 14:38:03'),(1302,1,202,NULL,'2020-05-19 15:53:43','2020-05-19 15:53:43'),(1312,1,562,'タスクが作成されました。','2020-05-19 17:43:56','2020-05-19 17:43:56'),(1322,1,572,'タスクが作成されました。','2020-05-19 17:44:55','2020-05-19 17:44:55'),(1332,1,582,'タスクが作成されました。','2020-05-19 17:46:53','2020-05-19 17:46:53'),(1342,1,592,'タスクが作成されました。','2020-05-19 17:51:31','2020-05-19 17:51:31'),(1352,1,602,'タスクが作成されました。','2020-05-19 17:54:14','2020-05-19 17:54:14'),(1362,1,612,'作成','2020-05-19 17:55:18','2020-05-19 17:55:18'),(1372,1,622,'タスクが作成されました。','2020-05-19 17:58:25','2020-05-19 17:58:25'),(1382,1,632,'タスクが作成されました。','2020-05-19 18:03:06','2020-05-19 18:03:06'),(1392,2,492,NULL,'2020-05-19 18:05:25','2020-05-19 18:05:25'),(1402,2,592,NULL,'2020-05-19 18:11:41','2020-05-19 18:11:41'),(1412,2,632,NULL,'2020-05-19 18:27:07','2020-05-19 18:27:07'),(1422,2,622,NULL,'2020-05-19 18:46:09','2020-05-19 18:46:09'),(1432,1,642,'作成','2020-05-20 09:17:11','2020-05-20 09:17:11'),(1442,1,652,'タスクが作成されました。','2020-05-20 09:17:55','2020-05-20 09:17:55'),(1452,2,182,NULL,'2020-05-20 09:58:09','2020-05-20 09:58:09'),(1462,2,262,NULL,'2020-05-20 09:58:09','2020-05-20 09:58:09'),(1472,2,72,NULL,'2020-05-20 09:58:09','2020-05-20 09:58:09'),(1482,2,272,NULL,'2020-05-20 09:58:09','2020-05-20 09:58:09'),(1492,2,292,NULL,'2020-05-20 09:58:09','2020-05-20 09:58:09'),(1502,2,382,NULL,'2020-05-20 09:58:09','2020-05-20 09:58:09'),(1512,2,552,NULL,'2020-05-20 09:58:09','2020-05-20 09:58:09'),(1522,2,592,NULL,'2020-05-20 09:58:09','2020-05-20 09:58:09'),(1532,2,192,NULL,'2020-05-20 09:58:09','2020-05-20 09:58:09'),(1542,2,622,NULL,'2020-05-20 09:58:09','2020-05-20 09:58:09'),(1552,2,462,NULL,'2020-05-20 10:09:44','2020-05-20 10:09:44'),(1562,1,662,'タスクが作成されました。','2020-05-20 10:10:38','2020-05-20 10:10:38'),(1572,3,662,'見積／稟議待ち','2020-05-20 10:11:26','2020-05-20 10:11:26'),(1582,1,672,'タスクが作成されました。','2020-05-20 10:21:53','2020-05-20 10:21:53'),(1592,3,672,'明細待ち（書類で来る）','2020-05-20 10:23:15','2020-05-20 10:23:15'),(1602,2,562,'八木さんと相談した結果、移動しないことになった','2020-05-20 10:28:50','2020-05-20 10:28:50'),(1612,2,452,NULL,'2020-05-20 10:49:11','2020-05-20 10:49:11'),(1622,2,202,NULL,'2020-05-20 10:59:02','2020-05-20 10:59:02'),(1632,1,332,NULL,'2020-05-20 11:29:44','2020-05-20 11:29:44'),(1642,2,652,NULL,'2020-05-20 11:50:52','2020-05-20 11:50:52'),(1652,1,682,'作成','2020-05-20 13:03:31','2020-05-20 13:03:31'),(1662,1,692,'タスクが作成されました。','2020-05-20 13:12:58','2020-05-20 13:12:58'),(1672,2,332,NULL,'2020-05-20 13:40:14','2020-05-20 13:40:14'),(1682,3,572,'福田課長確認中','2020-05-20 14:08:39','2020-05-20 14:08:39'),(1692,3,362,'かすみがうら製造原価、EDY／森屋待ち','2020-05-20 14:12:19','2020-05-20 14:12:19'),(1702,3,232,'立川さんに依頼','2020-05-20 14:13:15','2020-05-20 14:13:15'),(1712,3,682,'かすみがうら製造原価、EDY／森屋待ち','2020-05-20 14:22:11','2020-05-20 14:22:11'),(1722,3,362,'EDY／森屋決算書待ち','2020-05-20 14:39:32','2020-05-20 14:39:32'),(1732,3,682,'EDY／森屋決算書待ち','2020-05-20 14:41:05','2020-05-20 14:41:05'),(1742,2,572,NULL,'2020-05-20 14:42:30','2020-05-20 14:42:30'),(1752,2,572,NULL,'2020-05-20 14:42:30','2020-05-20 14:42:30'),(1762,2,692,NULL,'2020-05-20 14:55:31','2020-05-20 14:55:31'),(1772,3,432,'決算書完成待ち','2020-05-20 14:56:09','2020-05-20 14:56:09'),(1782,2,212,NULL,'2020-05-20 17:39:12','2020-05-20 17:39:12'),(1792,1,702,'タスクが作成されました。','2020-05-20 17:47:47','2020-05-20 17:47:47'),(1802,1,712,'作成','2020-05-20 17:56:15','2020-05-20 17:56:15'),(1812,1,662,NULL,'2020-05-20 17:58:13','2020-05-20 17:58:13'),(1822,1,722,'作成','2020-05-20 18:01:18','2020-05-20 18:01:18'),(1832,1,732,'タスクが作成されました。','2020-05-20 18:03:27','2020-05-20 18:03:27'),(1842,1,412,NULL,'2020-05-20 18:04:05','2020-05-20 18:04:05'),(1852,2,642,NULL,'2020-05-20 18:07:36','2020-05-20 18:07:36'),(1862,1,232,'立川さんから受領','2020-05-21 09:10:41','2020-05-21 09:10:41'),(1872,1,742,'作成','2020-05-21 09:13:06','2020-05-21 09:13:06'),(1882,1,752,'作成','2020-05-21 09:16:38','2020-05-21 09:16:38'),(1902,1,772,'タスクが作成されました。','2020-05-21 09:40:20','2020-05-21 09:40:20'),(1912,2,722,NULL,'2020-05-21 09:50:20','2020-05-21 09:50:20'),(1922,2,232,NULL,'2020-05-21 09:51:23','2020-05-21 09:51:23'),(1932,2,732,NULL,'2020-05-21 11:20:08','2020-05-21 11:20:08'),(1942,3,772,'部長確認中','2020-05-21 11:22:09','2020-05-21 11:22:09'),(1952,3,712,'EDY／森屋／連結決算待ち','2020-05-21 11:57:08','2020-05-21 11:57:08'),(1962,3,612,'決裁中','2020-05-21 13:18:19','2020-05-21 13:18:19'),(1972,3,602,'決裁中','2020-05-21 13:30:08','2020-05-21 13:30:08'),(1982,2,402,NULL,'2020-05-21 14:08:22','2020-05-21 14:08:22'),(1992,2,412,NULL,'2020-05-21 14:35:23','2020-05-21 14:35:23'),(2002,1,782,'タスクが作成されました。','2020-05-21 15:59:57','2020-05-21 15:59:57'),(2012,2,782,NULL,'2020-05-21 16:05:28','2020-05-21 16:05:28'),(2022,3,412,'カード待ち','2020-05-21 16:23:45','2020-05-21 16:23:45'),(2032,3,172,'現場判断待ち（288,960円（税抜））','2020-05-21 17:12:49','2020-05-21 17:12:49'),(2042,3,172,'現場判断待ち（288,960円（税抜））','2020-05-21 17:12:49','2020-05-21 17:12:49'),(2052,1,792,'作成','2020-05-21 17:38:13','2020-05-21 17:38:13'),(2062,2,742,NULL,'2020-05-21 18:29:30','2020-05-21 18:29:30'),(2072,2,332,NULL,'2020-05-21 18:48:56','2020-05-21 18:48:56'),(2082,2,232,NULL,'2020-05-21 18:48:56','2020-05-21 18:48:56'),(2092,2,732,NULL,'2020-05-21 18:48:56','2020-05-21 18:48:56'),(2102,2,722,NULL,'2020-05-21 18:48:56','2020-05-21 18:48:56'),(2112,2,742,NULL,'2020-05-21 18:48:56','2020-05-21 18:48:56'),(2122,2,782,NULL,'2020-05-21 18:48:56','2020-05-21 18:48:56'),(2132,2,792,NULL,'2020-05-21 18:57:39','2020-05-21 18:57:39'),(2142,3,532,'SMFL確認待ち／最終支払日確認待ち','2020-05-21 19:20:18','2020-05-21 19:20:18'),(2152,2,702,NULL,'2020-05-21 19:42:04','2020-05-21 19:42:04'),(2162,1,802,'作成','2020-05-22 10:11:21','2020-05-22 10:11:21'),(2172,1,822,'タスクが作成されました。','2020-05-22 10:15:49','2020-05-22 10:15:49'),(2182,3,822,'給与資料待ち','2020-05-22 10:45:57','2020-05-22 10:45:57'),(2192,3,482,'首都圏リース回答待ち','2020-05-22 10:59:37','2020-05-22 10:59:37'),(2202,3,482,'現場反応待ち（120万円（税抜））','2020-05-22 11:13:56','2020-05-22 11:13:56'),(2212,2,752,NULL,'2020-05-22 14:59:54','2020-05-22 14:59:54'),(2222,1,832,'タスクが作成されました。','2020-05-22 15:06:32','2020-05-22 15:06:32'),(2232,2,832,NULL,'2020-05-22 15:23:53','2020-05-22 15:23:53'),(2242,1,842,'タスクが作成されました。','2020-05-22 16:00:40','2020-05-22 16:00:40'),(2252,3,842,'矢部さんから回答待ち','2020-05-22 16:11:37','2020-05-22 16:11:37'),(2262,1,602,NULL,'2020-05-22 16:12:31','2020-05-22 16:12:31'),(2272,1,612,NULL,'2020-05-22 16:12:36','2020-05-22 16:12:36'),(2282,1,852,'タスクが作成されました。','2020-05-22 16:28:51','2020-05-22 16:28:51'),(2292,1,862,'タスクが作成されました。','2020-05-22 16:46:14','2020-05-22 16:46:14'),(2302,1,822,NULL,'2020-05-22 16:47:29','2020-05-22 16:47:29'),(2312,1,872,'タスクが作成されました。','2020-05-22 16:48:47','2020-05-22 16:48:47'),(2322,1,882,'タスクが作成されました。','2020-05-22 16:50:19','2020-05-22 16:50:19'),(2332,1,892,'作成','2020-05-22 16:52:40','2020-05-22 16:52:40'),(2342,1,902,'タスクが作成されました。','2020-05-22 16:54:28','2020-05-22 16:54:28'),(2352,2,802,NULL,'2020-05-22 17:04:26','2020-05-22 17:04:26'),(2362,2,892,NULL,'2020-05-22 17:08:48','2020-05-22 17:08:48'),(2372,2,882,NULL,'2020-05-22 17:32:15','2020-05-22 17:32:15'),(2382,1,912,'作成','2020-05-25 09:08:03','2020-05-25 09:08:03'),(2392,1,922,'タスクが作成されました。','2020-05-25 10:03:53','2020-05-25 10:03:53'),(2402,1,932,'タスクが作成されました。','2020-05-25 10:43:58','2020-05-25 10:43:58'),(2412,1,482,'反応が無いので連絡する','2020-05-25 11:48:58','2020-05-25 11:48:58'),(2422,1,942,'タスクが作成されました。','2020-05-25 11:57:55','2020-05-25 11:57:55'),(2432,1,952,'作成','2020-05-25 13:49:58','2020-05-25 13:49:58'),(2442,2,822,NULL,'2020-05-25 13:50:04','2020-05-25 13:50:04'),(2452,2,862,NULL,'2020-05-25 13:53:16','2020-05-25 13:53:16'),(2462,2,942,NULL,'2020-05-25 14:06:10','2020-05-25 14:06:10'),(2472,1,962,'タスクが作成されました。','2020-05-25 15:38:01','2020-05-25 15:38:01'),(2482,2,902,NULL,'2020-05-25 15:39:25','2020-05-25 15:39:25'),(2492,1,972,'作成','2020-05-25 16:15:02','2020-05-25 16:15:02'),(2502,3,922,'2020-05-26資金入金','2020-05-25 16:16:32','2020-05-25 16:16:32'),(2512,1,672,NULL,'2020-05-25 16:18:48','2020-05-25 16:18:48'),(2522,1,842,'資料着','2020-05-25 17:22:22','2020-05-25 17:22:22'),(2532,2,842,NULL,'2020-05-25 17:30:34','2020-05-25 17:30:34'),(2542,1,982,'作成','2020-05-25 17:33:15','2020-05-25 17:33:15'),(2552,1,992,'作成','2020-05-25 17:38:04','2020-05-25 17:38:04'),(2562,1,1002,'作成','2020-05-25 17:39:34','2020-05-25 17:39:34'),(2572,1,1012,'タスクが作成されました。','2020-05-25 17:48:22','2020-05-25 17:48:22'),(2582,1,1022,'作成','2020-05-25 17:50:49','2020-05-25 17:50:49'),(2592,1,1032,'作成','2020-05-25 17:51:31','2020-05-25 17:51:31'),(2602,1,1042,'作成','2020-05-25 17:53:02','2020-05-25 17:53:02'),(2612,3,1042,'富山から押印待ち','2020-05-25 17:56:46','2020-05-25 17:56:46'),(2622,2,912,NULL,'2020-05-25 18:04:43','2020-05-25 18:04:43'),(2632,2,982,NULL,'2020-05-26 09:22:19','2020-05-26 09:22:19'),(2642,1,1052,'作成','2020-05-26 09:22:33','2020-05-26 09:22:33'),(2652,1,922,NULL,'2020-05-26 09:23:15','2020-05-26 09:23:15'),(2662,1,1062,'タスクが作成されました。','2020-05-26 09:26:28','2020-05-26 09:26:28'),(2672,1,52,NULL,'2020-05-26 10:03:22','2020-05-26 10:03:22'),(2682,2,52,NULL,'2020-05-26 10:04:16','2020-05-26 10:04:16'),(2692,2,922,NULL,'2020-05-26 10:10:04','2020-05-26 10:10:04'),(2702,1,1072,'タスクが作成されました。','2020-05-26 10:47:57','2020-05-26 10:47:57'),(2712,1,1082,'タスクが作成されました。','2020-05-26 10:55:46','2020-05-26 10:55:46'),(2722,1,482,'120万円（税抜）で井上部長口頭で了解','2020-05-26 11:23:46','2020-05-26 11:23:46'),(2732,1,1092,'タスクが作成されました。','2020-05-26 13:01:00','2020-05-26 13:01:00'),(2742,2,1092,NULL,'2020-05-26 13:10:32','2020-05-26 13:10:32'),(2752,3,1072,'あおぞら反応待ち','2020-05-26 13:50:28','2020-05-26 13:50:28'),(2762,3,482,'正式見積待ち','2020-05-26 13:55:01','2020-05-26 13:55:01'),(2772,1,1102,'タスクが作成されました。','2020-05-26 14:05:15','2020-05-26 14:05:15'),(2782,2,962,NULL,'2020-05-26 14:13:46','2020-05-26 14:13:46'),(2792,1,1112,'タスクが作成されました。','2020-05-26 14:20:38','2020-05-26 14:20:38'),(2802,2,1112,NULL,'2020-05-26 14:33:18','2020-05-26 14:33:18'),(2812,1,1122,'タスクが作成されました。','2020-05-26 14:48:06','2020-05-26 14:48:06'),(2822,2,612,NULL,'2020-05-26 15:14:07','2020-05-26 15:14:07'),(2832,2,602,NULL,'2020-05-26 15:29:20','2020-05-26 15:29:20'),(2842,1,1132,'タスクが作成されました。','2020-05-26 16:14:11','2020-05-26 16:14:11'),(2852,1,1142,'タスクが作成されました。','2020-05-26 16:50:08','2020-05-26 16:50:08'),(2862,2,1132,NULL,'2020-05-26 17:03:15','2020-05-26 17:03:15'),(2872,1,1152,'タスクが作成されました。','2020-05-26 17:23:09','2020-05-26 17:23:09'),(2882,2,1062,NULL,'2020-05-26 19:51:11','2020-05-26 19:51:11'),(2892,5,1052,NULL,'2020-05-26 19:51:33','2020-05-26 19:51:33'),(2902,1,1162,'作成','2020-05-27 09:28:38','2020-05-27 09:28:38'),(2912,1,1172,'作成','2020-05-27 09:29:57','2020-05-27 09:29:57'),(2922,1,1182,'タスクが作成されました。','2020-05-27 09:34:15','2020-05-27 09:34:15'),(2932,1,1192,'タスクが作成されました。','2020-05-27 09:50:56','2020-05-27 09:50:56'),(2942,1,1202,'タスクが作成されました。','2020-05-27 10:06:52','2020-05-27 10:06:52'),(2952,1,1212,'タスクが作成されました。','2020-05-27 11:43:03','2020-05-27 11:43:03'),(2962,2,1172,NULL,'2020-05-27 11:44:41','2020-05-27 11:44:41'),(2972,2,1182,NULL,'2020-05-27 11:48:39','2020-05-27 11:48:39'),(2982,2,1212,NULL,'2020-05-27 13:51:52','2020-05-27 13:51:52'),(2992,2,872,NULL,'2020-05-27 15:03:09','2020-05-27 15:03:09'),(3002,1,1222,'タスクが作成されました。','2020-05-27 15:20:29','2020-05-27 15:20:29'),(3012,1,1232,'タスクが作成されました。','2020-05-27 15:22:27','2020-05-27 15:22:27'),(3022,2,1232,NULL,'2020-05-27 15:53:46','2020-05-27 15:53:46'),(3032,2,1202,NULL,'2020-05-27 17:18:30','2020-05-27 17:18:30'),(3042,3,1122,'電子証明書取得用はがきがないためサスペンド','2020-05-27 17:32:09','2020-05-27 17:32:09'),(3052,3,1192,'赤池係長確認待ち','2020-05-27 17:32:50','2020-05-27 17:32:50'),(3062,1,1242,'タスクが作成されました。','2020-05-27 17:51:10','2020-05-27 17:51:10'),(3072,1,1252,'タスクが作成されました。','2020-05-27 17:52:18','2020-05-27 17:52:18'),(3082,1,1262,'タスクが作成されました。','2020-05-27 18:10:47','2020-05-27 18:10:47'),(3092,1,142,'見積着（306,900円（税込））','2020-05-27 18:12:45','2020-05-27 18:12:45'),(3102,1,152,'見積着（427,350円（税込））','2020-05-27 18:13:50','2020-05-27 18:13:50'),(3112,1,162,'見積着（730,950円（税込））','2020-05-27 18:14:48','2020-05-27 18:14:48'),(3122,1,1272,'タスクが作成されました。','2020-05-27 18:18:40','2020-05-27 18:18:40'),(3132,1,1282,'タスクが作成されました。','2020-05-27 18:21:12','2020-05-27 18:21:12'),(3142,2,1162,NULL,'2020-05-27 18:23:47','2020-05-27 18:23:47'),(3152,2,1282,NULL,'2020-05-27 18:34:20','2020-05-27 18:34:20'),(3162,3,142,'現場回答待ち','2020-05-27 18:40:07','2020-05-27 18:40:07'),(3172,3,152,'現場回答待ち','2020-05-27 18:40:53','2020-05-27 18:40:53'),(3182,3,162,'現場回答待ち','2020-05-27 18:41:20','2020-05-27 18:41:20'),(3192,1,1292,'作成','2020-05-28 09:05:48','2020-05-28 09:05:48'),(3202,2,1142,NULL,'2020-05-28 10:39:17','2020-05-28 10:39:17'),(3212,2,672,NULL,'2020-05-28 10:51:09','2020-05-28 10:51:09'),(3222,2,1082,NULL,'2020-05-28 10:51:23','2020-05-28 10:51:23'),(3232,2,582,NULL,'2020-05-28 10:54:44','2020-05-28 10:54:44'),(3242,2,992,NULL,'2020-05-28 10:56:06','2020-05-28 10:56:06'),(3252,1,1302,'タスクが作成されました。','2020-05-28 11:05:38','2020-05-28 11:05:38'),(3262,1,1312,'タスクが作成されました。','2020-05-28 11:13:54','2020-05-28 11:13:54'),(3272,2,1312,NULL,'2020-05-28 12:03:46','2020-05-28 12:03:46'),(3282,1,1322,'タスクが作成されました。','2020-05-28 12:40:02','2020-05-28 12:40:02'),(3292,2,1322,NULL,'2020-05-28 13:09:09','2020-05-28 13:09:09'),(3302,2,1262,NULL,'2020-05-28 13:28:26','2020-05-28 13:28:26'),(3312,2,1302,NULL,'2020-05-28 13:50:25','2020-05-28 13:50:25'),(3322,1,1322,'レンダーに提出するので正式なものが欲しい','2020-05-28 13:58:22','2020-05-28 13:58:22'),(3332,3,1322,'張さんに問い合わせ中','2020-05-28 14:00:17','2020-05-28 14:00:17'),(3342,2,1252,NULL,'2020-05-28 14:04:47','2020-05-28 14:04:47'),(3352,3,1102,'赤池さんから5月の資料待ち（6/1予定）','2020-05-28 14:26:49','2020-05-28 14:26:49'),(3362,2,1242,NULL,'2020-05-28 14:31:10','2020-05-28 14:31:10'),(3372,1,1332,'タスクが作成されました。','2020-05-28 14:39:57','2020-05-28 14:39:57'),(3382,1,1342,'タスクが作成されました。','2020-05-28 14:44:32','2020-05-28 14:44:32'),(3392,2,1342,NULL,'2020-05-28 15:00:08','2020-05-28 15:00:08'),(3402,1,1352,'タスクが作成されました。','2020-05-28 15:04:57','2020-05-28 15:04:57'),(3412,1,1362,'タスクが作成されました。','2020-05-28 15:07:37','2020-05-28 15:07:37'),(3422,3,1222,'決裁中','2020-05-28 15:20:37','2020-05-28 15:20:37'),(3432,2,1272,NULL,'2020-05-28 15:29:30','2020-05-28 15:29:30'),(3442,1,1322,'資料着','2020-05-28 16:57:55','2020-05-28 16:57:55'),(3452,2,1322,NULL,'2020-05-28 16:59:04','2020-05-28 16:59:04'),(3462,1,482,'反応が無いので本田さんに電話','2020-05-28 17:02:59','2020-05-28 17:02:59'),(3472,2,1292,NULL,'2020-05-28 17:08:21','2020-05-28 17:08:21'),(3482,2,1002,NULL,'2020-05-28 17:35:17','2020-05-28 17:35:17'),(3492,1,1372,'作成','2020-05-29 09:34:51','2020-05-29 09:34:51'),(3502,1,1382,'作成','2020-05-29 09:34:56','2020-05-29 09:34:56'),(3522,2,1382,NULL,'2020-05-29 09:55:45','2020-05-29 09:55:45'),(3532,2,1332,NULL,'2020-05-29 11:30:52','2020-05-29 11:30:52'),(3542,3,482,'正式見積待ち','2020-05-29 14:00:14','2020-05-29 14:00:14'),(3552,3,1042,'定款の割印がなかったため差し戻し','2020-05-29 14:04:28','2020-05-29 14:04:28'),(3562,1,1402,'タスクが作成されました。','2020-05-29 15:33:58','2020-05-29 15:33:58'),(3572,2,1402,NULL,'2020-05-29 15:54:52','2020-05-29 15:54:52'),(3582,3,522,'支払日確認待ち、SMFL確認待ち','2020-05-29 16:26:34','2020-05-29 16:26:34'),(3592,3,1012,'美咲ファームから返送待ち','2020-05-29 16:58:58','2020-05-29 16:58:58'),(3602,2,1022,NULL,'2020-05-29 17:12:55','2020-05-29 17:12:55'),(3612,1,1412,'タスクが作成されました。','2020-05-29 17:17:42','2020-05-29 17:17:42'),(3642,2,1412,NULL,'2020-05-29 17:33:57','2020-05-29 17:33:57'),(3652,1,1442,'作成','2020-05-29 17:50:25','2020-05-29 17:50:25'),(3662,1,1222,NULL,'2020-05-29 18:29:43','2020-05-29 18:29:43'),(3672,1,1452,'タスクが作成されました。','2020-05-29 18:52:34','2020-05-29 18:52:34'),(3682,1,1462,'タスクが作成されました。','2020-05-29 18:54:22','2020-05-29 18:54:22'),(3692,1,1472,'タスクが作成されました。','2020-05-29 18:57:43','2020-05-29 18:57:43'),(3702,1,1482,'タスクが作成されました。','2020-05-29 18:59:46','2020-05-29 18:59:46'),(3712,2,1372,NULL,'2020-05-29 19:16:35','2020-05-29 19:16:35'),(3722,2,1442,NULL,'2020-05-29 19:22:20','2020-05-29 19:22:20'),(3732,1,1492,'作成','2020-06-01 09:35:52','2020-06-01 09:35:52'),(3742,2,1472,NULL,'2020-06-01 09:48:52','2020-06-01 09:48:52'),(3752,2,1222,NULL,'2020-06-01 10:34:20','2020-06-01 10:34:20'),(3762,3,1332,'固定資産税の伝票待ち','2020-06-01 11:00:29','2020-06-01 11:00:29'),(3772,1,1502,'タスクが作成されました。','2020-06-01 12:00:04','2020-06-01 12:00:04'),(3782,2,1462,NULL,'2020-06-01 12:00:45','2020-06-01 12:00:45'),(3792,2,1502,NULL,'2020-06-01 13:33:41','2020-06-01 13:33:41'),(3802,3,1102,'契約書待ち','2020-06-01 15:08:12','2020-06-01 15:08:12'),(3812,2,1482,NULL,'2020-06-01 15:58:44','2020-06-01 15:58:44'),(3822,1,1512,'作成','2020-06-01 18:06:36','2020-06-01 18:06:36'),(3832,1,1522,'タスクが作成されました。','2020-06-01 18:15:07','2020-06-01 18:15:07'),(3842,1,1532,'タスクが作成されました。','2020-06-01 18:16:57','2020-06-01 18:16:57'),(3852,2,1492,NULL,'2020-06-01 18:17:39','2020-06-01 18:17:39'),(3862,1,372,'カード着','2020-06-01 18:21:49','2020-06-01 18:21:49'),(3872,3,372,'もう一枚のカード待ち','2020-06-01 18:22:20','2020-06-01 18:22:20'),(3882,1,1542,'タスクが作成されました。','2020-06-01 18:26:04','2020-06-01 18:26:04'),(3892,3,1542,'7720のカード処理待ち','2020-06-01 18:26:40','2020-06-01 18:26:40'),(3902,2,1512,NULL,'2020-06-01 18:32:24','2020-06-01 18:32:24'),(3912,2,1522,NULL,'2020-06-01 18:39:04','2020-06-01 18:39:04'),(3922,1,1552,'作成','2020-06-02 09:14:18','2020-06-02 09:14:18'),(3932,1,1562,'タスクが作成されました。','2020-06-02 09:17:23','2020-06-02 09:17:23'),(3942,1,1572,'タスクが作成されました。','2020-06-02 09:24:34','2020-06-02 09:24:34'),(3952,1,1582,'タスクが作成されました。','2020-06-02 09:25:34','2020-06-02 09:25:34'),(3962,2,1532,NULL,'2020-06-02 10:31:04','2020-06-02 10:31:04'),(3972,1,1592,'タスクが作成されました。','2020-06-02 10:36:57','2020-06-02 10:36:57'),(3982,2,1592,NULL,'2020-06-02 11:53:39','2020-06-02 11:53:39'),(3992,1,1042,'富山から着','2020-06-02 17:47:28','2020-06-02 17:47:28'),(4002,1,1072,NULL,'2020-06-02 17:47:36','2020-06-02 17:47:36'),(4012,2,1042,NULL,'2020-06-02 17:47:43','2020-06-02 17:47:43'),(4022,2,1072,NULL,'2020-06-02 17:47:52','2020-06-02 17:47:52'),(4032,2,1562,NULL,'2020-06-02 17:53:05','2020-06-02 17:53:05'),(4042,2,1572,NULL,'2020-06-02 18:12:10','2020-06-02 18:12:10'),(4052,2,1582,NULL,'2020-06-02 18:22:56','2020-06-02 18:22:56'),(4062,1,1602,'作成','2020-06-02 18:43:50','2020-06-02 18:43:50'),(4072,1,1612,'タスクが作成されました。','2020-06-02 18:45:36','2020-06-02 18:45:36'),(4082,1,1622,'タスクが作成されました。','2020-06-02 18:49:40','2020-06-02 18:49:40'),(4092,2,1552,NULL,'2020-06-02 18:55:29','2020-06-02 18:55:29'),(4102,2,1602,NULL,'2020-06-02 18:57:50','2020-06-02 18:57:50'),(4112,1,1632,'作成','2020-06-03 09:16:41','2020-06-03 09:16:41'),(4122,3,662,'見積結果待ち（JA三井リース）','2020-06-03 10:06:00','2020-06-03 10:06:00'),(4132,1,1642,'タスクが作成されました。','2020-06-03 10:27:58','2020-06-03 10:27:58'),(4142,3,1612,'契約書待ち','2020-06-03 10:49:11','2020-06-03 10:49:11'),(4162,2,1642,NULL,'2020-06-03 11:38:07','2020-06-03 11:38:07'),(4172,1,662,'見積着','2020-06-03 13:06:52','2020-06-03 13:06:52'),(4182,3,662,'現場承認待ち','2020-06-03 13:18:57','2020-06-03 13:18:57'),(4192,1,662,'現場承認着','2020-06-03 13:28:04','2020-06-03 13:28:04'),(4202,3,662,'契約書待ち','2020-06-03 13:28:33','2020-06-03 13:28:33'),(4212,1,662,NULL,'2020-06-03 13:29:17','2020-06-03 13:29:17'),(4222,1,1662,'タスクが作成されました。','2020-06-03 14:19:11','2020-06-03 14:19:11'),(4232,2,1662,NULL,'2020-06-03 14:21:35','2020-06-03 14:21:35'),(4242,1,1362,'「基礎資料作成（預金平残／金利／リース料率）」を完了しました','2020-06-03 14:49:25','2020-06-03 14:49:25'),(4252,1,1362,'「入力」を完了しました','2020-06-03 15:10:22','2020-06-03 15:10:22'),(4262,2,1362,NULL,'2020-06-03 15:10:26','2020-06-03 15:10:26'),(4272,1,1632,'「ヒヨコのエサ支払確認」を完了しました','2020-06-03 15:12:18','2020-06-03 15:12:18'),(4282,1,1632,'「郵便物処理」を完了しました','2020-06-03 17:01:39','2020-06-03 17:01:39'),(4292,1,1632,'「調印処理」を完了しました','2020-06-03 17:38:58','2020-06-03 17:38:58'),(4302,1,1632,'「ワークフロー処理」を完了しました','2020-06-03 17:40:39','2020-06-03 17:40:39'),(4312,1,1672,'タスクが作成されました。','2020-06-03 17:45:50','2020-06-03 17:45:50'),(4322,1,1632,'「メール処理」を完了しました','2020-06-03 17:52:42','2020-06-03 17:52:42'),(4332,1,1682,'作成','2020-06-03 17:58:32','2020-06-03 17:58:32'),(4342,2,1682,NULL,'2020-06-03 18:00:59','2020-06-03 18:00:59'),(4352,1,1692,'タスクが作成されました。','2020-06-03 18:02:44','2020-06-03 18:02:44'),(4362,1,142,'現場確認','2020-06-03 18:05:27','2020-06-03 18:05:27'),(4372,1,152,'現場確認','2020-06-03 18:05:37','2020-06-03 18:05:37'),(4382,1,162,'現場確認','2020-06-03 18:06:13','2020-06-03 18:06:13'),(4392,1,172,'現場確認','2020-06-03 18:06:37','2020-06-03 18:06:37'),(4402,1,522,NULL,'2020-06-03 18:07:24','2020-06-03 18:07:24'),(4412,1,532,NULL,'2020-06-03 18:08:22','2020-06-03 18:08:22'),(4422,1,1632,'「タスク整理」を完了しました','2020-06-03 18:11:07','2020-06-03 18:11:07'),(4432,2,1632,NULL,'2020-06-03 18:11:19','2020-06-03 18:11:19'),(4442,1,1702,'作成','2020-06-04 09:08:37','2020-06-04 09:08:37'),(4452,1,1672,'「あおぞらに連絡」を完了しました','2020-06-04 10:11:53','2020-06-04 10:11:53'),(4462,1,1672,'「資金確認／入金」を完了しました','2020-06-04 10:11:53','2020-06-04 10:11:53'),(4472,1,1702,'「資金移動」を完了しました','2020-06-04 10:12:15','2020-06-04 10:12:15'),(4482,1,142,'「現場に確認」を完了しました','2020-06-04 10:46:17','2020-06-04 10:46:17'),(4492,3,142,'現場判断待ち','2020-06-04 10:46:58','2020-06-04 10:46:58'),(4502,1,152,'「現場に確認メール送付」を完了しました','2020-06-04 10:47:08','2020-06-04 10:47:08'),(4512,3,152,'現場判断待ち','2020-06-04 10:47:20','2020-06-04 10:47:20'),(4522,1,162,'「現場に確認メール送付」を完了しました','2020-06-04 10:47:30','2020-06-04 10:47:30'),(4532,3,162,'現場判断待ち','2020-06-04 10:47:43','2020-06-04 10:47:43'),(4542,1,172,'「現場に確認メール送付」を完了しました','2020-06-04 10:47:53','2020-06-04 10:47:53'),(4552,3,172,'現場判断待ち','2020-06-04 10:48:28','2020-06-04 10:48:28'),(4562,1,662,'JA三井リースより契約書完成連絡あり、11日までに押印必要','2020-06-04 11:21:15','2020-06-04 11:21:15'),(4572,1,1702,'「ヒヨコのエサ支払確認」を完了しました','2020-06-04 14:21:50','2020-06-04 14:21:50'),(4582,1,1702,'「郵便物処理」を完了しました','2020-06-04 14:21:58','2020-06-04 14:21:58'),(4592,1,1702,'「調印処理」を完了しました','2020-06-04 15:50:52','2020-06-04 15:50:52'),(4602,1,1672,'「伝票作成／送付（通帳も）」を完了しました','2020-06-04 16:19:08','2020-06-04 16:19:08'),(4612,1,1672,'「あおぞらにメール」を完了しました','2020-06-04 16:19:08','2020-06-04 16:19:08'),(4622,2,1672,NULL,'2020-06-04 16:19:20','2020-06-04 16:19:20'),(4632,1,1702,'「ワークフロー処理」を完了しました','2020-06-04 16:22:45','2020-06-04 16:22:45'),(4642,1,1712,'タスクが作成されました。','2020-06-04 16:34:53','2020-06-04 16:34:53'),(4652,1,1712,'「JA三井リースに再見積依頼」を完了しました','2020-06-04 16:39:31','2020-06-04 16:39:31'),(4662,3,1712,'リース料見積待ち','2020-06-04 16:39:39','2020-06-04 16:39:39'),(4672,1,1702,'「メール処理」を完了しました','2020-06-04 16:45:27','2020-06-04 16:45:27'),(4682,2,142,'再リースで回答あり','2020-06-04 16:48:34','2020-06-04 16:48:34'),(4692,2,152,'再リースで回答あり','2020-06-04 16:48:42','2020-06-04 16:48:42'),(4702,2,162,'再リースで回答あり','2020-06-04 16:48:52','2020-06-04 16:48:52'),(4712,2,172,'再リースで回答あり','2020-06-04 16:49:04','2020-06-04 16:49:04'),(4722,1,662,'JA三井リースから連絡（謄本1通必要）','2020-06-04 16:56:53','2020-06-04 16:56:53'),(4732,1,662,'「謄本手配（イセ食品×1）」を完了しました','2020-06-04 16:57:22','2020-06-04 16:57:22'),(4742,2,1192,'導入あり（JA三井送付済み）','2020-06-04 16:59:19','2020-06-04 16:59:19'),(4752,1,82,'先生から権利証一式着','2020-06-04 17:11:00','2020-06-04 17:11:00'),(4762,1,1102,'契約書着','2020-06-04 17:11:55','2020-06-04 17:11:55'),(4772,1,1722,'作成','2020-06-04 17:14:14','2020-06-04 17:14:14'),(4782,1,412,'カード着','2020-06-04 17:21:10','2020-06-04 17:21:10'),(4792,1,1732,'作成','2020-06-04 17:21:58','2020-06-04 17:21:58'),(4802,1,1742,'タスクが作成されました。','2020-06-04 17:29:42','2020-06-04 17:29:42'),(4812,1,1702,'「タスク整理」を完了しました','2020-06-04 17:31:42','2020-06-04 17:31:42'),(4822,2,1702,NULL,'2020-06-04 17:31:51','2020-06-04 17:31:51'),(4832,1,1742,'「茂木副所長に当該物件の型番等確認」を完了しました','2020-06-04 17:34:28','2020-06-04 17:34:28'),(4842,3,1742,'茂木副所長確認待ち','2020-06-04 17:34:41','2020-06-04 17:34:41'),(4852,2,82,NULL,'2020-06-04 17:36:16','2020-06-04 17:36:16'),(4862,1,1732,'「台帳に登録」を完了しました','2020-06-04 17:39:33','2020-06-04 17:39:33'),(4872,1,1732,'「現場に送付」を完了しました','2020-06-04 17:39:34','2020-06-04 17:39:34'),(4882,2,1732,NULL,'2020-06-04 17:39:43','2020-06-04 17:39:43'),(4892,1,412,'「台帳に登録」を完了しました','2020-06-04 17:42:20','2020-06-04 17:42:20'),(4902,1,412,'「現場に送付」を完了しました','2020-06-04 17:42:21','2020-06-04 17:42:21'),(4912,2,412,NULL,'2020-06-04 17:42:25','2020-06-04 17:42:25'),(4922,1,662,'「リース物件検収完了報告書作成／送付」を完了しました','2020-06-04 17:50:33','2020-06-04 17:50:33'),(4932,3,662,'検収完了報告書／契約書待ち','2020-06-04 17:50:44','2020-06-04 17:50:44'),(4942,1,522,'「調印申請作成（物件受領書／売買契約書）」を完了しました','2020-06-04 18:01:36','2020-06-04 18:01:36'),(4952,3,522,'決裁待ち／支払待ち','2020-06-04 18:01:46','2020-06-04 18:01:46'),(4962,1,532,'「調印申請作成（物件受領書／売買契約書）」を完了しました','2020-06-04 18:07:44','2020-06-04 18:07:44'),(4972,3,532,'決裁待ち／支払待ち','2020-06-04 18:07:59','2020-06-04 18:07:59'),(4982,1,662,'契約書着','2020-06-08 09:15:50','2020-06-08 09:15:50'),(4992,1,1752,'作成','2020-06-08 09:29:54','2020-06-08 09:29:54'),(5002,3,1712,'見積着、稟議待ち','2020-06-08 10:34:24','2020-06-08 10:34:24'),(5012,3,1712,'「再見積送付」を完了しました','2020-06-08 10:36:31','2020-06-08 10:36:31'),(5022,1,1752,'「資金移動」を完了しました','2020-06-08 10:52:01','2020-06-08 10:52:01'),(5032,1,662,'「検収完了報告書確認」を完了しました','2020-06-08 11:08:08','2020-06-08 11:08:08'),(5042,1,1762,'タスクが作成されました。','2020-06-08 11:40:39','2020-06-08 11:40:39'),(5052,1,1762,'「連結財務諸表（2020年1月期）」を完了しました','2020-06-08 11:42:25','2020-06-08 11:42:25'),(5062,2,1762,NULL,'2020-06-08 11:42:30','2020-06-08 11:42:30'),(5072,1,662,'「調印申請作成（契約書）」を完了しました','2020-06-08 11:53:03','2020-06-08 11:53:03'),(5082,3,662,'決裁待ち','2020-06-08 11:53:12','2020-06-08 11:53:12'),(5092,1,542,'「張さんにとりあえず契約書PDFをメール」を完了しました','2020-06-08 13:17:06','2020-06-08 13:17:06'),(5102,1,1722,'「見積書／納品書／請求書作成」を完了しました','2020-06-08 13:55:19','2020-06-08 13:55:19'),(5112,1,1722,'「調印申請作成」を完了しました','2020-06-08 14:04:31','2020-06-08 14:04:31'),(5122,3,1722,'決裁待ち','2020-06-08 14:04:41','2020-06-08 14:04:41'),(5132,1,1752,'「郵便物処理」を完了しました','2020-06-08 14:04:50','2020-06-08 14:04:50'),(5142,3,1332,'「現場に送付」を完了しました','2020-06-08 14:08:11','2020-06-08 14:08:11'),(5152,2,1332,'固定資産税は現場で支払い','2020-06-08 14:08:35','2020-06-08 14:08:35'),(5162,1,1102,'「見積書／納品書／請求書作成」を完了しました','2020-06-08 16:34:59','2020-06-08 16:34:59'),(5172,1,1752,'「調印処理」を完了しました','2020-06-08 17:27:47','2020-06-08 17:27:47'),(5182,1,1752,'「ワークフロー処理」を完了しました','2020-06-08 17:28:00','2020-06-08 17:28:00'),(5192,1,522,'決裁完了、支払い待ち','2020-06-08 17:33:57','2020-06-08 17:33:57'),(5202,1,532,'決裁完了、支払い待ち','2020-06-08 17:34:11','2020-06-08 17:34:11'),(5212,1,1452,'「導入時期確認」を完了しました','2020-06-08 17:44:36','2020-06-08 17:44:36'),(5222,3,1452,'辻川工場長から導入時期／支払時期確認待ち','2020-06-08 17:44:56','2020-06-08 17:44:56'),(5232,1,1752,'「メール処理」を完了しました','2020-06-08 17:46:25','2020-06-08 17:46:25'),(5242,1,1772,'作成','2020-06-08 17:47:33','2020-06-08 17:47:33'),(5252,1,1782,'タスクが作成されました。','2020-06-08 17:51:35','2020-06-08 17:51:35'),(5262,1,1792,'タスクが作成されました。','2020-06-08 17:53:19','2020-06-08 17:53:19'),(5272,1,1742,'確認完了','2020-06-08 17:55:59','2020-06-08 17:55:59'),(5282,1,1802,'タスクが作成されました。','2020-06-08 17:57:26','2020-06-08 17:57:26'),(5292,1,1812,'タスクが作成されました。','2020-06-08 18:05:44','2020-06-08 18:05:44'),(5302,1,1822,'タスクが作成されました。','2020-06-08 18:08:45','2020-06-08 18:08:45'),(5312,1,1832,'タスクが作成されました。','2020-06-08 18:11:34','2020-06-08 18:11:34'),(5322,1,1842,'タスクが作成されました。','2020-06-08 18:15:41','2020-06-08 18:15:41'),(5332,1,1012,'書類一式着','2020-06-08 18:18:47','2020-06-08 18:18:47'),(5342,1,1012,'「臨時株主総会議事録（1通）」を完了しました','2020-06-08 18:18:54','2020-06-08 18:18:54'),(5352,1,1012,'「互選書（1通）」を完了しました','2020-06-08 18:18:55','2020-06-08 18:18:55'),(5362,1,1012,'「印鑑（改印）届書（1通）」を完了しました','2020-06-08 18:18:57','2020-06-08 18:18:57'),(5372,1,1012,'「印鑑証明書（木下）」を完了しました','2020-06-08 18:19:07','2020-06-08 18:19:07'),(5382,1,1012,'「印鑑証明書（中川）」を完了しました','2020-06-08 18:19:07','2020-06-08 18:19:07'),(5392,1,1852,'作成','2020-06-08 18:21:17','2020-06-08 18:21:17'),(5402,1,1752,'「タスク整理」を完了しました','2020-06-08 18:26:29','2020-06-08 18:26:29'),(5412,2,1752,NULL,'2020-06-08 18:26:33','2020-06-08 18:26:33'),(5422,1,1862,'タスクが作成されました。','2020-06-08 18:27:42','2020-06-08 18:27:42'),(5432,2,1772,NULL,'2020-06-08 18:33:36','2020-06-08 18:33:36'),(5442,1,1872,'作成','2020-06-09 09:08:35','2020-06-09 09:08:35'),(5452,1,1782,'「福田課長に実行を連絡」を完了しました','2020-06-09 09:46:24','2020-06-09 09:46:24'),(5462,3,1782,'契約書待ち','2020-06-09 09:46:35','2020-06-09 09:46:35'),(5472,2,1812,NULL,'2020-06-09 10:19:02','2020-06-09 10:19:02'),(5482,1,482,'正式見積待ち','2020-06-09 10:47:17','2020-06-09 10:47:17'),(5492,1,1872,'「資金移動」を完了しました','2020-06-09 10:52:20','2020-06-09 10:52:20'),(5502,1,1792,'「松原さんにどうするか相談」を完了しました','2020-06-09 11:12:24','2020-06-09 11:12:24'),(5512,1,1792,'「SMFL本間さんに回答」を完了しました','2020-06-09 11:25:17','2020-06-09 11:25:17'),(5522,1,1792,'「修正した仕入先別集計表を送付」を完了しました','2020-06-09 11:39:57','2020-06-09 11:39:57'),(5532,1,1792,'「松原さん他に詳しいスキーム／金額をメールで説明」を完了しました','2020-06-09 11:49:23','2020-06-09 11:49:23'),(5542,3,1792,'契約書待ち','2020-06-09 11:49:33','2020-06-09 11:49:33'),(5552,1,482,'「調印申請作成」を完了しました','2020-06-09 12:05:40','2020-06-09 12:05:40'),(5562,3,482,'決裁待ち','2020-06-09 12:06:03','2020-06-09 12:06:03'),(5572,1,1012,'「細田先生に送付」を完了しました','2020-06-09 13:21:21','2020-06-09 13:21:21'),(5582,2,1012,NULL,'2020-06-09 13:21:28','2020-06-09 13:21:28'),(5592,1,1872,'「ヒヨコのエサ支払確認」を完了しました','2020-06-09 13:33:27','2020-06-09 13:33:27'),(5602,1,1872,'「郵便物処理」を完了しました','2020-06-09 13:33:30','2020-06-09 13:33:30'),(5612,1,1832,'「富士たまご決算書（2020年1月期）」を完了しました','2020-06-09 13:39:23','2020-06-09 13:39:23'),(5622,1,1832,'「千葉孵化場決算書（2020年1月期）」を完了しました','2020-06-09 13:39:23','2020-06-09 13:39:23'),(5632,1,1832,'「月次資料（2020年4月）」を完了しました','2020-06-09 13:39:24','2020-06-09 13:39:24'),(5642,2,1832,NULL,'2020-06-09 13:39:29','2020-06-09 13:39:29'),(5652,1,1882,'タスクが作成されました。','2020-06-09 13:41:14','2020-06-09 13:41:14'),(5662,1,1802,'「決算書（勘定科目明細含む）」を完了しました','2020-06-09 13:50:14','2020-06-09 13:50:14'),(5672,1,1802,'「法人税申告書控 別表十六」を完了しました','2020-06-09 13:50:15','2020-06-09 13:50:15'),(5682,1,1802,'「金融機関別借入残高表」を完了しました','2020-06-09 13:50:15','2020-06-09 13:50:15'),(5692,1,1802,'「減価償却に関する資料」を完了しました','2020-06-09 13:50:16','2020-06-09 13:50:16'),(5702,1,1802,'「従業員数に関する情報」を完了しました','2020-06-09 13:50:17','2020-06-09 13:50:17'),(5712,2,1802,NULL,'2020-06-09 13:50:22','2020-06-09 13:50:22'),(5722,1,1892,'タスクが作成されました。','2020-06-09 13:57:21','2020-06-09 13:57:21'),(5732,1,1862,'「エッグドリーム八千代」を完了しました','2020-06-09 13:59:51','2020-06-09 13:59:51'),(5742,3,1862,'森屋決算書待ち','2020-06-09 14:00:02','2020-06-09 14:00:02'),(5752,3,432,'「エッグドリーム八千代（2020年3月期）」を完了しました','2020-06-09 14:02:16','2020-06-09 14:02:16'),(5762,3,432,'森屋決算書待ち','2020-06-09 14:02:37','2020-06-09 14:02:37'),(5772,3,682,'「⑯エッグドリーム八千代」を完了しました','2020-06-09 14:03:26','2020-06-09 14:03:26'),(5782,3,682,'森屋決算書待ち','2020-06-09 14:03:36','2020-06-09 14:03:36'),(5792,3,712,'「⑯エッグドリーム八千代」を完了しました','2020-06-09 14:05:11','2020-06-09 14:05:11'),(5802,3,712,'「連結決算」を完了しました','2020-06-09 14:05:13','2020-06-09 14:05:13'),(5812,3,712,'森屋決算書待ち','2020-06-09 14:05:23','2020-06-09 14:05:23'),(5822,2,1892,NULL,'2020-06-09 14:18:45','2020-06-09 14:18:45'),(5832,2,1822,NULL,'2020-06-09 14:26:35','2020-06-09 14:26:35'),(5842,2,1842,NULL,'2020-06-09 14:34:04','2020-06-09 14:34:04'),(5852,1,1692,'「つくばファーム（33,232,885円）→割賦にできるかSMFLに確認」を完了しました','2020-06-09 14:40:45','2020-06-09 14:40:45'),(5862,1,1692,'「森屋農場（2,600,494円）」を完了しました','2020-06-09 14:42:48','2020-06-09 14:42:48'),(5872,1,1692,'「富士たまご（34,701,771円）」を完了しました','2020-06-09 14:42:48','2020-06-09 14:42:48'),(5882,2,1692,NULL,'2020-06-09 14:43:06','2020-06-09 14:43:06'),(5892,1,1102,'「調印申請作成」を完了しました','2020-06-09 14:49:48','2020-06-09 14:49:48'),(5902,3,1102,'決裁待ち','2020-06-09 14:49:58','2020-06-09 14:49:58'),(5912,1,1902,'タスクが作成されました。','2020-06-09 15:03:55','2020-06-09 15:03:55'),(5922,1,1902,'「連結財務諸表（2020年1月期）」を完了しました','2020-06-09 16:19:38','2020-06-09 16:19:38'),(5932,2,1902,NULL,'2020-06-09 16:19:50','2020-06-09 16:19:50'),(5942,1,1872,'「調印処理」を完了しました','2020-06-09 16:19:57','2020-06-09 16:19:57'),(5952,1,1872,'「ワークフロー処理」を完了しました','2020-06-09 16:21:04','2020-06-09 16:21:04'),(5962,1,522,'「調印」を完了しました','2020-06-09 16:21:14','2020-06-09 16:21:14'),(5972,1,532,'「調印」を完了しました','2020-06-09 16:21:17','2020-06-09 16:21:17'),(5982,1,1872,'「メール処理」を完了しました','2020-06-09 16:29:22','2020-06-09 16:29:22'),(5992,1,1912,'タスクが作成されました。','2020-06-09 16:32:45','2020-06-09 16:32:45'),(6002,1,1922,'作成','2020-06-09 16:34:57','2020-06-09 16:34:57'),(6012,1,1452,'検収時期確認','2020-06-09 16:36:33','2020-06-09 16:36:33'),(6022,1,1932,'タスクが作成されました。','2020-06-09 16:42:34','2020-06-09 16:42:34'),(6032,1,1942,'タスクが作成されました。','2020-06-09 16:45:56','2020-06-09 16:45:56'),(6042,1,1872,'「タスク整理」を完了しました','2020-06-09 16:48:45','2020-06-09 16:48:45'),(6052,2,1872,NULL,'2020-06-09 16:48:49','2020-06-09 16:48:49'),(6062,2,1922,NULL,'2020-06-09 17:05:20','2020-06-09 17:05:20'),(6072,1,662,'決裁済','2020-06-09 17:06:34','2020-06-09 17:06:34'),(6082,1,1932,'「イセ食品×1」を完了しました','2020-06-09 17:08:39','2020-06-09 17:08:39'),(6092,2,1932,NULL,'2020-06-09 17:09:06','2020-06-09 17:09:06'),(6102,1,1952,'作成','2020-06-10 09:15:57','2020-06-10 09:15:57'),(6112,1,1962,'タスクが作成されました。','2020-06-10 09:16:54','2020-06-10 09:16:54'),(6122,1,1952,'「資金移動」を完了しました','2020-06-10 09:42:37','2020-06-10 09:42:37'),(6132,1,1962,'「あおぞらに一覧表を送付」を完了しました','2020-06-10 09:47:10','2020-06-10 09:47:10'),(6142,3,522,'6/12に書類受け渡し','2020-06-10 09:54:05','2020-06-10 09:54:05'),(6152,3,532,'6/12に書類受け渡し','2020-06-10 09:54:28','2020-06-10 09:54:28'),(6162,1,662,'「調印」を完了しました','2020-06-10 10:27:29','2020-06-10 10:27:29'),(6172,1,662,'「JA三井リース・福井さんに連絡」を完了しました','2020-06-10 10:27:30','2020-06-10 10:27:30'),(6182,3,662,'6/10 16:00に書類受け渡し','2020-06-10 10:27:50','2020-06-10 10:27:50'),(6192,1,1972,'タスクが作成されました。','2020-06-10 11:11:32','2020-06-10 11:11:32'),(6202,1,1982,'タスクが作成されました。','2020-06-10 11:29:10','2020-06-10 11:29:10'),(6212,1,1962,'「米田先生（179,622円）」を完了しました','2020-06-10 13:17:48','2020-06-10 13:17:48'),(6222,1,1962,'「㈱プライム下館工務店（21,546,000円、井戸工事完成）」を完了しました','2020-06-10 13:26:30','2020-06-10 13:26:30'),(6232,1,1962,'「小野次長にプライム下館の支払エビデンス送付（メール）」を完了しました','2020-06-10 13:26:30','2020-06-10 13:26:30'),(6242,2,1962,NULL,'2020-06-10 13:26:33','2020-06-10 13:26:33'),(6252,1,1952,'「ヒヨコのエサ支払確認」を完了しました','2020-06-10 13:27:23','2020-06-10 13:27:23'),(6262,1,1972,'「イセ・アセアン（5,105円）」を完了しました','2020-06-10 14:53:55','2020-06-10 14:53:55'),(6272,1,1972,'「イセ食品（4,400,828円）」を完了しました','2020-06-10 14:53:55','2020-06-10 14:53:55'),(6282,1,1972,'「振込依頼書取ってくる」を完了しました','2020-06-10 14:53:55','2020-06-10 14:53:55'),(6292,1,1972,'「EGGパワー第三（2,144円）」を完了しました','2020-06-10 14:53:55','2020-06-10 14:53:55'),(6302,1,1972,'「イセ食品デリカ（89,811円）」を完了しました','2020-06-10 14:53:56','2020-06-10 14:53:56'),(6312,2,1972,'田町物産のみ代表者相違のため手続きできず','2020-06-10 14:54:32','2020-06-10 14:54:32'),(6322,1,1982,'「大畑認印＠4U銀座」を完了しました','2020-06-10 14:54:46','2020-06-10 14:54:46'),(6332,1,1982,'「原田認印＠4U銀座」を完了しました','2020-06-10 14:54:47','2020-06-10 14:54:47'),(6342,2,1982,NULL,'2020-06-10 14:54:50','2020-06-10 14:54:50'),(6352,1,1032,'「大畑／原田認印購入（アスクルで注文？）」を完了しました','2020-06-10 14:54:58','2020-06-10 14:54:58'),(6362,1,1952,'「調印処理」を完了しました','2020-06-10 14:56:30','2020-06-10 14:56:30'),(6372,1,1992,'タスクが作成されました。','2020-06-10 14:58:54','2020-06-10 14:58:54'),(6382,1,1992,'「現場に確認」を完了しました','2020-06-10 15:11:10','2020-06-10 15:11:10'),(6392,1,1992,'「ぐんぎんリース・富田さんに返信」を完了しました','2020-06-10 15:15:33','2020-06-10 15:15:33'),(6402,1,2002,'タスクが作成されました。','2020-06-10 15:16:03','2020-06-10 15:16:03'),(6412,1,2012,'タスクが作成されました。','2020-06-10 15:20:12','2020-06-10 15:20:12'),(6422,1,2012,'「JA三井リースアセット カワカミ様に処分方法について連絡（03-6775-3732）」を完了しました','2020-06-10 15:36:30','2020-06-10 15:36:30'),(6432,1,2012,'「矢木工場長にスキームについて連絡」を完了しました','2020-06-10 15:38:22','2020-06-10 15:38:22'),(6442,3,2012,'JA三井リースアセットから終了書類待ち','2020-06-10 15:38:42','2020-06-10 15:38:42'),(6452,1,1992,'「事業所視察申請」を完了しました','2020-06-10 15:51:47','2020-06-10 15:51:47'),(6462,3,1992,'決裁待ち','2020-06-10 15:51:54','2020-06-10 15:51:54'),(6472,3,2002,'資料完成待ち（6月中目安）','2020-06-10 15:52:22','2020-06-10 15:52:22'),(6482,1,662,NULL,'2020-06-10 15:55:45','2020-06-10 15:55:45'),(6492,1,662,'「書類受け渡し」を完了しました','2020-06-10 16:10:38','2020-06-10 16:10:38'),(6502,1,1952,'「郵便物処理」を完了しました','2020-06-10 16:14:09','2020-06-10 16:14:09'),(6512,1,1942,'「決算書（イセ食品、49期、BS/PLのみ）×1」を完了しました','2020-06-10 16:27:46','2020-06-10 16:27:46'),(6522,2,1942,NULL,'2020-06-10 16:28:01','2020-06-10 16:28:01'),(6532,1,1032,'「押印」を完了しました','2020-06-10 16:41:14','2020-06-10 16:41:14'),(6542,1,1032,'「細田先生に送付」を完了しました','2020-06-10 16:41:14','2020-06-10 16:41:14'),(6552,2,1032,NULL,'2020-06-10 16:41:22','2020-06-10 16:41:22'),(6562,1,1952,'「メール処理」を完了しました','2020-06-10 16:43:33','2020-06-10 16:43:33'),(6572,1,1952,'「ワークフロー処理」を完了しました','2020-06-10 16:43:36','2020-06-10 16:43:36'),(6582,1,2022,'作成','2020-06-10 16:51:13','2020-06-10 16:51:13'),(6592,1,482,NULL,'2020-06-10 16:55:15','2020-06-10 16:55:15'),(6602,1,1102,NULL,'2020-06-10 16:55:23','2020-06-10 16:55:23'),(6612,1,1722,NULL,'2020-06-10 16:55:29','2020-06-10 16:55:29'),(6622,1,2032,'作成','2020-06-10 17:44:52','2020-06-10 17:44:52'),(6632,1,1952,'「メール処理」を完了しました','2020-06-10 17:48:44','2020-06-10 17:48:44'),(6642,1,1952,'「タスク整理」を完了しました','2020-06-10 17:48:45','2020-06-10 17:48:45'),(6652,2,1952,NULL,'2020-06-10 17:48:50','2020-06-10 17:48:50'),(6662,2,2032,NULL,'2020-06-10 18:00:07','2020-06-10 18:00:07'),(6672,1,2042,'タスクが作成されました。','2020-06-10 18:01:11','2020-06-10 18:01:11'),(6682,2,2042,NULL,'2020-06-10 18:04:57','2020-06-10 18:04:57'),(6692,2,1912,NULL,'2020-06-10 18:27:18','2020-06-10 18:27:18'),(6702,3,1912,'カード待ち','2020-06-10 18:27:49','2020-06-10 18:27:49'),(6712,3,1912,'「申請書作成／送付」を完了しました','2020-06-10 18:28:07','2020-06-10 18:28:07'),(6722,3,1912,'「現場にカードを送付」を完了しました','2020-06-10 18:28:08','2020-06-10 18:28:08'),(6732,1,2022,'「申請書作成／送付」を完了しました','2020-06-10 18:35:38','2020-06-10 18:35:38'),(6742,3,2022,'カード待ち','2020-06-10 18:35:47','2020-06-10 18:35:47'),(6752,1,2052,'作成','2020-06-11 09:11:22','2020-06-11 09:11:22'),(6762,1,2052,'「資金移動」を完了しました','2020-06-11 09:13:15','2020-06-11 09:13:15'),(6772,1,2062,'タスクが作成されました。','2020-06-11 09:14:53','2020-06-11 09:14:53'),(6782,1,2052,'「ヒヨコのエサ支払確認」を完了しました','2020-06-11 09:15:16','2020-06-11 09:15:16'),(6802,1,482,'「満了通知を送付（メール）」を完了しました','2020-06-11 09:44:16','2020-06-11 09:44:16'),(6812,3,482,'書類待ち／正式見積待ち','2020-06-11 09:44:29','2020-06-11 09:44:29'),(6822,1,2082,'タスクが作成されました。','2020-06-11 09:48:50','2020-06-11 09:48:50'),(6832,1,2092,'作成','2020-06-11 09:49:52','2020-06-11 09:49:52'),(6842,1,482,NULL,'2020-06-11 10:01:52','2020-06-11 10:01:52'),(6852,1,482,'「満了通知原本を送付」を完了しました','2020-06-11 10:04:18','2020-06-11 10:04:18'),(6862,1,482,'正式見積着','2020-06-11 10:53:33','2020-06-11 10:53:33'),(6872,3,482,'売買書類待ち','2020-06-11 10:53:48','2020-06-11 10:53:48'),(6882,1,2092,'「あおぞらに一覧表送付」を完了しました','2020-06-11 10:54:03','2020-06-11 10:54:03'),(6892,1,1722,'「契約書一式送付」を完了しました','2020-06-11 11:48:07','2020-06-11 11:48:07'),(6902,1,2092,'「支払処理①（小口現金、350,000円）」を完了しました','2020-06-11 12:30:54','2020-06-11 12:30:54'),(6912,1,2092,'「あおぞらに完了連絡」を完了しました','2020-06-11 12:30:55','2020-06-11 12:30:55'),(6922,2,2092,NULL,'2020-06-11 12:30:59','2020-06-11 12:30:59'),(6932,1,1102,'「契約書一式送付」を完了しました','2020-06-11 15:01:20','2020-06-11 15:01:20'),(6942,1,662,'「支払依頼書作成」を完了しました','2020-06-11 15:27:41','2020-06-11 15:27:41'),(6952,1,662,'「書類整理／登録／通知（張係長、山本さん、大浪工場長、十河部長、新島課長代理）」を完了しました','2020-06-11 15:46:24','2020-06-11 15:46:24'),(6962,2,662,NULL,'2020-06-11 15:46:30','2020-06-11 15:46:30'),(6972,1,2052,'「郵便物処理」を完了しました','2020-06-11 15:50:17','2020-06-11 15:50:17'),(6982,1,2052,'「調印処理」を完了しました','2020-06-11 16:06:21','2020-06-11 16:06:21'),(6992,1,1742,'「NECキャピタルソリューションに移動の連絡」を完了しました','2020-06-11 16:17:46','2020-06-11 16:17:46'),(7002,3,1742,'担当から連絡待ち','2020-06-11 16:17:59','2020-06-11 16:17:59'),(7012,1,2052,'「ワークフロー処理」を完了しました','2020-06-11 16:21:15','2020-06-11 16:21:15'),(7022,3,1742,'書類待ち','2020-06-11 16:27:32','2020-06-11 16:27:32'),(7032,1,1102,'「支払依頼書作成」を完了しました','2020-06-11 16:33:28','2020-06-11 16:33:28'),(7042,1,1102,'「書類整理／登録／収納」を完了しました','2020-06-11 17:04:36','2020-06-11 17:04:36'),(7052,2,1102,NULL,'2020-06-11 17:04:43','2020-06-11 17:04:43'),(7062,1,1722,'「支払依頼書作成」を完了しました','2020-06-11 17:22:47','2020-06-11 17:22:47'),(7072,1,1722,'「書類整理／登録／収納」を完了しました','2020-06-11 17:22:48','2020-06-11 17:22:48'),(7082,2,1722,NULL,'2020-06-11 17:22:54','2020-06-11 17:22:54'),(7092,1,2052,'「メール処理」を完了しました','2020-06-11 17:49:23','2020-06-11 17:49:23'),(7102,1,2102,'タスクが作成されました。','2020-06-11 17:59:46','2020-06-11 17:59:46'),(7112,1,2112,'タスクが作成されました。','2020-06-11 18:01:50','2020-06-11 18:01:50'),(7122,1,2112,'「登記簿謄本（イセ・アセアン）×1」を完了しました','2020-06-11 18:03:27','2020-06-11 18:03:27'),(7132,1,2052,'「タスク整理」を完了しました','2020-06-11 18:04:04','2020-06-11 18:04:04'),(7142,2,2052,NULL,'2020-06-11 18:04:09','2020-06-11 18:04:09'),(7152,1,2122,'作成','2020-06-12 09:09:55','2020-06-12 09:09:55'),(7162,1,2122,'「資金移動」を完了しました','2020-06-12 09:50:57','2020-06-12 09:50:57'),(7172,1,2112,'「決算書（2017年1月期）」を完了しました','2020-06-12 10:47:32','2020-06-12 10:47:32'),(7182,1,2112,'「決算書（2018年1月期）」を完了しました','2020-06-12 10:47:32','2020-06-12 10:47:32'),(7192,1,2112,'「決算書（2018年1月期）」を完了しました','2020-06-12 10:48:10','2020-06-12 10:48:10'),(7202,1,2112,'「決算書（2019年1月期）」を完了しました','2020-06-12 10:48:11','2020-06-12 10:48:11'),(7212,3,2112,'決算書完成待ち','2020-06-12 10:48:22','2020-06-12 10:48:22'),(7222,1,2102,'「イセ食品：ソフトウェア仮勘定（807M円）内訳」を完了しました','2020-06-12 11:45:33','2020-06-12 11:45:33'),(7232,1,2102,'「連結：通常卵／特殊卵／その他鶏卵／液卵の各売上高／販売量」を完了しました','2020-06-12 11:47:33','2020-06-12 11:47:33'),(7242,1,2102,'「連結：富士たまごは連結対象か」を完了しました','2020-06-12 11:48:08','2020-06-12 11:48:08'),(7252,3,682,'「⑪森屋農場」を完了しました','2020-06-12 15:09:12','2020-06-12 15:09:12'),(7262,2,682,NULL,'2020-06-12 15:09:26','2020-06-12 15:09:26'),(7272,1,712,NULL,'2020-06-12 15:10:25','2020-06-12 15:10:25'),(7282,1,712,'「⑪森屋農場」を完了しました','2020-06-12 15:10:30','2020-06-12 15:10:30'),(7292,2,712,NULL,'2020-06-12 15:10:35','2020-06-12 15:10:35'),(7302,1,1862,NULL,'2020-06-12 15:13:37','2020-06-12 15:13:37'),(7312,1,1862,'「森屋農場」を完了しました','2020-06-12 15:13:40','2020-06-12 15:13:40'),(7322,2,1862,NULL,'2020-06-12 15:13:44','2020-06-12 15:13:44'),(7332,2,2062,NULL,'2020-06-12 15:28:29','2020-06-12 15:28:29'),(7342,1,2122,'「郵便物処理」を完了しました','2020-06-12 15:34:21','2020-06-12 15:34:21'),(7352,1,2122,'「調印処理」を完了しました','2020-06-12 15:58:33','2020-06-12 15:58:33'),(7362,1,1992,'決裁待ち、ぐんぎんリース冨田さん、大浪工場長に連絡','2020-06-12 15:59:28','2020-06-12 15:59:28'),(7372,1,2122,'「ワークフロー処理」を完了しました','2020-06-12 16:00:15','2020-06-12 16:00:15'),(7382,1,1352,'「満了処理シート作成」を完了しました','2020-06-12 16:14:51','2020-06-12 16:14:51'),(7392,1,2132,'タスクが作成されました。','2020-06-12 16:20:09','2020-06-12 16:20:09'),(7402,1,1992,'「富田さんに確認連絡」を完了しました','2020-06-12 16:42:20','2020-06-12 16:42:20'),(7412,1,1992,'「大浪工場長にお礼の電話」を完了しました','2020-06-12 16:42:21','2020-06-12 16:42:21'),(7422,2,1992,NULL,'2020-06-12 16:42:25','2020-06-12 16:42:25'),(7432,1,1352,'「ファームパッカー（33045745、美野里PK）についてぐんぎんリース・冨田さんに確認メール」を完了しました','2020-06-12 16:46:57','2020-06-12 16:46:57'),(7442,1,1352,'「満了通知確認／突合」を完了しました','2020-06-12 16:46:59','2020-06-12 16:46:59'),(7452,1,1352,'「各事業所責任者確認」を完了しました','2020-06-12 16:53:38','2020-06-12 16:53:38'),(7462,1,1352,'「満了通知コピー」を完了しました','2020-06-12 17:00:47','2020-06-12 17:00:47'),(7472,1,1352,'「依頼書と満了通知をPDF化」を完了しました','2020-06-12 17:33:08','2020-06-12 17:33:08'),(7482,1,2132,'「後藤さんに書類の催促」を完了しました','2020-06-12 17:34:16','2020-06-12 17:34:16'),(7492,3,2132,'後藤さんから解約書類待ち','2020-06-12 17:34:29','2020-06-12 17:34:29'),(7502,1,1352,'「各責任者にメールで送付」を完了しました','2020-06-12 17:45:27','2020-06-12 17:45:27'),(7512,3,1352,'ぐんぎんリース確認待ち、各事業所から返信待ち','2020-06-12 17:45:44','2020-06-12 17:45:44'),(7522,1,2142,'作成','2020-06-12 18:11:17','2020-06-12 18:11:17'),(7532,1,2142,'「見積依頼」を完了しました','2020-06-12 18:12:55','2020-06-12 18:12:55'),(7542,3,2142,'見積待ち','2020-06-12 18:14:22','2020-06-12 18:14:22'),(7552,1,2122,'「メール処理」を完了しました','2020-06-12 18:14:27','2020-06-12 18:14:27'),(7572,1,2162,'作成','2020-06-12 18:16:05','2020-06-12 18:16:05'),(7582,1,2172,'タスクが作成されました。','2020-06-12 18:17:18','2020-06-12 18:17:18'),(7592,1,2182,'作成','2020-06-12 18:20:58','2020-06-12 18:20:58'),(7612,1,2202,'タスクが作成されました。','2020-06-12 18:23:50','2020-06-12 18:23:50'),(7622,1,2122,'「タスク整理」を完了しました','2020-06-12 18:24:32','2020-06-12 18:24:32'),(7632,2,2122,NULL,'2020-06-12 18:24:40','2020-06-12 18:24:40'),(7642,2,2162,NULL,'2020-06-12 18:48:10','2020-06-12 18:48:10'),(7652,1,2172,'「EGGパワー第三　729,410円」を完了しました','2020-06-12 19:30:15','2020-06-12 19:30:15'),(7662,1,2172,'「イセファーム東北　1,322,475円」を完了しました','2020-06-12 19:30:15','2020-06-12 19:30:15'),(7672,1,2172,'「ISEエネルギー　550,000円」を完了しました','2020-06-12 19:30:15','2020-06-12 19:30:15'),(7682,1,2172,'「EGGパワー第六　140,800円」を完了しました','2020-06-12 19:30:15','2020-06-12 19:30:15'),(7692,1,2172,'「イセファーム・ソーラー　1,228,700円」を完了しました','2020-06-12 19:30:16','2020-06-12 19:30:16'),(7702,2,2172,NULL,'2020-06-12 19:30:20','2020-06-12 19:30:20'),(7712,1,2212,'作成','2020-06-15 09:09:38','2020-06-15 09:09:38'),(7722,1,2212,'「資金移動」を完了しました','2020-06-15 09:33:18','2020-06-15 09:33:18'),(7732,1,2222,'タスクが作成されました。','2020-06-15 09:44:29','2020-06-15 09:44:29'),(7742,1,2212,'「人事異動確認入力」を完了しました','2020-06-15 10:08:30','2020-06-15 10:08:30'),(7752,2,2222,NULL,'2020-06-15 10:16:48','2020-06-15 10:16:48'),(7762,1,2212,'「ヒヨコのエサ支払確認」を完了しました','2020-06-15 10:18:22','2020-06-15 10:18:22'),(7772,2,2202,NULL,'2020-06-15 10:46:40','2020-06-15 10:46:40'),(7782,1,932,'「建築確認（かすみがうら）」を完了しました','2020-06-15 11:48:15','2020-06-15 11:48:15'),(7792,1,2102,'「連結：鶏卵売上減少要因（1,068M円）」を完了しました','2020-06-15 13:27:03','2020-06-15 13:27:03'),(7802,1,2212,'「郵便物処理」を完了しました','2020-06-15 15:38:42','2020-06-15 15:38:42'),(7812,1,2212,'「ワークフロー処理」を完了しました','2020-06-15 15:38:55','2020-06-15 15:38:55'),(7822,1,2212,'「調印処理」を完了しました','2020-06-15 16:23:24','2020-06-15 16:23:24'),(7832,1,2102,'「イセ食品：営業外収益雑収入の森屋農場火災、卵質悪化補填とはなにか」を完了しました','2020-06-15 16:35:51','2020-06-15 16:35:51'),(7842,1,2212,'「メール処理」を完了しました','2020-06-15 19:49:58','2020-06-15 19:49:58'),(7852,1,2212,'「メール処理」を完了しました','2020-06-15 19:49:58','2020-06-15 19:49:58'),(7862,1,2212,'「タスク整理」を完了しました','2020-06-15 19:51:42','2020-06-15 19:51:42'),(7872,2,2212,NULL,'2020-06-15 19:51:52','2020-06-15 19:51:52'),(7882,1,2232,'作成','2020-06-16 09:11:05','2020-06-16 09:11:05'),(7892,1,2242,'作成','2020-06-16 09:33:45','2020-06-16 09:33:45'),(7902,2,2242,NULL,'2020-06-16 09:35:49','2020-06-16 09:35:49'),(7912,1,2232,'「ヒヨコのエサ支払確認」を完了しました','2020-06-16 10:09:00','2020-06-16 10:09:00'),(7922,1,2232,'「資金移動」を完了しました','2020-06-16 10:17:32','2020-06-16 10:17:32'),(7932,1,2252,'作成','2020-06-16 13:08:19','2020-06-16 13:08:19'),(7942,2,2252,NULL,'2020-06-16 13:10:23','2020-06-16 13:10:23'),(7952,2,1882,NULL,'2020-06-16 14:14:32','2020-06-16 14:14:32'),(7962,1,2232,'「郵便物処理」を完了しました','2020-06-16 14:24:38','2020-06-16 14:24:38'),(7972,1,2232,'「ワークフロー処理」を完了しました','2020-06-16 14:25:26','2020-06-16 14:25:26'),(7982,1,2232,'「調印処理」を完了しました','2020-06-16 16:11:51','2020-06-16 16:11:51'),(7992,1,1782,'契約書着、押印','2020-06-16 16:24:31','2020-06-16 16:24:31'),(8002,1,1792,'契約書着、押印','2020-06-16 16:25:14','2020-06-16 16:25:14'),(8012,3,522,'「書類受け渡し（6/12）」を完了しました','2020-06-16 16:25:59','2020-06-16 16:25:59'),(8022,3,532,'「書類受け渡し（6/12）」を完了しました','2020-06-16 16:26:05','2020-06-16 16:26:05'),(8032,1,522,'契約書類着','2020-06-16 16:26:25','2020-06-16 16:26:25'),(8042,1,532,'契約書類着','2020-06-16 16:26:36','2020-06-16 16:26:36'),(8052,3,1352,'岡山PKから再リースで連絡あり','2020-06-16 16:28:53','2020-06-16 16:28:53'),(8062,3,1352,'色麻から再リースで返信あり','2020-06-16 16:29:34','2020-06-16 16:29:34'),(8072,3,1352,'つくばファームから再リースで返信あり','2020-06-16 16:29:46','2020-06-16 16:29:46'),(8082,1,2142,'見積着','2020-06-16 16:35:06','2020-06-16 16:35:06'),(8092,1,2262,'タスクが作成されました。','2020-06-16 16:39:27','2020-06-16 16:39:27'),(8102,1,2012,'書類着','2020-06-16 16:40:34','2020-06-16 16:40:34'),(8112,1,2272,'タスクが作成されました。','2020-06-16 16:50:21','2020-06-16 16:50:21'),(8122,1,2282,'タスクが作成されました。','2020-06-16 16:52:31','2020-06-16 16:52:31'),(8132,3,1352,'穴水PKから再リースで回答あり','2020-06-16 17:08:29','2020-06-16 17:08:29'),(8142,1,2292,'タスクが作成されました。','2020-06-16 17:10:32','2020-06-16 17:10:32'),(8152,1,2302,'作成','2020-06-16 17:12:06','2020-06-16 17:12:06'),(8162,1,2232,'「メール処理」を完了しました','2020-06-16 17:17:24','2020-06-16 17:17:24'),(8172,1,2232,'「タスク整理」を完了しました','2020-06-16 17:17:25','2020-06-16 17:17:25'),(8182,2,2232,NULL,'2020-06-16 17:17:30','2020-06-16 17:17:30'),(8192,2,2292,NULL,'2020-06-16 17:29:16','2020-06-16 17:29:16'),(8202,1,2312,'タスクが作成されました。','2020-06-16 17:42:01','2020-06-16 17:42:01'),(8212,2,2282,NULL,'2020-06-16 17:48:02','2020-06-16 17:48:02'),(8222,3,2012,'現場から廃棄確認待ち','2020-06-16 17:52:48','2020-06-16 17:52:48'),(8232,1,2312,'「あおぞら銀行に手形を注文」を完了しました','2020-06-16 18:09:25','2020-06-16 18:09:25'),(8242,3,2312,'手形帳待ち','2020-06-16 18:09:39','2020-06-16 18:09:39'),(8252,1,2142,'「現場に見積を送付」を完了しました','2020-06-16 18:43:09','2020-06-16 18:43:09'),(8262,3,2142,'現場判断待ち','2020-06-16 18:43:20','2020-06-16 18:43:20'),(8272,2,2272,NULL,'2020-06-16 18:56:38','2020-06-16 18:56:38'),(8282,1,2322,'作成','2020-06-17 09:22:44','2020-06-17 09:22:44'),(8292,1,2332,'タスクが作成されました。','2020-06-17 09:23:57','2020-06-17 09:23:57'),(8302,1,2322,'「資金移動」を完了しました','2020-06-17 09:25:05','2020-06-17 09:25:05'),(8312,2,2332,NULL,'2020-06-17 10:08:58','2020-06-17 10:08:58'),(8322,1,2322,'「ヒヨコのエサ支払確認」を完了しました','2020-06-17 10:09:03','2020-06-17 10:09:03'),(8332,1,2262,'「申請書作成／送付」を完了しました','2020-06-17 11:16:18','2020-06-17 11:16:18'),(8342,3,2262,'カード待ち','2020-06-17 11:16:30','2020-06-17 11:16:30'),(8352,1,1782,'「調印申請作成」を完了しました','2020-06-17 11:42:03','2020-06-17 11:42:03'),(8362,1,1782,'「支払依頼書作成」を完了しました','2020-06-17 11:45:38','2020-06-17 11:45:38'),(8372,1,1782,'「支払依頼書作成（イセファーム→はやま）」を完了しました','2020-06-17 11:48:47','2020-06-17 11:48:47'),(8382,1,1782,'「支払依頼書作成（イセファーム→千葉孵化場）」を完了しました','2020-06-17 11:48:47','2020-06-17 11:48:47'),(8392,3,1782,'決裁待ち','2020-06-17 11:48:59','2020-06-17 11:48:59'),(8402,1,2342,'作成','2020-06-17 13:04:30','2020-06-17 13:04:30'),(8412,1,1792,'「調印申請作成」を完了しました','2020-06-17 13:13:35','2020-06-17 13:13:35'),(8422,1,1792,'「支払依頼書作成」を完了しました','2020-06-17 13:19:52','2020-06-17 13:19:52'),(8432,1,1792,'「支払依頼書作成（イセファーム→イセファーム東北）」を完了しました','2020-06-17 13:19:52','2020-06-17 13:19:52'),(8442,3,1792,'決裁待ち','2020-06-17 13:20:13','2020-06-17 13:20:13'),(8452,1,2322,'「郵便物処理」を完了しました','2020-06-17 13:29:48','2020-06-17 13:29:48'),(8462,1,2352,'タスクが作成されました。','2020-06-17 14:11:51','2020-06-17 14:11:51'),(8472,2,2352,NULL,'2020-06-17 14:14:07','2020-06-17 14:14:07'),(8482,1,2322,'「調印処理」を完了しました','2020-06-17 14:26:39','2020-06-17 14:26:39'),(8492,3,2302,'請求明細書待ち','2020-06-17 14:30:58','2020-06-17 14:30:58'),(8502,2,2342,NULL,'2020-06-17 14:31:06','2020-06-17 14:31:06'),(8512,1,1742,'変更届着','2020-06-17 14:34:37','2020-06-17 14:34:37'),(8522,1,1542,'カード着','2020-06-17 14:37:40','2020-06-17 14:37:40'),(8532,1,372,'カード着','2020-06-17 14:39:18','2020-06-17 14:39:18'),(8542,1,362,'決算書出来','2020-06-17 14:39:59','2020-06-17 14:39:59'),(8552,1,2142,'再リースで回答あり','2020-06-17 14:40:21','2020-06-17 14:40:21'),(8562,3,1352,'岡山PK、美野里PK回答あり（再リース）','2020-06-17 14:42:40','2020-06-17 14:42:40'),(8572,1,2362,'作成','2020-06-17 14:53:54','2020-06-17 14:53:54'),(8582,1,2372,'タスクが作成されました。','2020-06-17 14:58:39','2020-06-17 14:58:39'),(8592,1,1542,'「退会書類作成／送付」を完了しました','2020-06-17 15:16:46','2020-06-17 15:16:46'),(8602,2,1542,NULL,'2020-06-17 15:16:50','2020-06-17 15:16:50'),(8612,1,372,'「退会書類作成／送付」を完了しました','2020-06-17 15:17:07','2020-06-17 15:17:07'),(8622,2,372,NULL,'2020-06-17 15:17:15','2020-06-17 15:17:15'),(8632,1,362,'「⑪森屋農場」を完了しました','2020-06-17 15:21:31','2020-06-17 15:21:31'),(8642,1,362,'「⑯エッグドリーム八千代」を完了しました','2020-06-17 15:21:35','2020-06-17 15:21:35'),(8652,2,362,NULL,'2020-06-17 15:21:45','2020-06-17 15:21:45'),(8662,1,2322,'「ワークフロー処理」を完了しました','2020-06-17 15:22:56','2020-06-17 15:22:56'),(8672,1,2142,'「SMFLに再リースで連絡（FAX、メール））」を完了しました','2020-06-17 15:47:53','2020-06-17 15:47:53'),(8682,2,2142,NULL,'2020-06-17 15:48:16','2020-06-17 15:48:16'),(8692,1,1742,'「移動予定年月日確認（岡山液卵：矢木工場長）」を完了しました','2020-06-17 15:50:00','2020-06-17 15:50:00'),(8702,3,1742,'移動予定日確認中','2020-06-17 15:50:11','2020-06-17 15:50:11'),(8712,1,2322,'「メール処理」を完了しました','2020-06-17 15:50:31','2020-06-17 15:50:31'),(8722,1,2322,'「タスク整理」を完了しました','2020-06-17 15:50:32','2020-06-17 15:50:32'),(8732,2,2322,NULL,'2020-06-17 15:50:37','2020-06-17 15:50:37'),(8742,1,522,'「支払日確認」を完了しました','2020-06-17 16:09:12','2020-06-17 16:09:12'),(8752,3,522,'支払日確認中','2020-06-17 16:09:22','2020-06-17 16:09:22'),(8762,1,532,'「支払日確認」を完了しました','2020-06-17 16:09:26','2020-06-17 16:09:26'),(8772,3,532,'支払日確認中','2020-06-17 16:09:34','2020-06-17 16:09:34'),(8782,3,932,'建築確認済証を確認中（小野次長）','2020-06-17 16:33:52','2020-06-17 16:33:52'),(8792,1,2362,'「①イセ食品」を完了しました','2020-06-17 16:42:32','2020-06-17 16:42:32'),(8802,1,2362,'「②イセ㈱（2019年7月期）」を完了しました','2020-06-17 16:49:38','2020-06-17 16:49:38'),(8812,1,2362,'「③イセヒヨコ」を完了しました','2020-06-17 17:04:59','2020-06-17 17:04:59'),(8822,1,2362,'「④イセファーム」を完了しました','2020-06-17 17:10:06','2020-06-17 17:10:06'),(8832,1,2362,'「⑤イセファーム東北」を完了しました','2020-06-17 17:10:40','2020-06-17 17:10:40'),(8842,1,2362,'「⑥つくばファーム」を完了しました','2020-06-17 17:11:11','2020-06-17 17:11:11'),(8852,1,2362,'「⑦美咲ファーム」を完了しました','2020-06-17 17:14:00','2020-06-17 17:14:00'),(8862,1,2362,'「⑧伊勢農場」を完了しました','2020-06-17 17:14:00','2020-06-17 17:14:00'),(8872,1,2362,'「⑨九州たまご」を完了しました','2020-06-17 17:14:42','2020-06-17 17:14:42'),(8882,1,2362,'「⑩トーチク」を完了しました','2020-06-17 17:14:42','2020-06-17 17:14:42'),(8892,1,2362,'「⑪森屋農場」を完了しました','2020-06-17 17:15:15','2020-06-17 17:15:15'),(8902,1,2362,'「⑬かすみがうら農場」を完了しました','2020-06-17 17:16:01','2020-06-17 17:16:01'),(8912,1,2362,'「⑫千葉孵化場」を完了しました','2020-06-17 17:16:33','2020-06-17 17:16:33'),(8922,1,2362,'「⑭はやま農場」を完了しました','2020-06-17 17:17:14','2020-06-17 17:17:14'),(8932,1,2362,'「⑮新ひたちファーム」を完了しました','2020-06-17 17:17:14','2020-06-17 17:17:14'),(8942,1,2362,'「⑯エッグドリーム八千代」を完了しました','2020-06-17 17:17:49','2020-06-17 17:17:49'),(8952,1,2362,'「連結財務諸表（2020年1月期）」を完了しました','2020-06-17 17:17:49','2020-06-17 17:17:49'),(8962,2,2362,NULL,'2020-06-17 17:18:00','2020-06-17 17:18:00'),(8972,1,2382,'作成','2020-06-19 09:19:38','2020-06-19 09:19:38'),(8982,1,2392,'作成','2020-06-19 09:21:59','2020-06-19 09:21:59'),(8992,1,2382,'「資金移動」を完了しました','2020-06-19 09:48:14','2020-06-19 09:48:14'),(9002,1,2402,'タスクが作成されました。','2020-06-19 10:38:47','2020-06-19 10:38:47'),(9012,1,2402,'「イセ㈱試算表（2020年4月期）：富山に依頼」を完了しました','2020-06-19 10:44:57','2020-06-19 10:44:57'),(9022,3,2402,'富山から資料待ち','2020-06-19 10:45:08','2020-06-19 10:45:08'),(9032,1,2392,'「給与資料問い合わせ」を完了しました','2020-06-19 10:52:50','2020-06-19 10:52:50'),(9042,1,2412,'作成','2020-06-19 10:56:39','2020-06-19 10:56:39'),(9052,1,2302,NULL,'2020-06-19 11:00:28','2020-06-19 11:00:28'),(9062,1,2412,'「スケジュール確認」を完了しました','2020-06-19 11:07:28','2020-06-19 11:07:28'),(9072,1,2422,'タスクが作成されました。','2020-06-19 11:08:01','2020-06-19 11:08:01'),(9082,1,2422,'「金額確認」を完了しました','2020-06-19 11:08:49','2020-06-19 11:08:49'),(9092,1,932,NULL,'2020-06-19 11:44:30','2020-06-19 11:44:30'),(9102,1,932,'「建築確認（富士たまご）」を完了しました','2020-06-19 11:44:39','2020-06-19 11:44:39'),(9112,2,932,NULL,'2020-06-19 11:47:32','2020-06-19 11:47:32'),(9122,1,2302,'「明細表（エクセル）を張係長に転送」を完了しました','2020-06-19 13:10:37','2020-06-19 13:10:37'),(9132,1,2302,'「請求書をスキャン（200dpi、B5+5mm）」を完了しました','2020-06-19 13:37:03','2020-06-19 13:37:03'),(9142,1,2302,'「請求書PDFを各担当者に送付」を完了しました','2020-06-19 13:37:05','2020-06-19 13:37:05'),(9152,2,2302,NULL,'2020-06-19 13:37:11','2020-06-19 13:37:11'),(9162,1,2402,NULL,'2020-06-19 13:41:57','2020-06-19 13:41:57'),(9172,1,2402,'「メールで送付」を完了しました','2020-06-19 13:42:02','2020-06-19 13:42:02'),(9182,2,2402,NULL,'2020-06-19 13:42:06','2020-06-19 13:42:06'),(9192,1,2372,'「イセ食品試算表（2020年4月期）」を完了しました','2020-06-19 13:43:51','2020-06-19 13:43:51'),(9202,1,2372,'「イセ㈱試算表（2020年4月期）」を完了しました','2020-06-19 13:43:52','2020-06-19 13:43:52'),(9212,1,2372,'「イセファーム試算表（2020年4月期）」を完了しました','2020-06-19 13:43:52','2020-06-19 13:43:52'),(9222,2,2372,NULL,'2020-06-19 13:43:56','2020-06-19 13:43:56'),(9232,1,2382,'「郵便物処理」を完了しました','2020-06-19 14:45:48','2020-06-19 14:45:48'),(9242,1,2382,'「調印処理」を完了しました','2020-06-19 16:57:34','2020-06-19 16:57:34'),(9252,1,2382,'「メール処理」を完了しました','2020-06-19 17:51:14','2020-06-19 17:51:14'),(9262,1,2382,'「ワークフロー処理」を完了しました','2020-06-19 17:51:15','2020-06-19 17:51:15'),(9272,1,2432,'タスクが作成されました。','2020-06-19 17:53:08','2020-06-19 17:53:08'),(9282,1,2442,'タスクが作成されました。','2020-06-19 17:54:23','2020-06-19 17:54:23'),(9292,1,1792,NULL,'2020-06-19 17:57:12','2020-06-19 17:57:12'),(9302,1,1782,NULL,'2020-06-19 17:57:41','2020-06-19 17:57:41'),(9312,1,2452,'作成','2020-06-19 17:57:48','2020-06-19 17:57:48'),(9322,1,2462,'タスクが作成されました。','2020-06-19 18:02:21','2020-06-19 18:02:21'),(9332,1,2462,'「川島係長に調印申請作成を依頼」を完了しました','2020-06-19 18:02:54','2020-06-19 18:02:54'),(9342,3,2462,'調印申請待ち','2020-06-19 18:03:09','2020-06-19 18:03:09'),(9362,1,2482,'作成','2020-06-19 18:14:25','2020-06-19 18:14:25'),(9372,1,2492,'作成','2020-06-19 18:16:17','2020-06-19 18:16:17'),(9382,2,2452,NULL,'2020-06-19 18:58:59','2020-06-19 18:58:59'),(9392,1,2382,'「タスク整理」を完了しました','2020-06-19 18:59:05','2020-06-19 18:59:05'),(9402,2,2382,NULL,'2020-06-19 18:59:10','2020-06-19 18:59:10'),(9412,1,2442,'「イセファーム決算書（2020年1月期）」を完了しました','2020-06-19 19:10:22','2020-06-19 19:10:22'),(9422,1,2442,'「美咲ファーム決算書（2020年1月期）」を完了しました','2020-06-19 19:10:39','2020-06-19 19:10:39'),(9432,1,2442,'「イセ㈱決算書（2019年7月期）」を完了しました','2020-06-19 19:11:36','2020-06-19 19:11:36'),(9442,1,2442,'「トーチク決算書（2020年1月期）」を完了しました','2020-06-19 19:12:40','2020-06-19 19:12:40'),(9452,1,2442,'「新ひたちファーム決算書（2020年1月期）」を完了しました','2020-06-19 19:14:01','2020-06-19 19:14:01'),(9462,1,2442,'「九州たまご決算書（2020年1月期）」を完了しました','2020-06-19 19:14:01','2020-06-19 19:14:01'),(9472,2,2442,NULL,'2020-06-19 19:14:05','2020-06-19 19:14:05'),(9482,1,2502,'作成','2020-06-22 09:08:19','2020-06-22 09:08:19'),(9492,1,2502,'「資金移動」を完了しました','2020-06-22 09:08:36','2020-06-22 09:08:36'),(9502,1,2512,'作成','2020-06-22 09:08:47','2020-06-22 09:08:47'),(9512,1,2002,NULL,'2020-06-22 09:18:32','2020-06-22 09:18:32'),(9522,1,772,NULL,'2020-06-22 09:18:49','2020-06-22 09:18:49'),(9532,1,2522,'タスクが作成されました。','2020-06-22 09:24:29','2020-06-22 09:24:29'),(9542,1,2532,'タスクが作成されました。','2020-06-22 09:27:40','2020-06-22 09:27:40'),(9552,1,2542,'タスクが作成されました。','2020-06-22 09:36:57','2020-06-22 09:36:57'),(9562,1,2552,'タスクが作成されました。','2020-06-22 09:38:02','2020-06-22 09:38:02'),(9572,1,2502,'「ヒヨコのエサ支払確認」を完了しました','2020-06-22 09:44:06','2020-06-22 09:44:06'),(9592,1,2572,'タスクが作成されました。','2020-06-22 09:50:22','2020-06-22 09:50:22'),(9602,1,2512,'「あおぞらに一覧表送付」を完了しました','2020-06-22 09:52:38','2020-06-22 09:52:38'),(9612,2,2522,NULL,'2020-06-22 09:57:16','2020-06-22 09:57:16'),(9622,2,2572,NULL,'2020-06-22 10:04:02','2020-06-22 10:04:02'),(9632,1,2582,'タスクが作成されました。','2020-06-22 10:11:11','2020-06-22 10:11:11'),(9642,2,2582,NULL,'2020-06-22 10:14:51','2020-06-22 10:14:51'),(9652,1,2542,'「申請書作成」を完了しました','2020-06-22 10:19:49','2020-06-22 10:19:49'),(9662,1,2432,'「申請書作成」を完了しました','2020-06-22 10:24:25','2020-06-22 10:24:25'),(9672,1,2552,'「申請書作成」を完了しました','2020-06-22 10:29:21','2020-06-22 10:29:21'),(9682,1,2552,'「送付」を完了しました','2020-06-22 10:29:21','2020-06-22 10:29:21'),(9692,2,2552,NULL,'2020-06-22 10:29:25','2020-06-22 10:29:25'),(9702,1,1782,'「書類整理／登録」を完了しました','2020-06-22 11:01:57','2020-06-22 11:01:57'),(9712,2,1782,NULL,'2020-06-22 11:02:00','2020-06-22 11:02:00'),(9722,1,1792,'「書類整理／登録」を完了しました','2020-06-22 11:12:24','2020-06-22 11:12:24'),(9732,2,1792,NULL,'2020-06-22 11:12:30','2020-06-22 11:12:30'),(9742,1,2512,'「支払処理①（富士たまご、小口、350,000円）」を完了しました','2020-06-22 11:20:56','2020-06-22 11:20:56'),(9752,1,2512,'「あおぞらに完了連絡」を完了しました','2020-06-22 11:20:57','2020-06-22 11:20:57'),(9762,2,2512,NULL,'2020-06-22 11:21:00','2020-06-22 11:21:00'),(9772,1,2002,'「グループ土地明細（2020年1月期）（八木さんに問い合わせ）」を完了しました','2020-06-22 11:28:58','2020-06-22 11:28:58'),(9782,2,2002,NULL,'2020-06-22 11:29:01','2020-06-22 11:29:01'),(9792,1,2392,'「チェック」を完了しました','2020-06-22 14:00:35','2020-06-22 14:00:35'),(9802,1,2392,'「総合振込入力」を完了しました','2020-06-22 14:00:37','2020-06-22 14:00:37'),(9812,1,2592,'タスクが作成されました。','2020-06-22 14:05:29','2020-06-22 14:05:29'),(9822,1,2502,'「郵便物処理」を完了しました','2020-06-22 14:06:52','2020-06-22 14:06:52'),(9832,1,2542,'「送付」を完了しました','2020-06-22 14:14:37','2020-06-22 14:14:37'),(9842,3,2542,'カード待ち','2020-06-22 14:14:54','2020-06-22 14:14:54'),(9852,1,2432,'「送付」を完了しました','2020-06-22 14:16:27','2020-06-22 14:16:27'),(9862,2,2432,NULL,'2020-06-22 14:16:30','2020-06-22 14:16:30'),(9872,1,2602,'タスクが作成されました。','2020-06-22 14:19:55','2020-06-22 14:19:55'),(9882,1,2502,'「調印処理」を完了しました','2020-06-22 14:49:55','2020-06-22 14:49:55'),(9892,1,2612,'作成','2020-06-22 15:04:04','2020-06-22 15:04:04'),(9902,1,2622,'作成','2020-06-22 15:07:26','2020-06-22 15:07:26'),(9912,1,2632,'作成','2020-06-22 15:11:32','2020-06-22 15:11:32'),(9922,1,2642,'作成','2020-06-22 15:14:00','2020-06-22 15:14:00'),(9932,1,2622,'「申請書作成」を完了しました','2020-06-22 15:20:23','2020-06-22 15:20:23'),(9942,1,2622,'「送付」を完了しました','2020-06-22 15:20:24','2020-06-22 15:20:24'),(9952,3,2622,'カード待ち','2020-06-22 15:20:40','2020-06-22 15:20:40'),(9962,1,2632,'「申請書作成」を完了しました','2020-06-22 15:28:33','2020-06-22 15:28:33'),(9972,1,2632,'「送付」を完了しました','2020-06-22 15:28:33','2020-06-22 15:28:33'),(9982,2,2632,NULL,'2020-06-22 15:28:37','2020-06-22 15:28:37'),(9992,1,2612,'「申請書作成」を完了しました','2020-06-22 15:37:31','2020-06-22 15:37:31'),(10002,1,2612,'「送付」を完了しました','2020-06-22 15:37:31','2020-06-22 15:37:31'),(10012,2,2612,NULL,'2020-06-22 15:37:35','2020-06-22 15:37:35'),(10022,1,2502,'「ワークフロー処理」を完了しました','2020-06-22 15:51:41','2020-06-22 15:51:41'),(10032,2,2642,NULL,'2020-06-22 15:53:17','2020-06-22 15:53:17'),(10042,2,2602,NULL,'2020-06-22 16:38:16','2020-06-22 16:38:16'),(10052,1,2392,'「未確定部分の人の承認状況を確認（△のもの）」を完了しました','2020-06-22 16:43:07','2020-06-22 16:43:07'),(10062,1,2392,'「総合振込分と単独支払分のリスト作成」を完了しました','2020-06-22 16:52:09','2020-06-22 16:52:09'),(10072,1,2392,'「金額の最終チェック」を完了しました','2020-06-22 17:14:56','2020-06-22 17:14:56'),(10082,1,2392,'「払戻請求書準備（給与／手数料）」を完了しました','2020-06-22 18:16:04','2020-06-22 18:16:04'),(10092,1,2412,'「給与資料確認」を完了しました','2020-06-22 18:26:00','2020-06-22 18:26:00'),(10102,1,2502,'「メール処理」を完了しました','2020-06-22 19:07:59','2020-06-22 19:07:59'),(10112,1,2502,'「タスク整理」を完了しました','2020-06-22 19:11:48','2020-06-22 19:11:48'),(10122,2,2502,NULL,'2020-06-22 19:11:53','2020-06-22 19:11:53'),(10132,2,2592,NULL,'2020-06-22 19:23:01','2020-06-22 19:23:01'),(10142,1,2652,'作成','2020-06-23 09:03:07','2020-06-23 09:03:07'),(10152,1,2652,'「資金移動」を完了しました','2020-06-23 09:25:00','2020-06-23 09:25:00'),(10162,1,2412,'「払戻請求書作成／送付（通帳も）」を完了しました','2020-06-23 10:39:33','2020-06-23 10:39:33'),(10172,1,2412,'「伝票注文」を完了しました','2020-06-23 10:39:34','2020-06-23 10:39:34'),(10182,1,2422,'「伝票作成／送付」を完了しました','2020-06-23 10:39:39','2020-06-23 10:39:39'),(10192,1,2392,'「伝票修正」を完了しました','2020-06-23 11:15:49','2020-06-23 11:15:49'),(10202,1,2392,'「総合振込修正」を完了しました','2020-06-23 11:15:49','2020-06-23 11:15:49'),(10212,1,2392,'「伝票送付」を完了しました','2020-06-23 11:15:52','2020-06-23 11:15:52'),(10222,1,2392,'「承認されたかチェック」を完了しました','2020-06-23 11:37:33','2020-06-23 11:37:33'),(10232,1,2492,'「グループ向けを分離」を完了しました','2020-06-23 13:49:04','2020-06-23 13:49:04'),(10242,1,2492,'「IB設定」を完了しました','2020-06-23 13:49:04','2020-06-23 13:49:04'),(10252,1,2492,'「支払チェック」を完了しました','2020-06-23 14:33:28','2020-06-23 14:33:28'),(10262,1,2492,'「払戻請求書作成／送付」を完了しました','2020-06-23 14:59:25','2020-06-23 14:59:25'),(10282,1,2672,'作成','2020-06-23 15:15:23','2020-06-23 15:15:23'),(10292,1,2682,'作成','2020-06-23 15:20:10','2020-06-23 15:20:10'),(10302,1,2652,'「郵便物処理」を完了しました','2020-06-23 15:24:51','2020-06-23 15:24:51'),(10312,1,2652,'「ヒヨコのエサ支払確認」を完了しました','2020-06-23 15:46:21','2020-06-23 15:46:21'),(10322,1,2652,'「ワークフロー処理」を完了しました','2020-06-23 15:46:30','2020-06-23 15:46:30'),(10332,1,2652,'「調印処理」を完了しました','2020-06-23 18:15:44','2020-06-23 18:15:44'),(10342,1,2652,'「メール処理」を完了しました','2020-06-23 19:13:17','2020-06-23 19:13:17'),(10352,1,2652,'「タスク整理」を完了しました','2020-06-23 19:13:17','2020-06-23 19:13:17'),(10362,2,2652,NULL,'2020-06-23 19:13:21','2020-06-23 19:13:21'),(10372,1,1712,NULL,'2020-06-23 19:19:24','2020-06-23 19:19:24'),(10382,1,2692,'作成','2020-06-23 19:19:44','2020-06-23 19:19:44'),(10392,1,2702,'作成','2020-06-24 09:21:15','2020-06-24 09:21:15'),(10402,1,2412,'「資金入金」を完了しました','2020-06-24 09:45:22','2020-06-24 09:45:22'),(10412,1,2392,'「資金入金」を完了しました','2020-06-24 09:45:25','2020-06-24 09:45:25'),(10422,1,2422,'「資金入金」を完了しました','2020-06-24 09:45:29','2020-06-24 09:45:29'),(10432,1,2702,'「資金移動」を完了しました','2020-06-24 09:45:52','2020-06-24 09:45:52'),(10442,2,2692,NULL,'2020-06-24 09:47:42','2020-06-24 09:47:42'),(10452,1,2712,'タスクが作成されました。','2020-06-24 11:16:49','2020-06-24 11:16:49'),(10462,1,2712,'「かすみがうら農場 建築見積」を完了しました','2020-06-24 11:49:22','2020-06-24 11:49:22'),(10472,1,2712,'「かすみがうら農場 建築確認済証」を完了しました','2020-06-24 11:49:22','2020-06-24 11:49:22'),(10482,2,2712,NULL,'2020-06-24 11:49:25','2020-06-24 11:49:25'),(10492,1,2422,'「伝票が着いているか確認」を完了しました','2020-06-24 13:17:49','2020-06-24 13:17:49'),(10502,1,2412,'「伝票が着いているか確認」を完了しました','2020-06-24 13:17:52','2020-06-24 13:17:52'),(10512,2,2422,NULL,'2020-06-24 13:17:57','2020-06-24 13:17:57'),(10522,1,2392,'「伝票が着いているか確認」を完了しました','2020-06-24 13:24:15','2020-06-24 13:24:15'),(10532,2,2392,NULL,'2020-06-24 13:24:21','2020-06-24 13:24:21'),(10542,1,1612,NULL,'2020-06-24 13:45:13','2020-06-24 13:45:13'),(10552,1,2722,'作成','2020-06-24 13:49:24','2020-06-24 13:49:24'),(10562,1,2412,'「25日付けの資金移動作成」を完了しました','2020-06-24 14:14:44','2020-06-24 14:14:44'),(10572,2,2412,NULL,'2020-06-24 14:14:50','2020-06-24 14:14:50'),(10582,1,2702,'「郵便物処理」を完了しました','2020-06-24 14:24:42','2020-06-24 14:24:42'),(10592,1,2702,'「調印処理」を完了しました','2020-06-24 14:27:02','2020-06-24 14:27:02'),(10602,1,2702,'「ワークフロー処理」を完了しました','2020-06-24 14:27:13','2020-06-24 14:27:13'),(10612,1,1612,'「調印申請作成」を完了しました','2020-06-24 15:02:28','2020-06-24 15:02:28'),(10622,1,1612,'「初回支払請求書を水島部長あてに送付」を完了しました','2020-06-24 15:13:11','2020-06-24 15:13:11'),(10632,1,1612,'「イセファームから美咲ファームへの支払依頼書作成」を完了しました','2020-06-24 15:24:17','2020-06-24 15:24:17'),(10642,3,1612,'決裁待ち','2020-06-24 15:24:26','2020-06-24 15:24:26'),(10652,1,2702,'「ヒヨコのエサ支払確認」を完了しました','2020-06-24 15:41:41','2020-06-24 15:41:41'),(10662,1,1712,'「JA三井リースに社内稟議通った旨連絡」を完了しました','2020-06-24 16:56:26','2020-06-24 16:56:26'),(10672,3,1712,'契約書待ち','2020-06-24 16:56:41','2020-06-24 16:56:41'),(10682,1,2732,'作成','2020-06-24 17:31:39','2020-06-24 17:31:39'),(10692,1,2742,'タスクが作成されました。','2020-06-24 17:34:24','2020-06-24 17:34:24'),(10702,2,2742,NULL,'2020-06-24 17:44:37','2020-06-24 17:44:37'),(10712,1,2702,'「メール処理」を完了しました','2020-06-24 19:06:33','2020-06-24 19:06:33'),(10722,1,2702,'「メール処理」を完了しました','2020-06-24 19:06:33','2020-06-24 19:06:33'),(10732,1,2702,'「メール処理」を完了しました','2020-06-24 19:06:34','2020-06-24 19:06:34'),(10742,1,2752,'作成','2020-06-24 19:08:57','2020-06-24 19:08:57'),(10752,2,2752,NULL,'2020-06-24 19:09:24','2020-06-24 19:09:24'),(10762,1,2762,'タスクが作成されました。','2020-06-24 19:13:04','2020-06-24 19:13:04'),(10772,1,2772,'タスクが作成されました。','2020-06-24 19:36:12','2020-06-24 19:36:12'),(10782,1,2782,'タスクが作成されました。','2020-06-24 19:38:21','2020-06-24 19:38:21'),(10792,1,2792,'タスクが作成されました。','2020-06-24 19:40:56','2020-06-24 19:40:56'),(10802,1,2802,'タスクが作成されました。','2020-06-24 19:43:15','2020-06-24 19:43:15'),(10812,1,2812,'タスクが作成されました。','2020-06-24 19:46:45','2020-06-24 19:46:45'),(10822,1,2822,'タスクが作成されました。','2020-06-24 19:48:53','2020-06-24 19:48:53'),(10832,1,2702,'「タスク整理」を完了しました','2020-06-24 19:53:37','2020-06-24 19:53:37'),(10842,2,2702,NULL,'2020-06-24 19:53:40','2020-06-24 19:53:40'),(10852,1,2832,'作成','2020-06-25 09:07:37','2020-06-25 09:07:37'),(10862,1,2842,'タスクが作成されました。','2020-06-25 09:08:27','2020-06-25 09:08:27'),(10882,1,1612,NULL,'2020-06-25 09:58:16','2020-06-25 09:58:16'),(10892,1,2862,'タスクが作成されました。','2020-06-25 09:59:10','2020-06-25 09:59:10'),(10902,1,2832,'「ヒヨコのエサ支払確認」を完了しました','2020-06-25 10:01:24','2020-06-25 10:01:24'),(10912,1,2832,'「資金移動」を完了しました','2020-06-25 10:43:20','2020-06-25 10:43:20'),(10922,1,2732,'「あおぞらに一覧表送付」を完了しました','2020-06-25 13:12:05','2020-06-25 13:12:05'),(10932,1,2782,'「倉本さんに入金日締切日を確認」を完了しました','2020-06-25 13:16:25','2020-06-25 13:16:25'),(10942,1,2732,'「支払処理①（神稲建設、277,055,000）」を完了しました','2020-06-25 13:41:05','2020-06-25 13:41:05'),(10952,1,2732,'「十河部長に振込完了連絡」を完了しました','2020-06-25 13:41:06','2020-06-25 13:41:06'),(10962,1,2732,'「総合振込の新規支払先をチェック（7件）」を完了しました','2020-06-25 13:48:56','2020-06-25 13:48:56'),(10972,1,2732,'「あおぞらに完了連絡」を完了しました','2020-06-25 13:50:07','2020-06-25 13:50:07'),(10982,2,2732,NULL,'2020-06-25 13:50:13','2020-06-25 13:50:13'),(10992,1,2492,'「新規取引先口座確認（25日）→修正」を完了しました','2020-06-25 13:55:27','2020-06-25 13:55:27'),(11002,1,2492,'「最終チェック／承認」を完了しました','2020-06-25 13:55:27','2020-06-25 13:55:27'),(11012,1,2812,'「印鑑証明手配（九州たまご ×1）：張係長に依頼 →海老津支店に直送」を完了しました','2020-06-25 14:24:48','2020-06-25 14:24:48'),(11022,1,2832,'「郵便物処理」を完了しました','2020-06-25 14:29:52','2020-06-25 14:29:52'),(11032,1,2782,'「神稲の新規分をリストに追加」を完了しました','2020-06-25 15:12:01','2020-06-25 15:12:01'),(11042,1,2782,'「関係者にリストを送付（十河部長、新島課長代理、加々美さん、小野次長、赤池係長）」を完了しました','2020-06-25 15:36:21','2020-06-25 15:36:21'),(11052,1,2782,'「あおぞら銀行（倉本さん、大野さん）にリストを送付」を完了しました','2020-06-25 15:36:21','2020-06-25 15:36:21'),(11062,2,2782,NULL,'2020-06-25 15:36:26','2020-06-25 15:36:26'),(11072,1,2872,'タスクが作成されました。','2020-06-25 15:40:24','2020-06-25 15:40:24'),(11082,1,2832,'「ワークフロー処理」を完了しました','2020-06-25 15:41:41','2020-06-25 15:41:41'),(11092,1,2882,'タスクが作成されました。','2020-06-25 15:44:39','2020-06-25 15:44:39'),(11102,1,2862,'「アイアート×1：立川さんに依頼」を完了しました','2020-06-25 15:46:00','2020-06-25 15:46:00'),(11112,1,2862,'「イセ・アセアン×1：立川さんに依頼」を完了しました','2020-06-25 15:46:01','2020-06-25 15:46:01'),(11122,3,2862,'立川さん待ち','2020-06-25 15:46:10','2020-06-25 15:46:10'),(11132,1,1712,NULL,'2020-06-25 16:19:40','2020-06-25 16:19:40'),(11142,1,1712,'「検収予定時期を確認：諸富部長」を完了しました','2020-06-25 16:21:05','2020-06-25 16:21:05'),(11152,3,1712,'検収予定時期確認中（諸富部長）','2020-06-25 16:21:19','2020-06-25 16:21:19'),(11162,1,2832,'「調印処理」を完了しました','2020-06-25 16:26:02','2020-06-25 16:26:02'),(11172,2,2882,NULL,'2020-06-25 16:35:18','2020-06-25 16:35:18'),(11182,1,2772,'「決裁前に調印」を完了しました','2020-06-25 16:40:05','2020-06-25 16:40:05'),(11192,1,2772,'「PDFをメール」を完了しました','2020-06-25 16:40:06','2020-06-25 16:40:06'),(11202,1,2772,'「調印申請作成」を完了しました','2020-06-25 16:43:53','2020-06-25 16:43:53'),(11212,1,2772,'「原本を郵送」を完了しました','2020-06-25 16:58:54','2020-06-25 16:58:54'),(11222,2,2772,NULL,'2020-06-25 16:58:58','2020-06-25 16:58:58'),(11232,1,2772,NULL,'2020-06-25 17:28:23','2020-06-25 17:28:23'),(11242,1,2812,'「臨時取締役会議事録作成」を完了しました','2020-06-25 17:48:01','2020-06-25 17:48:01'),(11252,1,2812,'「謄本手配（九州たまご×1）：立川さんに依頼」を完了しました','2020-06-25 17:48:05','2020-06-25 17:48:05'),(11262,1,2812,'「調印申請作成」を完了しました','2020-06-25 18:07:09','2020-06-25 18:07:09'),(11272,3,2812,'決裁待ち','2020-06-25 18:07:23','2020-06-25 18:07:23'),(11282,1,2892,'タスクが作成されました。','2020-06-25 18:08:12','2020-06-25 18:08:12'),(11292,2,2892,NULL,'2020-06-25 18:13:56','2020-06-25 18:13:56'),(11302,1,2822,'「調印申請作成」を完了しました','2020-06-25 18:50:17','2020-06-25 18:50:17'),(11312,3,2822,'決裁待ち','2020-06-25 18:50:25','2020-06-25 18:50:25'),(11322,1,2832,'「メール処理」を完了しました','2020-06-25 18:53:29','2020-06-25 18:53:29'),(11332,1,2902,'タスクが作成されました。','2020-06-25 19:02:37','2020-06-25 19:02:37'),(11342,1,2912,'タスクが作成されました。','2020-06-25 19:07:10','2020-06-25 19:07:10'),(11352,1,2922,'タスクが作成されました。','2020-06-25 19:10:49','2020-06-25 19:10:49'),(11362,1,1912,'カード着','2020-06-25 19:12:13','2020-06-25 19:12:13'),(11372,1,2262,'カード着','2020-06-25 19:12:36','2020-06-25 19:12:36'),(11382,1,2022,'カード着','2020-06-25 19:13:03','2020-06-25 19:13:03'),(11392,1,2932,'タスクが作成されました。','2020-06-25 19:19:48','2020-06-25 19:19:48'),(11402,1,2942,'タスクが作成されました。','2020-06-25 19:21:56','2020-06-25 19:21:56'),(11412,1,2832,'「タスク整理」を完了しました','2020-06-25 19:23:04','2020-06-25 19:23:04'),(11422,2,2832,NULL,'2020-06-25 19:23:09','2020-06-25 19:23:09'),(11432,1,2842,'「資金繰表作成」を完了しました','2020-06-25 19:49:11','2020-06-25 19:49:11'),(11442,1,2842,'「資金移動依頼作成」を完了しました','2020-06-25 20:06:06','2020-06-25 20:06:06'),(11452,2,2842,NULL,'2020-06-25 20:06:11','2020-06-25 20:06:11'),(11462,3,2812,'決裁待ち、謄本着','2020-06-26 09:16:11','2020-06-26 09:16:11'),(11472,1,2862,'謄本着','2020-06-26 09:16:50','2020-06-26 09:16:50'),(11482,1,2952,'タスクが作成されました。','2020-06-26 09:18:52','2020-06-26 09:18:52'),(11492,1,2862,'「発送処理」を完了しました','2020-06-26 09:25:19','2020-06-26 09:25:19'),(11502,2,2862,NULL,'2020-06-26 09:25:22','2020-06-26 09:25:22'),(11512,1,2962,'作成','2020-06-26 09:27:11','2020-06-26 09:27:11'),(11522,1,2962,'「資金移動」を完了しました','2020-06-26 09:28:46','2020-06-26 09:28:46'),(11532,1,2972,'タスクが作成されました。','2020-06-26 09:39:37','2020-06-26 09:39:37'),(11542,1,2672,'「あおぞらに一覧表送付」を完了しました','2020-06-26 09:39:46','2020-06-26 09:39:46'),(11552,1,2672,'「支払処理①（給与5件）」を完了しました','2020-06-26 10:33:51','2020-06-26 10:33:51'),(11562,2,2952,NULL,'2020-06-26 11:39:13','2020-06-26 11:39:13'),(11572,1,2772,'「報告書修正（2番を入れる）」を完了しました','2020-06-26 11:57:24','2020-06-26 11:57:24'),(11582,1,2672,'「支払処理③（イセ食品 三菱日暮里、1,645,714円）」を完了しました','2020-06-26 13:19:24','2020-06-26 13:19:24'),(11592,1,2672,'「支払処理②（イセ㈱、45,377,987円）」を完了しました','2020-06-26 13:27:53','2020-06-26 13:27:53'),(11602,1,2672,'「支払処理④（イセ食品 群馬鴻巣、257,901円）」を完了しました','2020-06-26 13:27:55','2020-06-26 13:27:55'),(11612,1,2672,'「支払処理⑤（伊勢農場、363,502円）」を完了しました','2020-06-26 13:33:42','2020-06-26 13:33:42'),(11622,1,2672,'「支払処理⑥（イセファーム、39,507,915円）」を完了しました','2020-06-26 13:41:24','2020-06-26 13:41:24'),(11632,1,2672,'「支払処理⑦（千葉孵化場、34,701,771円）」を完了しました','2020-06-26 13:41:25','2020-06-26 13:41:25'),(11642,1,2672,'「あおぞらに完了連絡」を完了しました','2020-06-26 13:44:37','2020-06-26 13:44:37'),(11652,2,2672,NULL,'2020-06-26 13:44:41','2020-06-26 13:44:41'),(11662,1,2772,'「決裁前に調印」を完了しました','2020-06-26 14:06:12','2020-06-26 14:06:12'),(11672,1,2942,'「三菱UFJ銀行・後藤さんに送付」を完了しました','2020-06-26 16:51:07','2020-06-26 16:51:07'),(11682,1,2962,'「郵便物処理」を完了しました','2020-06-26 16:51:08','2020-06-26 16:51:08'),(11692,2,2942,NULL,'2020-06-26 16:51:15','2020-06-26 16:51:15'),(11702,1,2772,'「PDFをメール」を完了しました','2020-06-26 16:51:28','2020-06-26 16:51:28'),(11712,1,2772,'「原本を郵送」を完了しました','2020-06-26 16:51:28','2020-06-26 16:51:28'),(11722,1,2772,'「調印申請作成」を完了しました','2020-06-26 16:53:35','2020-06-26 16:53:35'),(11732,2,2772,NULL,'2020-06-26 16:53:50','2020-06-26 16:53:50'),(11742,1,2762,'「払戻請求書作成／送付」を完了しました','2020-06-26 16:55:15','2020-06-26 16:55:15'),(11752,1,2962,'「ワークフロー処理」を完了しました','2020-06-26 16:55:35','2020-06-26 16:55:35'),(11762,1,2962,'「調印処理」を完了しました','2020-06-26 18:16:48','2020-06-26 18:16:48'),(11772,1,2962,'「メール処理」を完了しました','2020-06-26 19:20:37','2020-06-26 19:20:37'),(11782,1,2982,'作成','2020-06-26 19:21:09','2020-06-26 19:21:09'),(11792,1,1712,'検収予定時期確認','2020-06-26 19:27:03','2020-06-26 19:27:03'),(11802,1,1712,'「検収予定時期を福井さんに連絡」を完了しました','2020-06-26 19:29:19','2020-06-26 19:29:19'),(11812,3,1712,'契約書待ち','2020-06-26 19:29:33','2020-06-26 19:29:33'),(11822,1,3002,'タスクが作成されました。','2020-06-26 19:38:58','2020-06-26 19:38:58'),(11832,1,2962,'「タスク整理」を完了しました','2020-06-26 19:42:24','2020-06-26 19:42:24'),(11842,2,2962,NULL,'2020-06-26 19:42:27','2020-06-26 19:42:27'),(11852,2,2982,NULL,'2020-06-26 19:48:37','2020-06-26 19:48:37'),(11871,1,3021,'作成','2020-06-29 10:36:16','2020-06-29 10:36:16'),(11881,1,3021,'「資金移動」を完了しました','2020-06-29 10:36:36','2020-06-29 10:36:36'),(11891,1,3031,'タスクが作成されました。','2020-06-29 10:41:19','2020-06-29 10:41:19'),(11901,1,3041,'タスクが作成されました。','2020-06-29 10:44:42','2020-06-29 10:44:42'),(11911,1,3051,'作成','2020-06-29 10:47:04','2020-06-29 10:47:04'),(11921,1,3051,'「家計簿記入」を完了しました','2020-06-29 10:47:20','2020-06-29 10:47:20'),(11931,1,3061,'タスクが作成されました。','2020-06-29 10:48:23','2020-06-29 10:48:23'),(11941,1,3051,'「FP2級学習」を完了しました','2020-06-29 11:40:34','2020-06-29 11:40:34'),(11951,1,3071,'タスクが作成されました。','2020-06-29 11:49:11','2020-06-29 11:49:11'),(11961,1,3051,'「応用情報技術者学習」を完了しました','2020-06-29 11:57:08','2020-06-29 11:57:08'),(11971,2,2872,NULL,'2020-06-29 11:57:29','2020-06-29 11:57:29'),(11981,1,3051,'「評論一記事読む」を完了しました','2020-06-29 12:45:10','2020-06-29 12:45:10'),(11991,1,3081,'タスクが作成されました。','2020-06-29 13:03:29','2020-06-29 13:03:29'),(12001,1,3091,'タスクが作成されました。','2020-06-29 13:04:47','2020-06-29 13:04:47'),(12011,1,3101,'タスクが作成されました。','2020-06-29 13:06:37','2020-06-29 13:06:37'),(12021,1,3111,'タスクが作成されました。','2020-06-29 13:09:55','2020-06-29 13:09:55'),(12031,1,3121,'タスクが作成されました。','2020-06-29 13:12:36','2020-06-29 13:12:36'),(12041,1,3131,'タスクが作成されました。','2020-06-29 13:14:32','2020-06-29 13:14:32'),(12051,1,3141,'タスクが作成されました。','2020-06-29 13:16:10','2020-06-29 13:16:10'),(12061,1,3151,'タスクが作成されました。','2020-06-29 13:17:10','2020-06-29 13:17:10'),(12071,1,3161,'タスクが作成されました。','2020-06-29 13:19:31','2020-06-29 13:19:31'),(12101,1,3191,'タスクが作成されました。','2020-06-29 13:26:00','2020-06-29 13:26:00'),(12141,1,3231,'タスクが作成されました。','2020-06-29 13:38:45','2020-06-29 13:38:45'),(12151,1,3071,'「イセ食品決算書（2020年1月期）」を完了しました','2020-06-29 13:41:10','2020-06-29 13:41:10'),(12161,1,3071,'「新ひたちファーム決算書（2020年1月期）」を完了しました','2020-06-29 13:41:38','2020-06-29 13:41:38'),(12171,1,3071,'「かすみがうら農場決算書（2020年1月期）」を完了しました','2020-06-29 13:42:12','2020-06-29 13:42:12'),(12181,1,3071,'「連結財務諸表（2020年1月期）」を完了しました','2020-06-29 13:42:36','2020-06-29 13:42:36'),(12191,2,3071,NULL,'2020-06-29 13:42:40','2020-06-29 13:42:40'),(12201,1,3231,'「月次資料（2020年2月）」を完了しました','2020-06-29 13:46:10','2020-06-29 13:46:10'),(12211,1,3231,'「月次資料（2020年3月）」を完了しました','2020-06-29 13:46:10','2020-06-29 13:46:10'),(12221,2,3231,NULL,'2020-06-29 13:46:18','2020-06-29 13:46:18'),(12231,1,2902,'「かすみがうら農場」を完了しました','2020-06-29 13:46:23','2020-06-29 13:46:23'),(12241,1,3241,'タスクが作成されました。','2020-06-29 13:48:32','2020-06-29 13:48:32'),(12251,1,2902,'「グループ」を完了しました','2020-06-29 13:54:05','2020-06-29 13:54:05'),(12261,2,2902,NULL,'2020-06-29 13:54:09','2020-06-29 13:54:09'),(12271,1,3251,'タスクが作成されました。','2020-06-29 14:01:23','2020-06-29 14:01:23'),(12281,1,3261,'タスクが作成されました。','2020-06-29 14:03:44','2020-06-29 14:03:44'),(12291,1,3261,'「表示」を完了しました','2020-06-29 14:05:01','2020-06-29 14:05:01'),(12301,1,3271,'タスクが作成されました。','2020-06-29 14:05:57','2020-06-29 14:05:57'),(12311,1,3281,'タスクが作成されました。','2020-06-29 14:09:02','2020-06-29 14:09:02'),(12321,1,2492,'「資金入金」を完了しました','2020-06-29 14:10:01','2020-06-29 14:10:01'),(12331,2,2492,NULL,'2020-06-29 14:10:06','2020-06-29 14:10:06'),(12341,1,3291,'タスクが作成されました。','2020-06-29 14:14:43','2020-06-29 14:14:43'),(12351,1,3301,'タスクが作成されました。','2020-06-29 14:15:39','2020-06-29 14:15:39'),(12361,1,3311,'タスクが作成されました。','2020-06-29 14:17:02','2020-06-29 14:17:02'),(12371,1,3321,'タスクが作成されました。','2020-06-29 14:18:29','2020-06-29 14:18:29'),(12381,1,3331,'タスクが作成されました。','2020-06-29 14:19:58','2020-06-29 14:19:58'),(12391,1,3341,'タスクが作成されました。','2020-06-29 14:23:06','2020-06-29 14:23:06'),(12401,1,3021,'「郵便物処理」を完了しました','2020-06-29 14:31:08','2020-06-29 14:31:08'),(12411,1,3351,'タスクが作成されました。','2020-06-29 14:34:37','2020-06-29 14:34:37'),(12421,1,3361,'タスクが作成されました。','2020-06-29 14:35:46','2020-06-29 14:35:46'),(12431,1,3371,'タスクが作成されました。','2020-06-29 14:36:47','2020-06-29 14:36:47'),(12441,1,3381,'タスクが作成されました。','2020-06-29 14:45:15','2020-06-29 14:45:15'),(12451,1,3391,'タスクが作成されました。','2020-06-29 14:47:05','2020-06-29 14:47:05'),(12461,1,3401,'タスクが作成されました。','2020-06-29 14:48:09','2020-06-29 14:48:09'),(12471,1,3411,'タスクが作成されました。','2020-06-29 14:57:31','2020-06-29 14:57:31'),(12481,1,2762,'「越川さんに金額等連絡」を完了しました','2020-06-29 15:00:37','2020-06-29 15:00:37'),(12491,2,2762,NULL,'2020-06-29 15:00:43','2020-06-29 15:00:43'),(12501,1,3021,'「ヒヨコのエサ支払確認」を完了しました','2020-06-29 15:02:26','2020-06-29 15:02:26'),(12511,1,3421,'タスクが作成されました。','2020-06-29 15:06:05','2020-06-29 15:06:05'),(12521,1,3431,'タスクが作成されました。','2020-06-29 15:06:21','2020-06-29 15:06:21'),(12531,1,3441,'タスクが作成されました。','2020-06-29 15:06:44','2020-06-29 15:06:44'),(12541,1,3451,'タスクが作成されました。','2020-06-29 15:06:58','2020-06-29 15:06:58'),(12551,1,3461,'タスクが作成されました。','2020-06-29 15:07:17','2020-06-29 15:07:17'),(12561,1,3471,'タスクが作成されました。','2020-06-29 15:07:28','2020-06-29 15:07:28'),(12571,1,3481,'タスクが作成されました。','2020-06-29 15:07:38','2020-06-29 15:07:38'),(12581,1,3491,'タスクが作成されました。','2020-06-29 15:07:49','2020-06-29 15:07:49'),(12591,1,3501,'タスクが作成されました。','2020-06-29 15:07:59','2020-06-29 15:07:59'),(12601,1,3511,'タスクが作成されました。','2020-06-29 15:08:18','2020-06-29 15:08:18'),(12611,1,3521,'タスクが作成されました。','2020-06-29 15:08:38','2020-06-29 15:08:38'),(12621,1,3531,'タスクが作成されました。','2020-06-29 15:09:11','2020-06-29 15:09:11'),(12631,1,3541,'タスクが作成されました。','2020-06-29 15:09:22','2020-06-29 15:09:22'),(12641,1,3551,'タスクが作成されました。','2020-06-29 15:11:36','2020-06-29 15:11:36'),(12651,1,3561,'タスクが作成されました。','2020-06-29 15:13:14','2020-06-29 15:13:14'),(12661,1,3571,'タスクが作成されました。','2020-06-29 15:16:00','2020-06-29 15:16:00'),(12671,1,3581,'タスクが作成されました。','2020-06-29 15:19:49','2020-06-29 15:19:49'),(12681,1,3591,'タスクが作成されました。','2020-06-29 15:20:10','2020-06-29 15:20:10'),(12691,1,3601,'タスクが作成されました。','2020-06-29 15:21:36','2020-06-29 15:21:36'),(12701,1,3611,'タスクが作成されました。','2020-06-29 15:22:37','2020-06-29 15:22:37'),(12711,1,3621,'タスクが作成されました。','2020-06-29 15:26:43','2020-06-29 15:26:43'),(12721,1,3631,'タスクが作成されました。','2020-06-29 15:27:30','2020-06-29 15:27:30'),(12731,1,3641,'タスクが作成されました。','2020-06-29 15:30:17','2020-06-29 15:30:17'),(12741,1,3651,'タスクが作成されました。','2020-06-29 15:31:19','2020-06-29 15:31:19'),(12751,1,3661,'タスクが作成されました。','2020-06-29 15:32:24','2020-06-29 15:32:24'),(12761,1,3671,'タスクが作成されました。','2020-06-29 15:33:02','2020-06-29 15:33:02'),(12771,1,3681,'タスクが作成されました。','2020-06-29 15:33:31','2020-06-29 15:33:31'),(12781,1,3691,'タスクが作成されました。','2020-06-29 15:33:43','2020-06-29 15:33:43'),(12791,1,3701,'タスクが作成されました。','2020-06-29 15:34:15','2020-06-29 15:34:15'),(12801,1,3711,'タスクが作成されました。','2020-06-29 15:34:21','2020-06-29 15:34:21'),(12811,1,3721,'タスクが作成されました。','2020-06-29 15:36:05','2020-06-29 15:36:05'),(12821,1,3191,'「プロジェクトの詳細（タスク一覧）の長さが足りない」を完了しました','2020-06-29 15:42:46','2020-06-29 15:42:46'),(12831,1,3731,'タスクが作成されました。','2020-06-29 15:44:56','2020-06-29 15:44:56'),(12841,1,3741,'タスクが作成されました。','2020-06-29 15:46:22','2020-06-29 15:46:22'),(12851,1,3751,'タスクが作成されました。','2020-06-29 15:52:36','2020-06-29 15:52:36'),(12861,1,3761,'タスクが作成されました。','2020-06-29 15:53:23','2020-06-29 15:53:23'),(12871,1,3771,'タスクが作成されました。','2020-06-29 15:54:18','2020-06-29 15:54:18'),(12881,1,3781,'タスクが作成されました。','2020-06-29 15:55:16','2020-06-29 15:55:16'),(12891,1,3791,'タスクが作成されました。','2020-06-29 15:58:27','2020-06-29 15:58:27'),(12901,1,3801,'タスクが作成されました。','2020-06-29 15:59:07','2020-06-29 15:59:07'),(12911,1,3811,'タスクが作成されました。','2020-06-29 16:00:43','2020-06-29 16:00:43'),(12921,1,3821,'タスクが作成されました。','2020-06-29 16:02:13','2020-06-29 16:02:13'),(12931,1,3831,'タスクが作成されました。','2020-06-29 16:02:38','2020-06-29 16:02:38'),(12941,1,3841,'タスクが作成されました。','2020-06-29 16:03:07','2020-06-29 16:03:07'),(12951,1,3851,'タスクが作成されました。','2020-06-29 16:04:03','2020-06-29 16:04:03'),(12961,1,3861,'タスクが作成されました。','2020-06-29 16:04:37','2020-06-29 16:04:37'),(12971,1,3871,'タスクが作成されました。','2020-06-29 16:05:02','2020-06-29 16:05:02'),(12981,1,3881,'タスクが作成されました。','2020-06-29 16:05:28','2020-06-29 16:05:28'),(12991,1,3891,'タスクが作成されました。','2020-06-29 16:06:45','2020-06-29 16:06:45'),(13001,1,2462,NULL,'2020-06-29 16:16:45','2020-06-29 16:16:45'),(13011,1,2462,'「PDF送付」を完了しました','2020-06-29 16:17:04','2020-06-29 16:17:04'),(13021,1,2462,'「原本送付（新島課長代理に依頼）」を完了しました','2020-06-29 16:17:05','2020-06-29 16:17:05'),(13031,2,2462,NULL,'2020-06-29 16:17:16','2020-06-29 16:17:16'),(13041,1,3901,'タスクが作成されました。','2020-06-29 16:20:19','2020-06-29 16:20:19'),(13051,1,3911,'タスクが作成されました。','2020-06-29 16:26:11','2020-06-29 16:26:11'),(13061,1,3921,'タスクが作成されました。','2020-06-29 16:27:01','2020-06-29 16:27:01'),(13071,1,3931,'タスクが作成されました。','2020-06-29 16:27:05','2020-06-29 16:27:05'),(13081,1,3941,'タスクが作成されました。','2020-06-29 16:27:24','2020-06-29 16:27:24'),(13091,1,3951,'タスクが作成されました。','2020-06-29 16:28:35','2020-06-29 16:28:35'),(13101,1,3961,'タスクが作成されました。','2020-06-29 16:29:08','2020-06-29 16:29:08'),(13111,1,3971,'タスクが作成されました。','2020-06-29 16:30:05','2020-06-29 16:30:05'),(13121,1,3981,'タスクが作成されました。','2020-06-29 16:30:54','2020-06-29 16:30:54'),(13131,1,3991,'タスクが作成されました。','2020-06-29 16:33:15','2020-06-29 16:33:15'),(13141,1,4001,'タスクが作成されました。','2020-06-29 16:35:01','2020-06-29 16:35:01'),(13151,1,4011,'タスクが作成されました。','2020-06-29 16:35:55','2020-06-29 16:35:55'),(13161,1,4021,'タスクが作成されました。','2020-06-29 16:37:33','2020-06-29 16:37:33'),(13171,1,4031,'タスクが作成されました。','2020-06-29 16:37:38','2020-06-29 16:37:38'),(13181,1,4041,'タスクが作成されました。','2020-06-29 16:38:02','2020-06-29 16:38:02'),(13191,2,3161,NULL,'2020-06-29 16:44:14','2020-06-29 16:44:14'),(13201,1,3021,'「ワークフロー処理」を完了しました','2020-06-29 16:51:53','2020-06-29 16:51:53'),(13211,1,3021,'「メール処理」を完了しました','2020-06-29 17:07:20','2020-06-29 17:07:20'),(13221,1,3021,'「調印処理」を完了しました','2020-06-29 17:31:53','2020-06-29 17:31:53'),(13231,1,4051,'作成','2020-06-29 17:33:20','2020-06-29 17:33:20'),(13241,1,4061,'作成','2020-06-29 17:36:58','2020-06-29 17:36:58'),(13251,1,4071,'作成','2020-06-29 17:38:13','2020-06-29 17:38:13'),(13261,1,4081,'作成','2020-06-29 17:38:55','2020-06-29 17:38:55'),(13271,1,4091,'タスクが作成されました。','2020-06-29 17:43:05','2020-06-29 17:43:05'),(13291,1,4111,'タスクが作成されました。','2020-06-29 17:45:47','2020-06-29 17:45:47'),(13301,1,3021,'「タスク整理」を完了しました','2020-06-29 17:46:26','2020-06-29 17:46:26'),(13311,2,3021,NULL,'2020-06-29 17:46:32','2020-06-29 17:46:32'),(13321,1,4111,'「かすみがうら農場」を完了しました','2020-06-29 18:25:32','2020-06-29 18:25:32'),(13331,1,4091,'「調印申請作成」を完了しました','2020-06-29 18:43:56','2020-06-29 18:43:56'),(13341,1,4091,'「謄本／印鑑証明手配（美咲ファーム）×1」を完了しました','2020-06-29 18:45:40','2020-06-29 18:45:40'),(13351,3,4091,'決裁待ち','2020-06-29 18:45:51','2020-06-29 18:45:51'),(13361,2,3002,NULL,'2020-06-29 18:58:30','2020-06-29 18:58:30'),(13371,1,3051,'「Guardian一記事読む」を完了しました','2020-06-29 19:09:02','2020-06-29 19:09:02'),(13381,1,3051,'「コンテンツ記録」を完了しました','2020-06-29 19:22:00','2020-06-29 19:22:00'),(13391,1,2792,'「事前通告に基づく申出書（イセ㈱ 実印）×1」を完了しました','2020-06-29 19:28:13','2020-06-29 19:28:13'),(13401,1,2792,'「事前通告に基づく申出書（イセ食品 実印）×1」を完了しました','2020-06-29 19:28:14','2020-06-29 19:28:14'),(13411,2,2792,NULL,'2020-06-29 19:28:36','2020-06-29 19:28:36'),(13421,2,4051,NULL,'2020-06-29 19:33:53','2020-06-29 19:33:53'),(13431,1,3051,'「録画予約確認」を完了しました','2020-06-29 20:28:05','2020-06-29 20:28:05'),(13441,1,3051,'「ダビング 」を完了しました','2020-06-29 20:32:54','2020-06-29 20:32:54'),(13451,1,3031,'「ツインスター・サイクロン・ランナウェイ」を完了しました','2020-06-29 20:45:46','2020-06-29 20:45:46'),(13461,1,3051,'「仏語学習（Drops）」を完了しました','2020-06-29 21:25:31','2020-06-29 21:25:31'),(13471,1,3051,'「TOEIC学習（mikan, duolingo）」を完了しました','2020-06-29 21:25:31','2020-06-29 21:25:31'),(13481,1,3051,'「新しい技術（Flutter環境構築、visual studio code導入まで）https://qiita.com/tomy0610/items/896dc8ec9ba95c33194f」を完了しました','2020-06-29 21:47:14','2020-06-29 21:47:14'),(13491,1,3051,'「爪ケア」を完了しました','2020-06-29 22:25:18','2020-06-29 22:25:18'),(13501,1,3051,'「フィットボクシング」を完了しました','2020-06-29 22:44:12','2020-06-29 22:44:12'),(13511,1,3051,'「ノーマルスクワット（20×5）」を差し戻しました。','2020-06-29 22:44:16','2020-06-29 22:44:16'),(13521,1,3051,'「ノーマルスクワット（20×5）」を差し戻しました。','2020-06-29 22:44:31','2020-06-29 22:44:31'),(13531,1,3051,'「顔ケア」を完了しました','2020-06-29 23:21:49','2020-06-29 23:21:49'),(13541,1,3051,'「デンタルウォッシュ」を完了しました','2020-06-29 23:21:50','2020-06-29 23:21:50'),(13551,1,3051,'「簿記学習」を完了しました','2020-06-29 23:21:55','2020-06-29 23:21:55'),(13561,5,3051,NULL,'2020-06-29 23:22:10','2020-06-29 23:22:10'),(13571,1,4121,'作成','2020-06-30 06:46:18','2020-06-30 06:46:18'),(13581,1,4121,'「録画予約確認」を完了しました','2020-06-30 06:47:05','2020-06-30 06:47:05'),(13591,1,4121,'「TOEIC学習（mikan, duolingo）」を完了しました','2020-06-30 07:09:06','2020-06-30 07:09:06'),(13601,1,4121,'「アブローラー（10回×5）」を完了しました','2020-06-30 07:27:26','2020-06-30 07:27:26'),(13611,1,4121,'「ノーマルスクワット（20×5）」を完了しました','2020-06-30 07:27:27','2020-06-30 07:27:27'),(13621,1,4121,'「身体洗う」を完了しました','2020-06-30 07:54:48','2020-06-30 07:54:48'),(13631,1,4121,'「ダビング 」を完了しました','2020-06-30 07:54:56','2020-06-30 07:54:56'),(13641,1,4131,'作成','2020-06-30 09:40:27','2020-06-30 09:40:27'),(13651,1,4131,'「資金移動」を完了しました','2020-06-30 09:40:56','2020-06-30 09:40:56'),(13661,1,4141,'作成','2020-06-30 09:54:03','2020-06-30 09:54:03'),(13671,2,3411,NULL,'2020-06-30 10:26:28','2020-06-30 10:26:28'),(13681,1,4141,'「あおぞらに一覧表送付」を完了しました','2020-06-30 10:26:44','2020-06-30 10:26:44'),(13691,1,4141,'「支払処理①（MonotaRo、184,415円）」を完了しました','2020-06-30 10:36:34','2020-06-30 10:36:34'),(13701,1,4141,'「あおぞらに完了連絡」を完了しました','2020-06-30 10:42:02','2020-06-30 10:42:02'),(13711,2,4141,NULL,'2020-06-30 10:42:05','2020-06-30 10:42:05'),(13721,1,2262,'「現場に送付」を完了しました','2020-06-30 10:43:50','2020-06-30 10:43:50'),(13731,1,4121,'「家計簿記入」を完了しました','2020-06-30 10:45:33','2020-06-30 10:45:33'),(13741,1,4151,'タスクが作成されました。','2020-06-30 10:51:28','2020-06-30 10:51:28'),(13751,1,3191,'「テンプレート編集でタグ一覧が表示されないのを修正」を完了しました','2020-06-30 11:06:08','2020-06-30 11:06:08'),(13761,1,3191,'「テンプレート編集ページの表示を修正」を完了しました','2020-06-30 11:06:13','2020-06-30 11:06:13'),(13771,2,2932,NULL,'2020-06-30 11:46:29','2020-06-30 11:46:29'),(13781,1,4121,'「FP2級学習」を完了しました','2020-06-30 11:57:17','2020-06-30 11:57:17'),(13791,1,4121,'「応用情報技術者学習」を完了しました','2020-06-30 12:01:49','2020-06-30 12:01:49'),(13801,1,4121,'「評論一記事読む」を完了しました','2020-06-30 12:13:26','2020-06-30 12:13:26'),(13811,1,4121,'「Guardian一記事読む」を完了しました','2020-06-30 12:59:40','2020-06-30 12:59:40'),(13821,2,3551,NULL,'2020-06-30 13:41:37','2020-06-30 13:41:37'),(13831,1,1912,'「現場にカードを送付」を完了しました','2020-06-30 13:41:52','2020-06-30 13:41:52'),(13841,1,1912,'「台帳に記入／ファイリング」を完了しました','2020-06-30 13:41:52','2020-06-30 13:41:52'),(13851,2,1912,NULL,'2020-06-30 13:41:56','2020-06-30 13:41:56'),(13861,1,2022,'「現場にカードを送付」を完了しました','2020-06-30 13:41:59','2020-06-30 13:41:59'),(13871,1,2022,'「台帳に記入／ファイリング」を完了しました','2020-06-30 13:42:00','2020-06-30 13:42:00'),(13881,2,2022,NULL,'2020-06-30 13:42:04','2020-06-30 13:42:04'),(13891,1,2262,'「台帳に記入／ファイリング」を完了しました','2020-06-30 13:42:10','2020-06-30 13:42:10'),(13901,2,2262,NULL,'2020-06-30 13:42:14','2020-06-30 13:42:14'),(13911,1,3191,'「プロジェクト詳細の改行」を完了しました','2020-06-30 13:48:02','2020-06-30 13:48:02');
/*!40000 ALTER TABLE `state_task` ENABLE KEYS */;
UNLOCK TABLES;

--
-- Table structure for table `states`
--

DROP TABLE IF EXISTS `states`;
/*!40101 SET @saved_cs_client     = @@character_set_client */;
/*!40101 SET character_set_client = utf8 */;
CREATE TABLE `states` (
  `id` int(10) unsigned NOT NULL AUTO_INCREMENT,
  `name` varchar(191) COLLATE utf8mb4_unicode_ci NOT NULL,
  `overview` text COLLATE utf8mb4_unicode_ci NOT NULL,
  `created_at` timestamp NULL DEFAULT NULL,
  `updated_at` timestamp NULL DEFAULT NULL,
  PRIMARY KEY (`id`)
) ENGINE=InnoDB AUTO_INCREMENT=6 DEFAULT CHARSET=utf8mb4 COLLATE=utf8mb4_unicode_ci;
/*!40101 SET character_set_client = @saved_cs_client */;

--
-- Dumping data for table `states`
--

LOCK TABLES `states` WRITE;
/*!40000 ALTER TABLE `states` DISABLE KEYS */;
INSERT INTO `states` VALUES (1,'実行中','アクティブな状態','2020-05-14 23:21:25','2020-05-14 23:21:25'),(2,'完了','タスクが完了した状態','2020-05-14 23:21:25','2020-05-14 23:21:25'),(3,'対応待ち','他者からの反応を待っている状態','2020-05-14 23:21:25','2020-05-14 23:21:25'),(4,'タスク移動','他の人に投げた状態','2020-05-14 23:21:25','2020-05-14 23:21:25'),(5,'未完了','完了できずに終了','2020-05-14 23:21:25','2020-05-14 23:21:25');
/*!40000 ALTER TABLE `states` ENABLE KEYS */;
UNLOCK TABLES;

--
-- Table structure for table `tag_task`
--

DROP TABLE IF EXISTS `tag_task`;
/*!40101 SET @saved_cs_client     = @@character_set_client */;
/*!40101 SET character_set_client = utf8 */;
CREATE TABLE `tag_task` (
  `id` int(10) unsigned NOT NULL AUTO_INCREMENT,
  `task_id` int(10) unsigned NOT NULL,
  `tag_id` int(10) unsigned NOT NULL,
  `created_at` timestamp NULL DEFAULT NULL,
  `updated_at` timestamp NULL DEFAULT NULL,
  PRIMARY KEY (`id`),
  UNIQUE KEY `tag_task_key` (`task_id`,`tag_id`),
  KEY `tag_task_tag_id_foreign` (`tag_id`),
  CONSTRAINT `tag_task_tag_id_foreign` FOREIGN KEY (`tag_id`) REFERENCES `tags` (`id`) ON DELETE CASCADE,
  CONSTRAINT `tag_task_task_id_foreign` FOREIGN KEY (`task_id`) REFERENCES `tasks` (`id`) ON DELETE CASCADE
) ENGINE=InnoDB AUTO_INCREMENT=15471 DEFAULT CHARSET=utf8mb4 COLLATE=utf8mb4_unicode_ci;
/*!40101 SET character_set_client = @saved_cs_client */;

--
-- Dumping data for table `tag_task`
--

LOCK TABLES `tag_task` WRITE;
/*!40000 ALTER TABLE `tag_task` DISABLE KEYS */;
INSERT INTO `tag_task` VALUES (12,42,2,'2020-05-15 09:50:37','2020-05-15 09:50:37'),(22,42,12,'2020-05-15 09:50:39','2020-05-15 09:50:39'),(32,52,2,'2020-05-15 09:54:36','2020-05-15 09:54:36'),(42,52,22,'2020-05-15 09:54:51','2020-05-15 09:54:51'),(52,62,2,'2020-05-15 10:11:27','2020-05-15 10:11:27'),(62,72,2,'2020-05-15 10:19:13','2020-05-15 10:19:13'),(72,82,32,'2020-05-15 10:53:34','2020-05-15 10:53:34'),(82,92,42,'2020-05-15 11:08:20','2020-05-15 11:08:20'),(92,82,2,'2020-05-15 11:17:53','2020-05-15 11:17:53'),(102,102,2,'2020-05-15 11:45:38','2020-05-15 11:45:38'),(112,112,2,'2020-05-15 11:57:02','2020-05-15 11:57:02'),(122,122,2,'2020-05-15 13:02:20','2020-05-15 13:02:20'),(132,132,52,'2020-05-15 13:27:19','2020-05-15 13:27:19'),(142,132,2,'2020-05-15 13:27:21','2020-05-15 13:27:21'),(152,142,2,'2020-05-15 13:28:05','2020-05-15 13:28:05'),(162,142,52,'2020-05-15 13:28:05','2020-05-15 13:28:05'),(172,152,2,'2020-05-15 13:30:00','2020-05-15 13:30:00'),(182,152,52,'2020-05-15 13:30:00','2020-05-15 13:30:00'),(192,162,2,'2020-05-15 13:30:50','2020-05-15 13:30:50'),(212,172,2,'2020-05-15 13:31:27','2020-05-15 13:31:27'),(232,142,62,'2020-05-15 13:32:17','2020-05-15 13:32:17'),(242,152,62,'2020-05-15 13:32:25','2020-05-15 13:32:25'),(272,182,2,'2020-05-15 13:38:45','2020-05-15 13:38:45'),(282,182,12,'2020-05-15 13:38:46','2020-05-15 13:38:46'),(292,192,2,'2020-05-15 13:45:09','2020-05-15 13:45:09'),(302,192,52,'2020-05-15 13:45:09','2020-05-15 13:45:09'),(312,192,72,'2020-05-15 13:46:49','2020-05-15 13:46:49'),(322,202,2,'2020-05-15 13:49:05','2020-05-15 13:49:05'),(352,212,2,'2020-05-15 13:52:21','2020-05-15 13:52:21'),(382,222,2,'2020-05-15 14:01:30','2020-05-15 14:01:30'),(392,222,102,'2020-05-15 14:01:49','2020-05-15 14:01:49'),(402,142,112,'2020-05-15 14:22:53','2020-05-15 14:22:53'),(412,232,2,'2020-05-15 16:10:00','2020-05-15 16:10:00'),(422,232,12,'2020-05-15 16:10:06','2020-05-15 16:10:06'),(432,242,2,'2020-05-15 16:12:55','2020-05-15 16:12:55'),(442,242,122,'2020-05-15 16:13:01','2020-05-15 16:13:01'),(462,262,2,'2020-05-15 18:02:31','2020-05-15 18:02:31'),(472,272,2,'2020-05-15 18:03:01','2020-05-15 18:03:01'),(482,272,132,'2020-05-15 18:03:09','2020-05-15 18:03:09'),(492,282,2,'2020-05-15 18:04:18','2020-05-15 18:04:18'),(502,282,142,'2020-05-15 18:04:25','2020-05-15 18:04:25'),(512,292,2,'2020-05-15 18:08:35','2020-05-15 18:08:35'),(522,302,2,'2020-05-15 18:09:43','2020-05-15 18:09:43'),(532,302,152,'2020-05-15 18:09:52','2020-05-15 18:09:52'),(542,312,2,'2020-05-15 18:12:32','2020-05-15 18:12:32'),(552,322,2,'2020-05-18 09:12:05','2020-05-18 09:12:05'),(562,332,2,'2020-05-18 10:07:51','2020-05-18 10:07:51'),(592,352,2,'2020-05-18 10:11:30','2020-05-18 10:11:30'),(602,352,172,'2020-05-18 10:11:31','2020-05-18 10:11:31'),(612,362,2,'2020-05-18 10:14:59','2020-05-18 10:14:59'),(642,372,2,'2020-05-18 13:25:11','2020-05-18 13:25:11'),(662,382,2,'2020-05-18 13:30:40','2020-05-18 13:30:40'),(672,382,212,'2020-05-18 13:31:00','2020-05-18 13:31:00'),(682,382,222,'2020-05-18 13:31:01','2020-05-18 13:31:01'),(692,382,232,'2020-05-18 13:31:02','2020-05-18 13:31:02'),(702,282,212,'2020-05-18 13:34:00','2020-05-18 13:34:00'),(712,392,2,'2020-05-18 15:59:23','2020-05-18 15:59:23'),(722,392,152,'2020-05-18 15:59:23','2020-05-18 15:59:23'),(732,402,2,'2020-05-18 16:19:09','2020-05-18 16:19:09'),(752,412,2,'2020-05-18 17:22:02','2020-05-18 17:22:02'),(792,422,2,'2020-05-18 17:24:31','2020-05-18 17:24:31'),(802,422,212,'2020-05-18 17:24:32','2020-05-18 17:24:32'),(812,422,252,'2020-05-18 17:24:44','2020-05-18 17:24:44'),(822,422,262,'2020-05-18 17:24:52','2020-05-18 17:24:52'),(832,432,2,'2020-05-18 17:26:42','2020-05-18 17:26:42'),(882,452,2,'2020-05-18 17:39:52','2020-05-18 17:39:52'),(902,462,2,'2020-05-18 17:51:39','2020-05-18 17:51:39'),(942,472,2,'2020-05-18 17:56:23','2020-05-18 17:56:23'),(952,472,212,'2020-05-18 17:56:38','2020-05-18 17:56:38'),(962,472,322,'2020-05-18 17:56:40','2020-05-18 17:56:40'),(972,482,2,'2020-05-18 18:05:04','2020-05-18 18:05:04'),(1262,492,2,'2020-05-19 09:04:59','2020-05-19 09:04:59'),(1292,502,2,'2020-05-19 10:05:48','2020-05-19 10:05:48'),(1302,502,212,'2020-05-19 10:05:51','2020-05-19 10:05:51'),(1312,502,312,'2020-05-19 10:05:58','2020-05-19 10:05:58'),(1322,502,372,'2020-05-19 10:06:06','2020-05-19 10:06:06'),(1332,512,2,'2020-05-19 10:12:22','2020-05-19 10:12:22'),(1342,512,292,'2020-05-19 10:12:27','2020-05-19 10:12:27'),(1352,512,382,'2020-05-19 10:12:37','2020-05-19 10:12:37'),(1362,512,212,'2020-05-19 10:12:39','2020-05-19 10:12:39'),(1372,512,392,'2020-05-19 10:12:47','2020-05-19 10:12:47'),(1572,522,2,'2020-05-19 11:27:52','2020-05-19 11:27:52'),(1622,532,2,'2020-05-19 11:33:35','2020-05-19 11:33:35'),(1672,542,2,'2020-05-19 11:44:32','2020-05-19 11:44:32'),(1712,552,2,'2020-05-19 12:57:28','2020-05-19 12:57:28'),(1722,552,212,'2020-05-19 12:57:30','2020-05-19 12:57:30'),(1732,552,312,'2020-05-19 12:57:32','2020-05-19 12:57:32'),(2112,562,2,'2020-05-19 17:44:00','2020-05-19 17:44:00'),(2152,572,2,'2020-05-19 17:45:51','2020-05-19 17:45:51'),(2182,582,2,'2020-05-19 17:48:24','2020-05-19 17:48:24'),(2222,592,2,'2020-05-19 17:51:47','2020-05-19 17:51:47'),(2232,592,212,'2020-05-19 17:51:51','2020-05-19 17:51:51'),(2242,592,262,'2020-05-19 17:51:56','2020-05-19 17:51:56'),(2252,592,252,'2020-05-19 17:52:05','2020-05-19 17:52:05'),(2262,602,2,'2020-05-19 17:54:18','2020-05-19 17:54:18'),(2292,602,112,'2020-05-19 17:54:27','2020-05-19 17:54:27'),(2302,612,2,'2020-05-19 17:55:18','2020-05-19 17:55:18'),(2352,622,2,'2020-05-19 17:59:35','2020-05-19 17:59:35'),(2362,622,502,'2020-05-19 17:59:48','2020-05-19 17:59:48'),(2372,622,462,'2020-05-19 17:59:50','2020-05-19 17:59:50'),(2382,622,312,'2020-05-19 18:00:00','2020-05-19 18:00:00'),(2402,632,2,'2020-05-19 18:03:28','2020-05-19 18:03:28'),(2412,632,512,'2020-05-19 18:03:37','2020-05-19 18:03:37'),(2422,632,312,'2020-05-19 18:03:39','2020-05-19 18:03:39'),(2432,642,2,'2020-05-20 09:17:11','2020-05-20 09:17:11'),(2442,652,2,'2020-05-20 09:18:01','2020-05-20 09:18:01'),(2452,652,212,'2020-05-20 09:18:06','2020-05-20 09:18:06'),(2462,652,12,'2020-05-20 09:18:10','2020-05-20 09:18:10'),(2682,402,242,'2020-05-20 09:58:15','2020-05-20 09:58:15'),(2722,562,12,'2020-05-20 09:58:15','2020-05-20 09:58:15'),(2742,562,152,'2020-05-20 09:58:15','2020-05-20 09:58:15'),(2752,562,242,'2020-05-20 09:58:15','2020-05-20 09:58:15'),(2762,542,52,'2020-05-20 09:58:15','2020-05-20 09:58:15'),(2772,542,112,'2020-05-20 09:58:15','2020-05-20 09:58:15'),(3242,162,52,'2020-05-20 09:59:14','2020-05-20 09:59:14'),(3252,162,62,'2020-05-20 09:59:14','2020-05-20 09:59:14'),(3282,172,52,'2020-05-20 09:59:14','2020-05-20 09:59:14'),(3292,172,62,'2020-05-20 09:59:14','2020-05-20 09:59:14'),(3302,332,162,'2020-05-20 09:59:14','2020-05-20 09:59:14'),(3312,332,172,'2020-05-20 09:59:14','2020-05-20 09:59:14'),(3322,202,82,'2020-05-20 09:59:14','2020-05-20 09:59:14'),(3332,202,92,'2020-05-20 09:59:15','2020-05-20 09:59:15'),(3342,202,452,'2020-05-20 09:59:15','2020-05-20 09:59:15'),(3352,212,82,'2020-05-20 09:59:15','2020-05-20 09:59:15'),(3362,212,92,'2020-05-20 09:59:15','2020-05-20 09:59:15'),(3382,212,452,'2020-05-20 09:59:15','2020-05-20 09:59:15'),(3412,362,172,'2020-05-20 09:59:15','2020-05-20 09:59:15'),(3422,362,182,'2020-05-20 09:59:15','2020-05-20 09:59:15'),(3462,462,52,'2020-05-20 09:59:15','2020-05-20 09:59:15'),(3492,462,302,'2020-05-20 09:59:15','2020-05-20 09:59:15'),(3502,462,312,'2020-05-20 09:59:15','2020-05-20 09:59:15'),(3512,662,2,'2020-05-20 10:10:41','2020-05-20 10:10:41'),(3522,662,52,'2020-05-20 10:10:44','2020-05-20 10:10:44'),(3532,662,302,'2020-05-20 10:11:00','2020-05-20 10:11:00'),(3542,672,2,'2020-05-20 10:21:55','2020-05-20 10:21:55'),(3552,672,482,'2020-05-20 10:22:00','2020-05-20 10:22:00'),(3562,672,272,'2020-05-20 10:22:11','2020-05-20 10:22:11'),(3572,672,312,'2020-05-20 10:22:28','2020-05-20 10:22:28'),(3582,672,522,'2020-05-20 10:22:38','2020-05-20 10:22:38'),(3592,682,2,'2020-05-20 13:03:31','2020-05-20 13:03:31'),(3602,682,172,'2020-05-20 13:03:31','2020-05-20 13:03:31'),(3612,682,502,'2020-05-20 13:04:37','2020-05-20 13:04:37'),(3632,692,2,'2020-05-20 13:13:02','2020-05-20 13:13:02'),(3642,692,502,'2020-05-20 13:13:07','2020-05-20 13:13:07'),(3652,692,542,'2020-05-20 13:13:37','2020-05-20 13:13:37'),(3662,682,102,'2020-05-20 13:14:54','2020-05-20 13:14:54'),(3882,532,52,'2020-05-20 13:38:08','2020-05-20 13:38:08'),(3892,532,112,'2020-05-20 13:38:08','2020-05-20 13:38:08'),(3902,532,402,'2020-05-20 13:38:08','2020-05-20 13:38:08'),(3932,522,112,'2020-05-20 13:38:08','2020-05-20 13:38:08'),(3962,372,152,'2020-05-20 13:38:09','2020-05-20 13:38:09'),(3972,412,152,'2020-05-20 13:38:10','2020-05-20 13:38:10'),(3992,412,192,'2020-05-20 13:38:10','2020-05-20 13:38:10'),(4012,412,202,'2020-05-20 13:38:10','2020-05-20 13:38:10'),(4042,702,2,'2020-05-20 17:47:51','2020-05-20 17:47:51'),(4052,702,52,'2020-05-20 17:47:55','2020-05-20 17:47:55'),(4062,702,92,'2020-05-20 17:47:57','2020-05-20 17:47:57'),(4072,702,552,'2020-05-20 17:48:11','2020-05-20 17:48:11'),(4082,712,2,'2020-05-20 17:56:15','2020-05-20 17:56:15'),(4122,722,2,'2020-05-20 18:01:18','2020-05-20 18:01:18'),(4132,722,252,'2020-05-20 18:02:20','2020-05-20 18:02:20'),(4142,722,262,'2020-05-20 18:02:24','2020-05-20 18:02:24'),(4152,732,2,'2020-05-20 18:03:31','2020-05-20 18:03:31'),(4162,732,212,'2020-05-20 18:03:34','2020-05-20 18:03:34'),(4172,732,12,'2020-05-20 18:03:37','2020-05-20 18:03:37'),(4182,732,272,'2020-05-20 18:03:44','2020-05-20 18:03:44'),(4192,742,2,'2020-05-21 09:13:06','2020-05-21 09:13:06'),(4202,752,2,'2020-05-21 09:16:38','2020-05-21 09:16:38'),(4242,772,2,'2020-05-21 09:40:58','2020-05-21 09:40:58'),(4252,772,502,'2020-05-21 09:41:00','2020-05-21 09:41:00'),(4262,772,312,'2020-05-21 09:41:12','2020-05-21 09:41:12'),(4272,772,572,'2020-05-21 09:41:19','2020-05-21 09:41:19'),(4282,782,2,'2020-05-21 16:00:11','2020-05-21 16:00:11'),(4292,782,272,'2020-05-21 16:00:12','2020-05-21 16:00:12'),(4302,782,502,'2020-05-21 16:00:15','2020-05-21 16:00:15'),(4312,782,92,'2020-05-21 16:00:20','2020-05-21 16:00:20'),(4322,172,452,'2020-05-21 17:33:21','2020-05-21 17:33:21'),(4332,152,112,'2020-05-21 17:33:53','2020-05-21 17:33:53'),(4342,162,112,'2020-05-21 17:34:05','2020-05-21 17:34:05'),(4352,792,2,'2020-05-21 17:38:13','2020-05-21 17:38:13'),(4362,792,252,'2020-05-21 17:38:13','2020-05-21 17:38:13'),(4372,792,262,'2020-05-21 17:38:13','2020-05-21 17:38:13'),(4412,532,422,'2020-05-21 18:33:46','2020-05-21 18:33:46'),(4422,372,202,'2020-05-21 18:38:44','2020-05-21 18:38:44'),(4432,372,192,'2020-05-21 18:39:05','2020-05-21 18:39:05'),(4442,432,502,'2020-05-21 18:39:40','2020-05-21 18:39:40'),(4452,432,172,'2020-05-21 18:39:45','2020-05-21 18:39:45'),(4462,432,272,'2020-05-21 18:39:56','2020-05-21 18:39:56'),(4472,542,442,'2020-05-21 18:40:30','2020-05-21 18:40:30'),(4482,542,432,'2020-05-21 18:40:34','2020-05-21 18:40:34'),(4492,572,112,'2020-05-21 18:40:51','2020-05-21 18:40:51'),(4502,572,172,'2020-05-21 18:40:55','2020-05-21 18:40:55'),(4512,572,502,'2020-05-21 18:40:56','2020-05-21 18:40:56'),(4552,752,32,'2020-05-21 18:42:46','2020-05-21 18:42:46'),(4582,802,2,'2020-05-22 10:11:21','2020-05-22 10:11:21'),(4592,822,2,'2020-05-22 10:15:52','2020-05-22 10:15:52'),(4602,822,592,'2020-05-22 10:16:05','2020-05-22 10:16:05'),(4612,822,272,'2020-05-22 10:16:10','2020-05-22 10:16:10'),(4622,822,12,'2020-05-22 10:16:13','2020-05-22 10:16:13'),(4632,832,2,'2020-05-22 15:06:36','2020-05-22 15:06:36'),(4642,832,212,'2020-05-22 15:06:41','2020-05-22 15:06:41'),(4652,842,2,'2020-05-22 16:01:18','2020-05-22 16:01:18'),(4662,842,172,'2020-05-22 16:01:20','2020-05-22 16:01:20'),(4672,842,182,'2020-05-22 16:01:27','2020-05-22 16:01:27'),(4682,852,2,'2020-05-22 16:29:05','2020-05-22 16:29:05'),(4692,852,212,'2020-05-22 16:29:08','2020-05-22 16:29:08'),(4702,852,262,'2020-05-22 16:29:11','2020-05-22 16:29:11'),(4712,862,2,'2020-05-22 16:46:22','2020-05-22 16:46:22'),(4732,862,272,'2020-05-22 16:46:29','2020-05-22 16:46:29'),(4742,862,602,'2020-05-22 16:46:44','2020-05-22 16:46:44'),(4752,872,2,'2020-05-22 16:48:54','2020-05-22 16:48:54'),(4762,872,212,'2020-05-22 16:48:57','2020-05-22 16:48:57'),(4772,872,272,'2020-05-22 16:49:01','2020-05-22 16:49:01'),(4782,872,12,'2020-05-22 16:49:03','2020-05-22 16:49:03'),(4792,882,2,'2020-05-22 16:50:46','2020-05-22 16:50:46'),(4812,882,92,'2020-05-22 16:50:56','2020-05-22 16:50:56'),(4822,882,552,'2020-05-22 16:51:03','2020-05-22 16:51:03'),(4832,882,502,'2020-05-22 16:51:05','2020-05-22 16:51:05'),(4842,892,2,'2020-05-22 16:52:40','2020-05-22 16:52:40'),(4852,892,212,'2020-05-22 16:52:40','2020-05-22 16:52:40'),(4862,892,262,'2020-05-22 16:52:40','2020-05-22 16:52:40'),(4872,902,2,'2020-05-22 16:54:53','2020-05-22 16:54:53'),(4892,902,272,'2020-05-22 16:55:01','2020-05-22 16:55:01'),(4902,902,472,'2020-05-22 16:55:09','2020-05-22 16:55:09'),(4912,902,12,'2020-05-22 16:55:33','2020-05-22 16:55:33'),(4922,902,522,'2020-05-22 16:55:34','2020-05-22 16:55:34'),(4932,862,472,'2020-05-22 17:06:26','2020-05-22 17:06:26'),(4942,912,2,'2020-05-25 09:08:03','2020-05-25 09:08:03'),(4962,922,2,'2020-05-25 10:03:59','2020-05-25 10:03:59'),(4982,932,2,'2020-05-25 10:44:01','2020-05-25 10:44:01'),(4992,932,502,'2020-05-25 10:44:06','2020-05-25 10:44:06'),(5012,932,92,'2020-05-25 10:44:10','2020-05-25 10:44:10'),(5032,942,2,'2020-05-25 11:58:28','2020-05-25 11:58:28'),(5042,942,92,'2020-05-25 11:58:35','2020-05-25 11:58:35'),(5052,942,82,'2020-05-25 11:58:36','2020-05-25 11:58:36'),(5062,942,452,'2020-05-25 11:58:39','2020-05-25 11:58:39'),(5072,942,502,'2020-05-25 11:58:46','2020-05-25 11:58:46'),(5082,952,2,'2020-05-25 13:49:58','2020-05-25 13:49:58'),(5092,952,12,'2020-05-25 13:49:58','2020-05-25 13:49:58'),(5102,952,272,'2020-05-25 13:49:58','2020-05-25 13:49:58'),(5112,952,592,'2020-05-25 13:49:58','2020-05-25 13:49:58'),(5122,962,2,'2020-05-25 15:38:05','2020-05-25 15:38:05'),(5132,962,502,'2020-05-25 15:38:11','2020-05-25 15:38:11'),(5142,962,92,'2020-05-25 15:38:13','2020-05-25 15:38:13'),(5332,962,552,'2020-05-25 15:41:02','2020-05-25 15:41:02'),(5342,482,52,'2020-05-25 15:41:02','2020-05-25 15:41:02'),(5352,482,342,'2020-05-25 15:41:02','2020-05-25 15:41:02'),(5362,482,352,'2020-05-25 15:41:02','2020-05-25 15:41:02'),(5372,932,12,'2020-05-25 15:41:02','2020-05-25 15:41:02'),(5382,932,542,'2020-05-25 15:41:02','2020-05-25 15:41:02'),(5392,582,462,'2020-05-25 15:41:02','2020-05-25 15:41:02'),(5402,582,472,'2020-05-25 15:41:02','2020-05-25 15:41:02'),(5412,602,82,'2020-05-25 15:41:02','2020-05-25 15:41:02'),(5422,602,332,'2020-05-25 15:41:02','2020-05-25 15:41:02'),(5432,522,52,'2020-05-25 15:41:03','2020-05-25 15:41:03'),(5442,522,402,'2020-05-25 15:41:03','2020-05-25 15:41:03'),(5452,522,412,'2020-05-25 15:41:03','2020-05-25 15:41:03'),(5462,922,592,'2020-05-25 15:41:03','2020-05-25 15:41:03'),(5472,972,2,'2020-05-25 16:15:02','2020-05-25 16:15:02'),(5482,972,592,'2020-05-25 16:15:02','2020-05-25 16:15:02'),(5492,612,82,'2020-05-25 16:19:08','2020-05-25 16:19:08'),(5502,612,112,'2020-05-25 16:19:10','2020-05-25 16:19:10'),(5512,612,582,'2020-05-25 16:19:18','2020-05-25 16:19:18'),(5522,982,2,'2020-05-25 17:33:15','2020-05-25 17:33:15'),(5532,982,212,'2020-05-25 17:33:15','2020-05-25 17:33:15'),(5542,982,262,'2020-05-25 17:33:15','2020-05-25 17:33:15'),(5552,992,2,'2020-05-25 17:38:04','2020-05-25 17:38:04'),(5572,992,472,'2020-05-25 17:38:04','2020-05-25 17:38:04'),(5582,992,122,'2020-05-25 17:38:45','2020-05-25 17:38:45'),(5592,1002,2,'2020-05-25 17:39:34','2020-05-25 17:39:34'),(5602,1002,152,'2020-05-25 17:39:34','2020-05-25 17:39:34'),(5632,1002,242,'2020-05-25 17:40:24','2020-05-25 17:40:24'),(5642,1002,612,'2020-05-25 17:40:34','2020-05-25 17:40:34'),(5652,1012,2,'2020-05-25 17:48:26','2020-05-25 17:48:26'),(5662,1012,622,'2020-05-25 17:48:43','2020-05-25 17:48:43'),(5672,1012,632,'2020-05-25 17:48:53','2020-05-25 17:48:53'),(5682,1022,2,'2020-05-25 17:50:49','2020-05-25 17:50:49'),(5692,1022,622,'2020-05-25 17:50:49','2020-05-25 17:50:49'),(5712,1032,2,'2020-05-25 17:51:31','2020-05-25 17:51:31'),(5722,1032,622,'2020-05-25 17:51:31','2020-05-25 17:51:31'),(5752,1022,242,'2020-05-25 17:51:48','2020-05-25 17:51:48'),(5762,1032,12,'2020-05-25 17:52:18','2020-05-25 17:52:18'),(5772,1042,2,'2020-05-25 17:53:02','2020-05-25 17:53:02'),(5782,1042,622,'2020-05-25 17:53:02','2020-05-25 17:53:02'),(5802,1042,252,'2020-05-25 17:54:01','2020-05-25 17:54:01'),(5812,1052,2,'2020-05-26 09:22:33','2020-05-26 09:22:33'),(5822,1062,2,'2020-05-26 09:26:32','2020-05-26 09:26:32'),(5832,1062,482,'2020-05-26 09:26:33','2020-05-26 09:26:33'),(5842,1072,2,'2020-05-26 10:48:01','2020-05-26 10:48:01'),(5852,1072,472,'2020-05-26 10:48:04','2020-05-26 10:48:04'),(5862,1072,502,'2020-05-26 10:48:07','2020-05-26 10:48:07'),(5872,1072,522,'2020-05-26 10:48:14','2020-05-26 10:48:14'),(5882,1072,312,'2020-05-26 10:48:15','2020-05-26 10:48:15'),(5892,1072,272,'2020-05-26 10:48:18','2020-05-26 10:48:18'),(5902,1082,2,'2020-05-26 10:55:49','2020-05-26 10:55:49'),(5942,1082,272,'2020-05-26 10:55:56','2020-05-26 10:55:56'),(5952,1092,2,'2020-05-26 13:01:07','2020-05-26 13:01:07'),(5962,1092,212,'2020-05-26 13:01:10','2020-05-26 13:01:10'),(5972,712,502,'2020-05-26 13:59:29','2020-05-26 13:59:29'),(5982,712,562,'2020-05-26 13:59:31','2020-05-26 13:59:31'),(5992,1102,2,'2020-05-26 14:05:18','2020-05-26 14:05:18'),(6002,1102,82,'2020-05-26 14:05:21','2020-05-26 14:05:21'),(6012,1102,292,'2020-05-26 14:05:23','2020-05-26 14:05:23'),(6032,1102,452,'2020-05-26 14:05:30','2020-05-26 14:05:30'),(6042,1112,2,'2020-05-26 14:20:41','2020-05-26 14:20:41'),(6052,1112,502,'2020-05-26 14:20:49','2020-05-26 14:20:49'),(6062,1112,12,'2020-05-26 14:20:51','2020-05-26 14:20:51'),(6072,1112,312,'2020-05-26 14:20:52','2020-05-26 14:20:52'),(6082,1122,2,'2020-05-26 14:48:09','2020-05-26 14:48:09'),(6092,1122,642,'2020-05-26 14:48:22','2020-05-26 14:48:22'),(6122,1082,312,'2020-05-26 15:09:42','2020-05-26 15:09:42'),(6132,1082,472,'2020-05-26 15:09:42','2020-05-26 15:09:42'),(6142,1082,522,'2020-05-26 15:09:42','2020-05-26 15:09:42'),(6152,1132,2,'2020-05-26 16:14:15','2020-05-26 16:14:15'),(6162,1132,12,'2020-05-26 16:14:17','2020-05-26 16:14:17'),(6172,1132,592,'2020-05-26 16:14:19','2020-05-26 16:14:19'),(6182,1132,272,'2020-05-26 16:14:21','2020-05-26 16:14:21'),(6192,1142,2,'2020-05-26 16:50:10','2020-05-26 16:50:10'),(6202,1142,592,'2020-05-26 16:50:12','2020-05-26 16:50:12'),(6212,1142,12,'2020-05-26 16:50:13','2020-05-26 16:50:13'),(6222,1142,272,'2020-05-26 16:50:14','2020-05-26 16:50:14'),(6232,1152,2,'2020-05-26 17:23:20','2020-05-26 17:23:20'),(6242,1152,212,'2020-05-26 17:23:25','2020-05-26 17:23:25'),(6252,1152,12,'2020-05-26 17:23:27','2020-05-26 17:23:27'),(6262,1152,272,'2020-05-26 17:23:29','2020-05-26 17:23:29'),(6272,1152,652,'2020-05-26 17:23:38','2020-05-26 17:23:38'),(6282,1162,2,'2020-05-27 09:28:38','2020-05-27 09:28:38'),(6292,1172,2,'2020-05-27 09:29:57','2020-05-27 09:29:57'),(6302,1172,212,'2020-05-27 09:29:57','2020-05-27 09:29:57'),(6312,1172,262,'2020-05-27 09:29:57','2020-05-27 09:29:57'),(6322,1182,2,'2020-05-27 09:34:18','2020-05-27 09:34:18'),(6332,1182,212,'2020-05-27 09:34:21','2020-05-27 09:34:21'),(6342,1202,2,'2020-05-27 10:07:27','2020-05-27 10:07:27'),(6352,1202,12,'2020-05-27 10:07:28','2020-05-27 10:07:28'),(6362,1202,272,'2020-05-27 10:07:29','2020-05-27 10:07:29'),(6372,1192,2,'2020-05-27 10:07:36','2020-05-27 10:07:36'),(6382,1192,82,'2020-05-27 10:07:37','2020-05-27 10:07:37'),(6392,1192,292,'2020-05-27 10:07:42','2020-05-27 10:07:42'),(6402,1192,452,'2020-05-27 10:07:42','2020-05-27 10:07:42'),(6412,1212,2,'2020-05-27 11:44:24','2020-05-27 11:44:24'),(6422,1212,212,'2020-05-27 11:44:26','2020-05-27 11:44:26'),(6432,1212,12,'2020-05-27 11:44:27','2020-05-27 11:44:27'),(6442,1212,272,'2020-05-27 11:44:28','2020-05-27 11:44:28'),(6452,1222,2,'2020-05-27 15:20:33','2020-05-27 15:20:33'),(6462,1222,52,'2020-05-27 15:20:34','2020-05-27 15:20:34'),(6472,1222,662,'2020-05-27 15:21:01','2020-05-27 15:21:01'),(6482,1222,672,'2020-05-27 15:21:02','2020-05-27 15:21:02'),(6492,1232,2,'2020-05-27 15:22:29','2020-05-27 15:22:29'),(6502,1232,592,'2020-05-27 15:22:32','2020-05-27 15:22:32'),(6512,1232,12,'2020-05-27 15:22:33','2020-05-27 15:22:33'),(6522,1232,272,'2020-05-27 15:22:35','2020-05-27 15:22:35'),(6532,1242,2,'2020-05-27 17:51:13','2020-05-27 17:51:13'),(6542,1242,472,'2020-05-27 17:51:19','2020-05-27 17:51:19'),(6552,1242,542,'2020-05-27 17:51:23','2020-05-27 17:51:23'),(6562,1252,2,'2020-05-27 17:52:20','2020-05-27 17:52:20'),(6572,1252,472,'2020-05-27 17:52:22','2020-05-27 17:52:22'),(6582,1252,122,'2020-05-27 17:52:24','2020-05-27 17:52:24'),(6592,1262,2,'2020-05-27 18:10:50','2020-05-27 18:10:50'),(6602,1262,212,'2020-05-27 18:10:52','2020-05-27 18:10:52'),(6612,1262,392,'2020-05-27 18:10:53','2020-05-27 18:10:53'),(6622,1262,292,'2020-05-27 18:10:56','2020-05-27 18:10:56'),(6632,1272,2,'2020-05-27 18:18:43','2020-05-27 18:18:43'),(6642,1272,212,'2020-05-27 18:18:43','2020-05-27 18:18:43'),(6652,1272,682,'2020-05-27 18:19:00','2020-05-27 18:19:00'),(6662,1282,2,'2020-05-27 18:21:15','2020-05-27 18:21:15'),(6682,1282,502,'2020-05-27 18:21:24','2020-05-27 18:21:24'),(6692,1292,2,'2020-05-28 09:05:48','2020-05-28 09:05:48'),(6702,672,472,'2020-05-28 09:27:00','2020-05-28 09:27:00'),(6712,1302,212,'2020-05-28 11:06:10','2020-05-28 11:06:10'),(6722,1302,2,'2020-05-28 11:06:11','2020-05-28 11:06:11'),(6732,1302,92,'2020-05-28 11:06:14','2020-05-28 11:06:14'),(6742,1312,2,'2020-05-28 11:14:46','2020-05-28 11:14:46'),(6752,1322,2,'2020-05-28 12:40:14','2020-05-28 12:40:14'),(6762,1322,502,'2020-05-28 12:40:16','2020-05-28 12:40:16'),(6772,1322,272,'2020-05-28 12:40:17','2020-05-28 12:40:17'),(6782,1322,172,'2020-05-28 12:40:23','2020-05-28 12:40:23'),(6792,1332,2,'2020-05-28 14:42:25','2020-05-28 14:42:25'),(6802,1332,212,'2020-05-28 14:42:26','2020-05-28 14:42:26'),(6812,1332,12,'2020-05-28 14:42:27','2020-05-28 14:42:27'),(6822,1332,272,'2020-05-28 14:42:29','2020-05-28 14:42:29'),(6832,1342,2,'2020-05-28 14:44:39','2020-05-28 14:44:39'),(6842,1342,212,'2020-05-28 14:44:39','2020-05-28 14:44:39'),(6852,1352,2,'2020-05-28 15:06:18','2020-05-28 15:06:18'),(6862,1352,52,'2020-05-28 15:06:19','2020-05-28 15:06:19'),(6872,1362,2,'2020-05-28 15:07:54','2020-05-28 15:07:54'),(6882,1362,702,'2020-05-28 15:08:03','2020-05-28 15:08:03'),(6892,1372,2,'2020-05-29 09:34:52','2020-05-29 09:34:52'),(6902,1382,2,'2020-05-29 09:34:56','2020-05-29 09:34:56'),(6912,1382,212,'2020-05-29 09:34:56','2020-05-29 09:34:56'),(6922,1382,262,'2020-05-29 09:34:56','2020-05-29 09:34:56'),(6932,1402,2,'2020-05-29 15:34:04','2020-05-29 15:34:04'),(6942,1402,212,'2020-05-29 15:34:06','2020-05-29 15:34:06'),(6952,1412,2,'2020-05-29 17:17:45','2020-05-29 17:17:45'),(6962,1412,482,'2020-05-29 17:17:52','2020-05-29 17:17:52'),(7012,1442,2,'2020-05-29 17:50:25','2020-05-29 17:50:25'),(7022,1442,212,'2020-05-29 17:50:25','2020-05-29 17:50:25'),(7032,1442,262,'2020-05-29 17:50:25','2020-05-29 17:50:25'),(7042,1452,2,'2020-05-29 18:52:37','2020-05-29 18:52:37'),(7052,1452,52,'2020-05-29 18:52:37','2020-05-29 18:52:37'),(7062,1452,12,'2020-05-29 18:52:39','2020-05-29 18:52:39'),(7072,1452,112,'2020-05-29 18:52:39','2020-05-29 18:52:39'),(7082,1462,2,'2020-05-29 18:54:26','2020-05-29 18:54:26'),(7092,1462,212,'2020-05-29 18:54:26','2020-05-29 18:54:26'),(7102,1462,12,'2020-05-29 18:54:27','2020-05-29 18:54:27'),(7112,1462,272,'2020-05-29 18:54:28','2020-05-29 18:54:28'),(7122,1472,2,'2020-05-29 18:57:46','2020-05-29 18:57:46'),(7132,1472,502,'2020-05-29 18:57:48','2020-05-29 18:57:48'),(7142,1482,2,'2020-05-29 18:59:48','2020-05-29 18:59:48'),(7152,1482,502,'2020-05-29 18:59:49','2020-05-29 18:59:49'),(7162,1482,12,'2020-05-29 18:59:52','2020-05-29 18:59:52'),(7172,1492,2,'2020-06-01 09:35:52','2020-06-01 09:35:52'),(7182,1502,2,'2020-06-01 12:00:06','2020-06-01 12:00:06'),(7192,1502,502,'2020-06-01 12:00:08','2020-06-01 12:00:08'),(7202,1502,472,'2020-06-01 12:00:09','2020-06-01 12:00:09'),(7212,1502,92,'2020-06-01 12:00:12','2020-06-01 12:00:12'),(7222,1502,712,'2020-06-01 12:00:26','2020-06-01 12:00:26'),(7232,1512,2,'2020-06-01 18:06:36','2020-06-01 18:06:36'),(7242,1512,212,'2020-06-01 18:06:36','2020-06-01 18:06:36'),(7252,1512,262,'2020-06-01 18:06:36','2020-06-01 18:06:36'),(7262,1522,2,'2020-06-01 18:15:09','2020-06-01 18:15:09'),(7272,1522,142,'2020-06-01 18:15:30','2020-06-01 18:15:30'),(7282,1522,722,'2020-06-01 18:15:30','2020-06-01 18:15:30'),(7292,1532,2,'2020-06-01 18:17:01','2020-06-01 18:17:01'),(7302,1532,82,'2020-06-01 18:17:04','2020-06-01 18:17:04'),(7312,1532,292,'2020-06-01 18:17:06','2020-06-01 18:17:06'),(7322,1532,452,'2020-06-01 18:17:08','2020-06-01 18:17:08'),(7332,1542,2,'2020-06-01 18:26:06','2020-06-01 18:26:06'),(7342,1542,152,'2020-06-01 18:26:07','2020-06-01 18:26:07'),(7352,1542,192,'2020-06-01 18:26:13','2020-06-01 18:26:13'),(7362,1542,732,'2020-06-01 18:26:23','2020-06-01 18:26:23'),(7372,1552,2,'2020-06-02 09:14:18','2020-06-02 09:14:18'),(7382,1562,2,'2020-06-02 09:17:26','2020-06-02 09:17:26'),(7392,1562,742,'2020-06-02 09:17:50','2020-06-02 09:17:50'),(7402,1572,2,'2020-06-02 09:24:39','2020-06-02 09:24:39'),(7412,1572,472,'2020-06-02 09:24:41','2020-06-02 09:24:41'),(7422,1572,502,'2020-06-02 09:24:43','2020-06-02 09:24:43'),(7432,1572,312,'2020-06-02 09:24:46','2020-06-02 09:24:46'),(7442,1582,2,'2020-06-02 09:25:35','2020-06-02 09:25:35'),(7452,1582,502,'2020-06-02 09:25:36','2020-06-02 09:25:36'),(7462,1582,472,'2020-06-02 09:25:37','2020-06-02 09:25:37'),(7472,1582,312,'2020-06-02 09:25:54','2020-06-02 09:25:54'),(7482,1582,522,'2020-06-02 09:25:55','2020-06-02 09:25:55'),(7492,1582,12,'2020-06-02 09:25:56','2020-06-02 09:25:56'),(7502,1582,272,'2020-06-02 09:25:58','2020-06-02 09:25:58'),(7512,1572,712,'2020-06-02 09:26:17','2020-06-02 09:26:17'),(7522,1592,2,'2020-06-02 10:36:59','2020-06-02 10:36:59'),(7532,1602,2,'2020-06-02 18:43:50','2020-06-02 18:43:50'),(7542,1602,212,'2020-06-02 18:43:50','2020-06-02 18:43:50'),(7552,1602,262,'2020-06-02 18:43:50','2020-06-02 18:43:50'),(7562,1612,2,'2020-06-02 18:45:38','2020-06-02 18:45:38'),(7572,1612,82,'2020-06-02 18:45:40','2020-06-02 18:45:40'),(7582,1612,632,'2020-06-02 18:45:46','2020-06-02 18:45:46'),(7592,1612,752,'2020-06-02 18:46:07','2020-06-02 18:46:07'),(7602,1622,2,'2020-06-02 18:49:43','2020-06-02 18:49:43'),(7612,1622,52,'2020-06-02 18:49:45','2020-06-02 18:49:45'),(7622,1622,12,'2020-06-02 18:49:47','2020-06-02 18:49:47'),(7632,1622,112,'2020-06-02 18:49:54','2020-06-02 18:49:54'),(7642,1632,2,'2020-06-03 09:16:41','2020-06-03 09:16:41'),(7652,662,452,'2020-06-03 10:00:46','2020-06-03 10:00:46'),(7662,1642,2,'2020-06-03 10:28:00','2020-06-03 10:28:00'),(7672,1642,212,'2020-06-03 10:28:02','2020-06-03 10:28:02'),(7682,1642,582,'2020-06-03 10:28:07','2020-06-03 10:28:07'),(7732,1662,2,'2020-06-03 14:19:13','2020-06-03 14:19:13'),(7742,1662,502,'2020-06-03 14:19:14','2020-06-03 14:19:14'),(7752,1662,762,'2020-06-03 14:19:31','2020-06-03 14:19:31'),(7762,1662,172,'2020-06-03 14:19:35','2020-06-03 14:19:35'),(7772,1672,2,'2020-06-03 17:45:53','2020-06-03 17:45:53'),(7782,1672,212,'2020-06-03 17:45:55','2020-06-03 17:45:55'),(7792,1672,12,'2020-06-03 17:45:56','2020-06-03 17:45:56'),(7802,1672,272,'2020-06-03 17:45:58','2020-06-03 17:45:58'),(7812,1682,2,'2020-06-03 17:58:32','2020-06-03 17:58:32'),(7822,1682,212,'2020-06-03 17:58:32','2020-06-03 17:58:32'),(7832,1682,262,'2020-06-03 17:58:32','2020-06-03 17:58:32'),(7842,1692,2,'2020-06-03 18:02:48','2020-06-03 18:02:48'),(7852,1692,212,'2020-06-03 18:02:48','2020-06-03 18:02:48'),(7862,1692,502,'2020-06-03 18:02:51','2020-06-03 18:02:51'),(7872,1692,602,'2020-06-03 18:02:58','2020-06-03 18:02:58'),(7882,1692,82,'2020-06-03 18:04:17','2020-06-03 18:04:17'),(7892,1692,12,'2020-06-03 18:04:22','2020-06-03 18:04:22'),(7902,1692,582,'2020-06-03 18:04:23','2020-06-03 18:04:23'),(7912,1692,772,'2020-06-03 18:04:35','2020-06-03 18:04:35'),(7922,1702,2,'2020-06-04 09:08:37','2020-06-04 09:08:37'),(7932,1712,2,'2020-06-04 16:34:56','2020-06-04 16:34:56'),(7942,1712,52,'2020-06-04 16:34:56','2020-06-04 16:34:56'),(7952,1712,452,'2020-06-04 16:35:06','2020-06-04 16:35:06'),(7962,1712,782,'2020-06-04 16:35:11','2020-06-04 16:35:11'),(7972,1722,2,'2020-06-04 17:14:14','2020-06-04 17:14:14'),(7982,1722,82,'2020-06-04 17:14:14','2020-06-04 17:14:14'),(8002,1722,452,'2020-06-04 17:14:14','2020-06-04 17:14:14'),(8012,1722,92,'2020-06-04 17:19:52','2020-06-04 17:19:52'),(8022,1732,2,'2020-06-04 17:21:58','2020-06-04 17:21:58'),(8032,1732,152,'2020-06-04 17:21:58','2020-06-04 17:21:58'),(8062,1732,312,'2020-06-04 17:23:00','2020-06-04 17:23:00'),(8072,1732,792,'2020-06-04 17:23:08','2020-06-04 17:23:08'),(8082,1742,2,'2020-06-04 17:29:43','2020-06-04 17:29:43'),(8092,1742,52,'2020-06-04 17:29:44','2020-06-04 17:29:44'),(8102,1742,312,'2020-06-04 17:29:47','2020-06-04 17:29:47'),(8112,1742,802,'2020-06-04 17:30:09','2020-06-04 17:30:09'),(8122,1742,812,'2020-06-04 17:30:10','2020-06-04 17:30:10'),(8142,1752,2,'2020-06-08 09:29:54','2020-06-08 09:29:54'),(8152,1762,2,'2020-06-08 11:40:42','2020-06-08 11:40:42'),(8162,1762,502,'2020-06-08 11:40:44','2020-06-08 11:40:44'),(8172,1762,172,'2020-06-08 11:40:45','2020-06-08 11:40:45'),(8182,1762,112,'2020-06-08 11:40:48','2020-06-08 11:40:48'),(8192,1772,2,'2020-06-08 17:47:33','2020-06-08 17:47:33'),(8202,1772,212,'2020-06-08 17:47:33','2020-06-08 17:47:33'),(8212,1772,262,'2020-06-08 17:47:33','2020-06-08 17:47:33'),(8222,1782,2,'2020-06-08 17:51:48','2020-06-08 17:51:48'),(8232,1782,82,'2020-06-08 17:51:53','2020-06-08 17:51:53'),(8242,1782,112,'2020-06-08 17:51:54','2020-06-08 17:51:54'),(8252,1782,582,'2020-06-08 17:52:06','2020-06-08 17:52:06'),(8262,1792,2,'2020-06-08 17:53:23','2020-06-08 17:53:23'),(8272,1792,82,'2020-06-08 17:53:25','2020-06-08 17:53:25'),(8282,1792,112,'2020-06-08 17:53:26','2020-06-08 17:53:26'),(8292,1792,332,'2020-06-08 17:53:32','2020-06-08 17:53:32'),(8302,1802,2,'2020-06-08 17:57:31','2020-06-08 17:57:31'),(8312,1802,502,'2020-06-08 17:57:33','2020-06-08 17:57:33'),(8322,1802,172,'2020-06-08 17:57:35','2020-06-08 17:57:35'),(8332,1802,712,'2020-06-08 17:57:38','2020-06-08 17:57:38'),(8342,1802,822,'2020-06-08 17:58:10','2020-06-08 17:58:10'),(8352,1812,2,'2020-06-08 18:05:48','2020-06-08 18:05:48'),(8362,1812,482,'2020-06-08 18:05:52','2020-06-08 18:05:52'),(8372,1822,2,'2020-06-08 18:08:47','2020-06-08 18:08:47'),(8382,1822,212,'2020-06-08 18:08:49','2020-06-08 18:08:49'),(8392,1822,832,'2020-06-08 18:09:05','2020-06-08 18:09:05'),(8402,1832,2,'2020-06-08 18:11:37','2020-06-08 18:11:37'),(8412,1832,502,'2020-06-08 18:11:38','2020-06-08 18:11:38'),(8422,1832,172,'2020-06-08 18:11:41','2020-06-08 18:11:41'),(8432,1832,182,'2020-06-08 18:11:43','2020-06-08 18:11:43'),(8442,1842,2,'2020-06-08 18:15:43','2020-06-08 18:15:43'),(8452,1842,212,'2020-06-08 18:15:44','2020-06-08 18:15:44'),(8462,1842,842,'2020-06-08 18:16:02','2020-06-08 18:16:02'),(8472,1852,2,'2020-06-08 18:21:17','2020-06-08 18:21:17'),(8482,1852,52,'2020-06-08 18:21:17','2020-06-08 18:21:17'),(8492,1862,2,'2020-06-08 18:27:44','2020-06-08 18:27:44'),(8502,1862,502,'2020-06-08 18:27:46','2020-06-08 18:27:46'),(8512,1862,172,'2020-06-08 18:27:47','2020-06-08 18:27:47'),(8522,1862,852,'2020-06-08 18:28:07','2020-06-08 18:28:07'),(8532,1872,2,'2020-06-09 09:08:35','2020-06-09 09:08:35'),(8542,1882,2,'2020-06-09 13:41:39','2020-06-09 13:41:39'),(8552,1882,862,'2020-06-09 13:41:59','2020-06-09 13:41:59'),(8562,1892,2,'2020-06-09 13:57:27','2020-06-09 13:57:27'),(8572,1892,212,'2020-06-09 13:57:29','2020-06-09 13:57:29'),(8582,712,172,'2020-06-09 14:05:51','2020-06-09 14:05:51'),(8592,1902,2,'2020-06-09 15:04:34','2020-06-09 15:04:34'),(8602,1902,502,'2020-06-09 15:04:35','2020-06-09 15:04:35'),(8612,1902,172,'2020-06-09 15:04:36','2020-06-09 15:04:36'),(8622,1902,182,'2020-06-09 15:04:43','2020-06-09 15:04:43'),(8632,1912,2,'2020-06-09 16:32:48','2020-06-09 16:32:48'),(8642,1912,152,'2020-06-09 16:32:50','2020-06-09 16:32:50'),(8652,1912,872,'2020-06-09 16:33:25','2020-06-09 16:33:25'),(8662,1912,312,'2020-06-09 16:33:30','2020-06-09 16:33:30'),(8672,1912,882,'2020-06-09 16:33:40','2020-06-09 16:33:40'),(8682,1922,2,'2020-06-09 16:34:57','2020-06-09 16:34:57'),(8692,1922,212,'2020-06-09 16:34:57','2020-06-09 16:34:57'),(8702,1922,262,'2020-06-09 16:34:57','2020-06-09 16:34:57'),(8712,1952,2,'2020-06-10 09:15:57','2020-06-10 09:15:57'),(8722,1962,2,'2020-06-10 09:17:47','2020-06-10 09:17:47'),(8732,1962,212,'2020-06-10 09:17:49','2020-06-10 09:17:49'),(8742,1962,12,'2020-06-10 09:17:51','2020-06-10 09:17:51'),(8752,1962,272,'2020-06-10 09:17:52','2020-06-10 09:17:52'),(8762,1972,2,'2020-06-10 11:11:53','2020-06-10 11:11:53'),(8772,1972,212,'2020-06-10 11:11:54','2020-06-10 11:11:54'),(8782,1972,742,'2020-06-10 11:11:57','2020-06-10 11:11:57'),(8792,1972,712,'2020-06-10 11:12:06','2020-06-10 11:12:06'),(8802,1982,2,'2020-06-10 11:30:22','2020-06-10 11:30:22'),(8812,1982,622,'2020-06-10 11:30:28','2020-06-10 11:30:28'),(8822,1982,12,'2020-06-10 11:30:34','2020-06-10 11:30:34'),(8832,1942,2,'2020-06-10 11:30:48','2020-06-10 11:30:48'),(8842,1942,502,'2020-06-10 11:30:50','2020-06-10 11:30:50'),(8852,1942,172,'2020-06-10 11:30:51','2020-06-10 11:30:51'),(8862,1982,742,'2020-06-10 11:59:57','2020-06-10 11:59:57'),(8872,2002,2,'2020-06-10 15:16:05','2020-06-10 15:16:05'),(8882,2002,502,'2020-06-10 15:16:07','2020-06-10 15:16:07'),(8892,2002,182,'2020-06-10 15:16:09','2020-06-10 15:16:09'),(8902,2002,172,'2020-06-10 15:16:13','2020-06-10 15:16:13'),(8912,2012,2,'2020-06-10 15:20:14','2020-06-10 15:20:14'),(8922,2012,52,'2020-06-10 15:20:15','2020-06-10 15:20:15'),(8932,2012,452,'2020-06-10 15:20:18','2020-06-10 15:20:18'),(8942,2012,312,'2020-06-10 15:20:20','2020-06-10 15:20:20'),(8962,2012,892,'2020-06-10 15:20:40','2020-06-10 15:20:40'),(8972,2022,2,'2020-06-10 16:51:13','2020-06-10 16:51:13'),(8982,2022,152,'2020-06-10 16:51:13','2020-06-10 16:51:13'),(9002,2022,872,'2020-06-10 16:51:13','2020-06-10 16:51:13'),(9022,2022,822,'2020-06-10 16:52:07','2020-06-10 16:52:07'),(9032,2032,2,'2020-06-10 17:44:52','2020-06-10 17:44:52'),(9042,2032,212,'2020-06-10 17:44:52','2020-06-10 17:44:52'),(9052,2032,262,'2020-06-10 17:44:52','2020-06-10 17:44:52'),(9062,2042,2,'2020-06-10 18:01:13','2020-06-10 18:01:13'),(9072,2042,502,'2020-06-10 18:01:16','2020-06-10 18:01:16'),(9082,2042,902,'2020-06-10 18:01:28','2020-06-10 18:01:28'),(9092,2052,2,'2020-06-11 09:11:22','2020-06-11 09:11:22'),(9102,2062,2,'2020-06-11 09:14:55','2020-06-11 09:14:55'),(9132,1742,892,'2020-06-11 16:26:32','2020-06-11 16:26:32'),(9142,2102,2,'2020-06-11 17:59:50','2020-06-11 17:59:50'),(9152,2102,172,'2020-06-11 17:59:52','2020-06-11 17:59:52'),(9162,2102,502,'2020-06-11 17:59:55','2020-06-11 17:59:55'),(9172,2102,112,'2020-06-11 17:59:57','2020-06-11 17:59:57'),(9182,2112,2,'2020-06-11 18:01:53','2020-06-11 18:01:53'),(9202,2112,512,'2020-06-11 18:01:58','2020-06-11 18:01:58'),(9212,2112,172,'2020-06-11 18:01:59','2020-06-11 18:01:59'),(9222,2112,232,'2020-06-11 18:02:05','2020-06-11 18:02:05'),(9232,2122,2,'2020-06-12 09:09:55','2020-06-12 09:09:55'),(9242,2102,912,'2020-06-12 11:58:33','2020-06-12 11:58:33'),(9252,2132,2,'2020-06-12 16:20:11','2020-06-12 16:20:11'),(9262,2132,282,'2020-06-12 16:20:15','2020-06-12 16:20:15'),(9272,2132,312,'2020-06-12 16:20:18','2020-06-12 16:20:18'),(9282,2132,712,'2020-06-12 16:20:19','2020-06-12 16:20:19'),(9292,2142,2,'2020-06-12 18:11:17','2020-06-12 18:11:17'),(9302,2142,52,'2020-06-12 18:11:17','2020-06-12 18:11:17'),(9312,2142,112,'2020-06-12 18:12:41','2020-06-12 18:12:41'),(9322,2142,62,'2020-06-12 18:12:43','2020-06-12 18:12:43'),(9352,2162,2,'2020-06-12 18:16:05','2020-06-12 18:16:05'),(9362,2162,212,'2020-06-12 18:16:05','2020-06-12 18:16:05'),(9372,2162,262,'2020-06-12 18:16:05','2020-06-12 18:16:05'),(9382,2172,2,'2020-06-12 18:17:20','2020-06-12 18:17:20'),(9392,2172,212,'2020-06-12 18:17:21','2020-06-12 18:17:21'),(9402,2172,332,'2020-06-12 18:18:00','2020-06-12 18:18:00'),(9412,2172,922,'2020-06-12 18:18:20','2020-06-12 18:18:20'),(9422,2172,932,'2020-06-12 18:18:20','2020-06-12 18:18:20'),(9432,2172,722,'2020-06-12 18:18:21','2020-06-12 18:18:21'),(9442,2172,942,'2020-06-12 18:18:30','2020-06-12 18:18:30'),(9452,2172,952,'2020-06-12 18:18:47','2020-06-12 18:18:47'),(9462,2182,2,'2020-06-12 18:20:58','2020-06-12 18:20:58'),(9472,2182,212,'2020-06-12 18:20:58','2020-06-12 18:20:58'),(9482,2182,332,'2020-06-12 18:20:58','2020-06-12 18:20:58'),(9492,2182,722,'2020-06-12 18:20:58','2020-06-12 18:20:58'),(9502,2182,922,'2020-06-12 18:20:58','2020-06-12 18:20:58'),(9512,2182,932,'2020-06-12 18:20:58','2020-06-12 18:20:58'),(9522,2182,942,'2020-06-12 18:20:58','2020-06-12 18:20:58'),(9532,2182,952,'2020-06-12 18:20:58','2020-06-12 18:20:58'),(9622,2202,2,'2020-06-12 18:23:53','2020-06-12 18:23:53'),(9632,2202,212,'2020-06-12 18:23:53','2020-06-12 18:23:53'),(9642,2202,312,'2020-06-12 18:23:56','2020-06-12 18:23:56'),(9652,2202,962,'2020-06-12 18:24:07','2020-06-12 18:24:07'),(9662,2212,2,'2020-06-15 09:09:38','2020-06-15 09:09:38'),(9672,2222,2,'2020-06-15 09:44:31','2020-06-15 09:44:31'),(9682,2222,972,'2020-06-15 09:44:51','2020-06-15 09:44:51'),(9692,2222,262,'2020-06-15 09:44:56','2020-06-15 09:44:56'),(9702,2222,312,'2020-06-15 09:45:00','2020-06-15 09:45:00'),(9712,2222,862,'2020-06-15 09:45:11','2020-06-15 09:45:11'),(9722,2232,2,'2020-06-16 09:11:05','2020-06-16 09:11:05'),(9732,2242,2,'2020-06-16 09:33:45','2020-06-16 09:33:45'),(9742,2242,212,'2020-06-16 09:33:45','2020-06-16 09:33:45'),(9752,2242,262,'2020-06-16 09:33:45','2020-06-16 09:33:45'),(9762,2252,2,'2020-06-16 13:08:19','2020-06-16 13:08:19'),(9772,2252,212,'2020-06-16 13:08:19','2020-06-16 13:08:19'),(9782,2252,262,'2020-06-16 13:08:19','2020-06-16 13:08:19'),(9792,2262,2,'2020-06-16 16:39:29','2020-06-16 16:39:29'),(9802,2262,152,'2020-06-16 16:39:33','2020-06-16 16:39:33'),(9812,2262,312,'2020-06-16 16:39:34','2020-06-16 16:39:34'),(9822,2262,982,'2020-06-16 16:39:50','2020-06-16 16:39:50'),(9832,2012,972,'2020-06-16 16:41:03','2020-06-16 16:41:03'),(9842,2272,2,'2020-06-16 16:50:23','2020-06-16 16:50:23'),(9852,2272,972,'2020-06-16 16:50:25','2020-06-16 16:50:25'),(9872,2272,242,'2020-06-16 16:50:33','2020-06-16 16:50:33'),(9892,2282,2,'2020-06-16 16:52:50','2020-06-16 16:52:50'),(9902,2282,972,'2020-06-16 16:52:50','2020-06-16 16:52:50'),(9912,2282,312,'2020-06-16 16:52:55','2020-06-16 16:52:55'),(9932,2282,1002,'2020-06-16 16:53:07','2020-06-16 16:53:07'),(9942,2292,2,'2020-06-16 17:10:35','2020-06-16 17:10:35'),(9952,2292,212,'2020-06-16 17:10:37','2020-06-16 17:10:37'),(9962,2292,312,'2020-06-16 17:10:40','2020-06-16 17:10:40'),(9972,2292,682,'2020-06-16 17:10:42','2020-06-16 17:10:42'),(9982,2302,2,'2020-06-16 17:12:06','2020-06-16 17:12:06'),(9992,2302,152,'2020-06-16 17:12:06','2020-06-16 17:12:06'),(10002,2312,2,'2020-06-16 17:42:04','2020-06-16 17:42:04'),(10012,2312,212,'2020-06-16 17:42:05','2020-06-16 17:42:05'),(10022,2312,12,'2020-06-16 17:42:06','2020-06-16 17:42:06'),(10032,2312,272,'2020-06-16 17:42:08','2020-06-16 17:42:08'),(10042,2272,542,'2020-06-17 09:20:11','2020-06-17 09:20:11'),(10052,2322,2,'2020-06-17 09:22:44','2020-06-17 09:22:44'),(10062,2332,2,'2020-06-17 09:23:59','2020-06-17 09:23:59'),(10072,2332,972,'2020-06-17 09:24:05','2020-06-17 09:24:05'),(10082,2332,712,'2020-06-17 09:24:08','2020-06-17 09:24:08'),(10092,2332,782,'2020-06-17 09:24:11','2020-06-17 09:24:11'),(10102,2332,472,'2020-06-17 09:24:16','2020-06-17 09:24:16'),(10112,1782,212,'2020-06-17 11:38:39','2020-06-17 11:38:39'),(10122,2342,2,'2020-06-17 13:04:30','2020-06-17 13:04:30'),(10132,2342,212,'2020-06-17 13:04:30','2020-06-17 13:04:30'),(10142,2342,262,'2020-06-17 13:04:30','2020-06-17 13:04:30'),(10152,1792,212,'2020-06-17 13:07:59','2020-06-17 13:07:59'),(10162,2352,2,'2020-06-17 14:12:02','2020-06-17 14:12:02'),(10172,2352,972,'2020-06-17 14:12:08','2020-06-17 14:12:08'),(10182,2352,272,'2020-06-17 14:12:10','2020-06-17 14:12:10'),(10192,2352,12,'2020-06-17 14:12:10','2020-06-17 14:12:10'),(10202,1742,972,'2020-06-17 14:35:32','2020-06-17 14:35:32'),(10212,362,502,'2020-06-17 14:39:42','2020-06-17 14:39:42'),(10222,2362,2,'2020-06-17 14:53:54','2020-06-17 14:53:54'),(10232,2362,172,'2020-06-17 14:53:54','2020-06-17 14:53:54'),(10242,2362,22,'2020-06-17 14:54:03','2020-06-17 14:54:03'),(10252,2372,2,'2020-06-17 14:58:41','2020-06-17 14:58:41'),(10262,2372,502,'2020-06-17 14:58:42','2020-06-17 14:58:42'),(10272,2372,522,'2020-06-17 14:58:51','2020-06-17 14:58:51'),(10282,2372,312,'2020-06-17 14:58:51','2020-06-17 14:58:51'),(10292,2372,242,'2020-06-17 14:58:52','2020-06-17 14:58:52'),(10302,2372,462,'2020-06-17 14:58:54','2020-06-17 14:58:54'),(10312,2382,2,'2020-06-19 09:19:38','2020-06-19 09:19:38'),(10322,2392,2,'2020-06-19 09:21:59','2020-06-19 09:21:59'),(10332,2392,12,'2020-06-19 09:21:59','2020-06-19 09:21:59'),(10342,2392,272,'2020-06-19 09:21:59','2020-06-19 09:21:59'),(10352,2392,592,'2020-06-19 09:21:59','2020-06-19 09:21:59'),(10362,2402,2,'2020-06-19 10:38:51','2020-06-19 10:38:51'),(10372,2402,502,'2020-06-19 10:38:52','2020-06-19 10:38:52'),(10382,2402,522,'2020-06-19 10:38:53','2020-06-19 10:38:53'),(10392,2402,102,'2020-06-19 10:39:03','2020-06-19 10:39:03'),(10402,2412,2,'2020-06-19 10:56:39','2020-06-19 10:56:39'),(10412,2412,592,'2020-06-19 10:56:39','2020-06-19 10:56:39'),(10422,2422,2,'2020-06-19 11:08:04','2020-06-19 11:08:04'),(10432,2422,502,'2020-06-19 11:08:09','2020-06-19 11:08:09'),(10442,2422,212,'2020-06-19 11:08:10','2020-06-19 11:08:10'),(10452,2422,472,'2020-06-19 11:08:11','2020-06-19 11:08:11'),(10462,2422,312,'2020-06-19 11:08:18','2020-06-19 11:08:18'),(10472,2422,542,'2020-06-19 11:08:19','2020-06-19 11:08:19'),(10482,2432,2,'2020-06-19 17:53:11','2020-06-19 17:53:11'),(10492,2432,152,'2020-06-19 17:53:13','2020-06-19 17:53:13'),(10502,2432,242,'2020-06-19 17:53:16','2020-06-19 17:53:16'),(10512,2432,872,'2020-06-19 17:53:22','2020-06-19 17:53:22'),(10522,2432,1022,'2020-06-19 17:53:45','2020-06-19 17:53:45'),(10532,2432,1012,'2020-06-19 17:53:45','2020-06-19 17:53:45'),(10542,2442,2,'2020-06-19 17:54:25','2020-06-19 17:54:25'),(10552,2442,502,'2020-06-19 17:54:26','2020-06-19 17:54:26'),(10562,2442,172,'2020-06-19 17:54:27','2020-06-19 17:54:27'),(10572,2442,712,'2020-06-19 17:54:31','2020-06-19 17:54:31'),(10582,2452,2,'2020-06-19 17:57:48','2020-06-19 17:57:48'),(10592,2452,212,'2020-06-19 17:57:48','2020-06-19 17:57:48'),(10602,2452,262,'2020-06-19 17:57:48','2020-06-19 17:57:48'),(10612,2462,2,'2020-06-19 18:02:23','2020-06-19 18:02:23'),(10622,2462,502,'2020-06-19 18:02:24','2020-06-19 18:02:24'),(10632,2462,472,'2020-06-19 18:02:27','2020-06-19 18:02:27'),(10642,2462,822,'2020-06-19 18:02:34','2020-06-19 18:02:34'),(10652,2462,712,'2020-06-19 18:02:35','2020-06-19 18:02:35'),(10662,2482,2,'2020-06-19 18:14:25','2020-06-19 18:14:25'),(10672,2482,12,'2020-06-19 18:14:25','2020-06-19 18:14:25'),(10682,2482,212,'2020-06-19 18:14:25','2020-06-19 18:14:25'),(10692,2482,272,'2020-06-19 18:14:25','2020-06-19 18:14:25'),(10702,2492,2,'2020-06-19 18:16:17','2020-06-19 18:16:17'),(10712,2492,12,'2020-06-19 18:16:17','2020-06-19 18:16:17'),(10722,2492,212,'2020-06-19 18:16:17','2020-06-19 18:16:17'),(10732,2492,272,'2020-06-19 18:16:17','2020-06-19 18:16:17'),(10742,2502,2,'2020-06-22 09:08:20','2020-06-22 09:08:20'),(10752,2522,2,'2020-06-22 09:24:31','2020-06-22 09:24:31'),(10762,2522,502,'2020-06-22 09:24:32','2020-06-22 09:24:32'),(10772,2522,12,'2020-06-22 09:24:34','2020-06-22 09:24:34'),(10782,2532,2,'2020-06-22 09:27:42','2020-06-22 09:27:42'),(10792,2532,652,'2020-06-22 09:27:45','2020-06-22 09:27:45'),(10802,2532,472,'2020-06-22 09:28:19','2020-06-22 09:28:19'),(10812,2542,2,'2020-06-22 09:36:59','2020-06-22 09:36:59'),(10822,2542,152,'2020-06-22 09:37:01','2020-06-22 09:37:01'),(10832,2542,782,'2020-06-22 09:37:10','2020-06-22 09:37:10'),(10842,2542,872,'2020-06-22 09:37:18','2020-06-22 09:37:18'),(10852,2552,2,'2020-06-22 09:38:04','2020-06-22 09:38:04'),(10862,2552,152,'2020-06-22 09:38:06','2020-06-22 09:38:06'),(10872,2552,782,'2020-06-22 09:38:08','2020-06-22 09:38:08'),(10882,2552,872,'2020-06-22 09:38:13','2020-06-22 09:38:13'),(10932,2572,2,'2020-06-22 09:50:23','2020-06-22 09:50:23'),(10942,2572,212,'2020-06-22 09:50:24','2020-06-22 09:50:24'),(10952,2572,312,'2020-06-22 09:50:29','2020-06-22 09:50:29'),(10962,2572,372,'2020-06-22 09:50:32','2020-06-22 09:50:32'),(10972,2582,2,'2020-06-22 10:11:13','2020-06-22 10:11:13'),(10982,2582,152,'2020-06-22 10:11:14','2020-06-22 10:11:14'),(10992,2582,782,'2020-06-22 10:11:16','2020-06-22 10:11:16'),(11002,2592,2,'2020-06-22 14:05:32','2020-06-22 14:05:32'),(11012,2592,212,'2020-06-22 14:05:34','2020-06-22 14:05:34'),(11022,2592,292,'2020-06-22 14:05:39','2020-06-22 14:05:39'),(11032,2602,2,'2020-06-22 14:19:56','2020-06-22 14:19:56'),(11042,2602,82,'2020-06-22 14:20:04','2020-06-22 14:20:04'),(11052,2602,482,'2020-06-22 14:20:08','2020-06-22 14:20:08'),(11062,2602,602,'2020-06-22 14:20:15','2020-06-22 14:20:15'),(11072,2602,292,'2020-06-22 14:20:17','2020-06-22 14:20:17'),(11082,2612,2,'2020-06-22 15:04:04','2020-06-22 15:04:04'),(11092,2612,152,'2020-06-22 15:04:04','2020-06-22 15:04:04'),(11112,2612,872,'2020-06-22 15:04:04','2020-06-22 15:04:04'),(11142,2622,2,'2020-06-22 15:07:26','2020-06-22 15:07:26'),(11152,2622,152,'2020-06-22 15:07:26','2020-06-22 15:07:26'),(11172,2622,872,'2020-06-22 15:07:26','2020-06-22 15:07:26'),(11182,2612,312,'2020-06-22 15:07:54','2020-06-22 15:07:54'),(11192,2612,192,'2020-06-22 15:07:56','2020-06-22 15:07:56'),(11202,2612,1032,'2020-06-22 15:08:17','2020-06-22 15:08:17'),(11212,2622,332,'2020-06-22 15:08:45','2020-06-22 15:08:45'),(11222,2622,1042,'2020-06-22 15:08:55','2020-06-22 15:08:55'),(11232,2632,2,'2020-06-22 15:11:32','2020-06-22 15:11:32'),(11242,2632,152,'2020-06-22 15:11:32','2020-06-22 15:11:32'),(11272,2632,872,'2020-06-22 15:11:32','2020-06-22 15:11:32'),(11292,2632,332,'2020-06-22 15:12:38','2020-06-22 15:12:38'),(11302,2632,782,'2020-06-22 15:12:39','2020-06-22 15:12:39'),(11312,2632,1042,'2020-06-22 15:12:41','2020-06-22 15:12:41'),(11322,2632,1052,'2020-06-22 15:13:03','2020-06-22 15:13:03'),(11332,2642,2,'2020-06-22 15:14:00','2020-06-22 15:14:00'),(11342,2642,212,'2020-06-22 15:14:00','2020-06-22 15:14:00'),(11352,2642,262,'2020-06-22 15:14:00','2020-06-22 15:14:00'),(11362,2412,312,'2020-06-22 19:24:52','2020-06-22 19:24:52'),(11372,2412,92,'2020-06-22 19:24:52','2020-06-22 19:24:52'),(11382,2412,242,'2020-06-22 19:24:53','2020-06-22 19:24:53'),(11392,2412,772,'2020-06-22 19:24:58','2020-06-22 19:24:58'),(11402,2412,232,'2020-06-22 19:25:02','2020-06-22 19:25:02'),(11412,2652,2,'2020-06-23 09:03:07','2020-06-23 09:03:07'),(11432,2692,2,'2020-06-23 19:19:44','2020-06-23 19:19:44'),(11442,2692,212,'2020-06-23 19:19:44','2020-06-23 19:19:44'),(11452,2692,262,'2020-06-23 19:19:44','2020-06-23 19:19:44'),(11462,2702,2,'2020-06-24 09:21:15','2020-06-24 09:21:15'),(11472,2712,2,'2020-06-24 11:16:53','2020-06-24 11:16:53'),(11482,2712,502,'2020-06-24 11:16:53','2020-06-24 11:16:53'),(11492,2712,92,'2020-06-24 11:16:55','2020-06-24 11:16:55'),(11502,2712,102,'2020-06-24 11:17:12','2020-06-24 11:17:12'),(11512,2722,2,'2020-06-24 13:49:24','2020-06-24 13:49:24'),(11522,2722,82,'2020-06-24 13:49:24','2020-06-24 13:49:24'),(11542,2722,212,'2020-06-24 13:49:24','2020-06-24 13:49:24'),(11562,2742,2,'2020-06-24 17:34:26','2020-06-24 17:34:26'),(11572,2742,212,'2020-06-24 17:34:27','2020-06-24 17:34:27'),(11582,2752,2,'2020-06-24 19:08:57','2020-06-24 19:08:57'),(11592,2752,212,'2020-06-24 19:08:57','2020-06-24 19:08:57'),(11602,2752,262,'2020-06-24 19:08:57','2020-06-24 19:08:57'),(11612,2762,2,'2020-06-24 19:13:07','2020-06-24 19:13:07'),(11622,2762,472,'2020-06-24 19:13:11','2020-06-24 19:13:11'),(11632,2762,602,'2020-06-24 19:13:27','2020-06-24 19:13:27'),(11642,2762,272,'2020-06-24 19:13:28','2020-06-24 19:13:28'),(11652,2772,2,'2020-06-24 19:36:14','2020-06-24 19:36:14'),(11662,2772,472,'2020-06-24 19:36:17','2020-06-24 19:36:17'),(11672,2772,502,'2020-06-24 19:36:18','2020-06-24 19:36:18'),(11682,2772,972,'2020-06-24 19:36:20','2020-06-24 19:36:20'),(11692,2772,712,'2020-06-24 19:36:48','2020-06-24 19:36:48'),(11702,2772,312,'2020-06-24 19:36:49','2020-06-24 19:36:49'),(11712,2782,2,'2020-06-24 19:38:23','2020-06-24 19:38:23'),(11722,2782,212,'2020-06-24 19:38:28','2020-06-24 19:38:28'),(11732,2782,12,'2020-06-24 19:38:30','2020-06-24 19:38:30'),(11742,2782,272,'2020-06-24 19:38:31','2020-06-24 19:38:31'),(11752,2792,2,'2020-06-24 19:40:58','2020-06-24 19:40:58'),(11762,2792,972,'2020-06-24 19:41:00','2020-06-24 19:41:00'),(11772,2792,312,'2020-06-24 19:41:02','2020-06-24 19:41:02'),(11782,2792,522,'2020-06-24 19:41:03','2020-06-24 19:41:03'),(11792,2802,2,'2020-06-24 19:43:17','2020-06-24 19:43:17'),(11802,2802,592,'2020-06-24 19:43:21','2020-06-24 19:43:21'),(11812,2802,12,'2020-06-24 19:43:24','2020-06-24 19:43:24'),(11822,2802,272,'2020-06-24 19:43:25','2020-06-24 19:43:25'),(11832,2812,2,'2020-06-24 19:46:47','2020-06-24 19:46:47'),(11842,2812,472,'2020-06-24 19:46:48','2020-06-24 19:46:48'),(11852,2812,972,'2020-06-24 19:46:50','2020-06-24 19:46:50'),(11862,2812,512,'2020-06-24 19:46:52','2020-06-24 19:46:52'),(11872,2812,312,'2020-06-24 19:47:09','2020-06-24 19:47:09'),(11882,2812,192,'2020-06-24 19:47:11','2020-06-24 19:47:11'),(11892,2812,1062,'2020-06-24 19:47:28','2020-06-24 19:47:28'),(11902,2822,2,'2020-06-24 19:48:56','2020-06-24 19:48:56'),(11912,2822,472,'2020-06-24 19:48:58','2020-06-24 19:48:58'),(11922,2822,312,'2020-06-24 19:48:59','2020-06-24 19:48:59'),(11932,2822,462,'2020-06-24 19:49:03','2020-06-24 19:49:03'),(11942,2832,2,'2020-06-25 09:07:37','2020-06-25 09:07:37'),(11952,2842,2,'2020-06-25 09:08:30','2020-06-25 09:08:30'),(11962,2842,482,'2020-06-25 09:08:35','2020-06-25 09:08:35'),(12002,2862,2,'2020-06-25 09:59:12','2020-06-25 09:59:12'),(12012,2862,512,'2020-06-25 09:59:13','2020-06-25 09:59:13'),(12022,2862,232,'2020-06-25 09:59:22','2020-06-25 09:59:22'),(12032,2862,1072,'2020-06-25 09:59:33','2020-06-25 09:59:33'),(12042,2872,2,'2020-06-25 15:40:27','2020-06-25 15:40:27'),(12052,2872,12,'2020-06-25 15:40:29','2020-06-25 15:40:29'),(12062,2872,482,'2020-06-25 15:40:31','2020-06-25 15:40:31'),(12072,2882,2,'2020-06-25 15:44:43','2020-06-25 15:44:43'),(12082,2882,212,'2020-06-25 15:44:43','2020-06-25 15:44:43'),(12092,2892,2,'2020-06-25 18:08:14','2020-06-25 18:08:14'),(12102,2892,212,'2020-06-25 18:08:15','2020-06-25 18:08:15'),(12112,2892,312,'2020-06-25 18:08:19','2020-06-25 18:08:19'),(12122,2892,1082,'2020-06-25 18:08:36','2020-06-25 18:08:36'),(12132,2902,2,'2020-06-25 19:02:40','2020-06-25 19:02:40'),(12142,2902,212,'2020-06-25 19:02:40','2020-06-25 19:02:40'),(12152,2912,2,'2020-06-25 19:07:15','2020-06-25 19:07:15'),(12162,2912,52,'2020-06-25 19:07:17','2020-06-25 19:07:17'),(12172,2912,312,'2020-06-25 19:07:18','2020-06-25 19:07:18'),(12182,2912,162,'2020-06-25 19:07:21','2020-06-25 19:07:21'),(12192,2912,1092,'2020-06-25 19:07:32','2020-06-25 19:07:32'),(12202,2912,112,'2020-06-25 19:07:34','2020-06-25 19:07:34'),(12212,2922,2,'2020-06-25 19:10:51','2020-06-25 19:10:51'),(12222,2922,52,'2020-06-25 19:10:52','2020-06-25 19:10:52'),(12232,2922,112,'2020-06-25 19:10:54','2020-06-25 19:10:54'),(12242,2922,312,'2020-06-25 19:10:55','2020-06-25 19:10:55'),(12252,2922,882,'2020-06-25 19:10:59','2020-06-25 19:10:59'),(12262,2932,2,'2020-06-25 19:19:50','2020-06-25 19:19:50'),(12272,2932,472,'2020-06-25 19:19:52','2020-06-25 19:19:52'),(12282,2932,972,'2020-06-25 19:19:54','2020-06-25 19:19:54'),(12292,2932,312,'2020-06-25 19:19:57','2020-06-25 19:19:57'),(12302,2932,902,'2020-06-25 19:19:59','2020-06-25 19:19:59'),(12312,2942,2,'2020-06-25 19:21:58','2020-06-25 19:21:58'),(12322,2942,502,'2020-06-25 19:21:59','2020-06-25 19:21:59'),(12332,2942,972,'2020-06-25 19:22:01','2020-06-25 19:22:01'),(12342,2942,782,'2020-06-25 19:22:14','2020-06-25 19:22:14'),(12352,2942,712,'2020-06-25 19:22:17','2020-06-25 19:22:17'),(12362,2952,2,'2020-06-26 09:18:54','2020-06-26 09:18:54'),(12372,2962,2,'2020-06-26 09:27:11','2020-06-26 09:27:11'),(12382,2972,2,'2020-06-26 09:39:38','2020-06-26 09:39:38'),(12392,2982,2,'2020-06-26 19:21:09','2020-06-26 19:21:09'),(12402,2982,212,'2020-06-26 19:21:09','2020-06-26 19:21:09'),(12412,2982,262,'2020-06-26 19:21:09','2020-06-26 19:21:09'),(12422,3002,2,'2020-06-26 19:39:00','2020-06-26 19:39:00'),(12432,3002,972,'2020-06-26 19:39:02','2020-06-26 19:39:02'),(12442,3002,312,'2020-06-26 19:39:06','2020-06-26 19:39:06'),(12452,3002,1102,'2020-06-26 19:39:29','2020-06-26 19:39:29'),(12471,3021,2,'2020-06-29 10:36:16','2020-06-29 10:36:16'),(12481,3031,42,'2020-06-29 10:41:22','2020-06-29 10:41:22'),(12491,3031,1121,'2020-06-29 10:41:57','2020-06-29 10:41:57'),(12501,3031,1131,'2020-06-29 10:42:18','2020-06-29 10:42:18'),(12511,3031,1141,'2020-06-29 10:42:57','2020-06-29 10:42:57'),(12521,3041,42,'2020-06-29 10:44:44','2020-06-29 10:44:44'),(12531,3051,42,'2020-06-29 10:47:04','2020-06-29 10:47:04'),(12541,3061,42,'2020-06-29 10:48:25','2020-06-29 10:48:25'),(12551,3061,742,'2020-06-29 10:48:27','2020-06-29 10:48:27'),(12561,3061,1151,'2020-06-29 10:49:05','2020-06-29 10:49:05'),(12571,3021,1161,'2020-06-29 11:41:46','2020-06-29 11:41:46'),(12581,3051,1161,'2020-06-29 11:41:53','2020-06-29 11:41:53'),(12591,3071,2,'2020-06-29 11:49:14','2020-06-29 11:49:14'),(12611,3071,502,'2020-06-29 11:49:17','2020-06-29 11:49:17'),(12621,3071,172,'2020-06-29 11:49:17','2020-06-29 11:49:17'),(12631,3071,312,'2020-06-29 11:49:21','2020-06-29 11:49:21'),(12641,3071,292,'2020-06-29 11:49:23','2020-06-29 11:49:23'),(12651,3071,92,'2020-06-29 11:49:38','2020-06-29 11:49:38'),(12661,3071,452,'2020-06-29 11:49:46','2020-06-29 11:49:46'),(12671,3071,82,'2020-06-29 11:50:52','2020-06-29 11:50:52'),(12711,3091,42,'2020-06-29 13:04:52','2020-06-29 13:04:52'),(12721,3091,1181,'2020-06-29 13:05:22','2020-06-29 13:05:22'),(12731,3081,42,'2020-06-29 13:05:28','2020-06-29 13:05:28'),(12741,3081,1171,'2020-06-29 13:05:30','2020-06-29 13:05:30'),(12751,3091,742,'2020-06-29 13:05:55','2020-06-29 13:05:55'),(12761,3101,42,'2020-06-29 13:06:39','2020-06-29 13:06:39'),(12771,3101,742,'2020-06-29 13:06:42','2020-06-29 13:06:42'),(12781,3101,1191,'2020-06-29 13:07:48','2020-06-29 13:07:48'),(12801,3111,1191,'2020-06-29 13:10:02','2020-06-29 13:10:02'),(12821,3121,1171,'2020-06-29 13:12:44','2020-06-29 13:12:44'),(12831,3131,42,'2020-06-29 13:14:35','2020-06-29 13:14:35'),(12841,3121,42,'2020-06-29 13:14:57','2020-06-29 13:14:57'),(12851,3111,42,'2020-06-29 13:15:05','2020-06-29 13:15:05'),(12861,3141,42,'2020-06-29 13:16:19','2020-06-29 13:16:19'),(12871,3141,1211,'2020-06-29 13:16:36','2020-06-29 13:16:36'),(12881,3151,42,'2020-06-29 13:17:13','2020-06-29 13:17:13'),(12891,3151,1211,'2020-06-29 13:17:16','2020-06-29 13:17:16'),(12901,3161,42,'2020-06-29 13:19:34','2020-06-29 13:19:34'),(12911,3161,1221,'2020-06-29 13:19:59','2020-06-29 13:19:59'),(12921,3191,42,'2020-06-29 13:26:03','2020-06-29 13:26:03'),(12931,3191,1221,'2020-06-29 13:26:05','2020-06-29 13:26:05'),(12971,3231,2,'2020-06-29 13:38:48','2020-06-29 13:38:48'),(12981,3231,502,'2020-06-29 13:38:49','2020-06-29 13:38:49'),(12991,3231,312,'2020-06-29 13:38:54','2020-06-29 13:38:54'),(13001,3231,182,'2020-06-29 13:39:47','2020-06-29 13:39:47'),(13011,3241,42,'2020-06-29 13:48:34','2020-06-29 13:48:34'),(13021,3241,1221,'2020-06-29 13:48:37','2020-06-29 13:48:37'),(13031,3241,1241,'2020-06-29 13:48:52','2020-06-29 13:48:52'),(13041,3191,1231,'2020-06-29 13:51:42','2020-06-29 13:51:42'),(13051,3251,42,'2020-06-29 14:01:26','2020-06-29 14:01:26'),(13061,3251,1241,'2020-06-29 14:01:29','2020-06-29 14:01:29'),(13071,3251,1221,'2020-06-29 14:01:33','2020-06-29 14:01:33'),(13081,3261,42,'2020-06-29 14:03:46','2020-06-29 14:03:46'),(13091,3261,1241,'2020-06-29 14:03:49','2020-06-29 14:03:49'),(13101,3261,1221,'2020-06-29 14:03:52','2020-06-29 14:03:52'),(13111,3271,42,'2020-06-29 14:06:00','2020-06-29 14:06:00'),(13121,3271,1131,'2020-06-29 14:06:01','2020-06-29 14:06:01'),(13131,3281,42,'2020-06-29 14:09:49','2020-06-29 14:09:49'),(13141,3281,1151,'2020-06-29 14:09:51','2020-06-29 14:09:51'),(13151,3291,42,'2020-06-29 14:14:45','2020-06-29 14:14:45'),(13161,3291,1151,'2020-06-29 14:14:50','2020-06-29 14:14:50'),(13171,3301,42,'2020-06-29 14:15:49','2020-06-29 14:15:49'),(13181,3301,1251,'2020-06-29 14:16:11','2020-06-29 14:16:11'),(13191,3311,42,'2020-06-29 14:17:04','2020-06-29 14:17:04'),(13201,3311,1261,'2020-06-29 14:17:14','2020-06-29 14:17:14'),(13211,3311,1121,'2020-06-29 14:17:17','2020-06-29 14:17:17'),(13221,3311,1131,'2020-06-29 14:17:18','2020-06-29 14:17:18'),(13231,3321,42,'2020-06-29 14:18:32','2020-06-29 14:18:32'),(13241,3321,1271,'2020-06-29 14:18:43','2020-06-29 14:18:43'),(13251,3331,42,'2020-06-29 14:20:00','2020-06-29 14:20:00'),(13261,3331,1131,'2020-06-29 14:20:01','2020-06-29 14:20:01'),(13271,3331,1121,'2020-06-29 14:20:03','2020-06-29 14:20:03'),(13281,3331,1261,'2020-06-29 14:20:10','2020-06-29 14:20:10'),(13291,3341,42,'2020-06-29 14:23:08','2020-06-29 14:23:08'),(13301,3341,1131,'2020-06-29 14:23:08','2020-06-29 14:23:08'),(13311,3341,1121,'2020-06-29 14:23:09','2020-06-29 14:23:09'),(13321,3341,1141,'2020-06-29 14:23:13','2020-06-29 14:23:13'),(13331,3351,42,'2020-06-29 14:34:40','2020-06-29 14:34:40'),(13341,3351,1131,'2020-06-29 14:34:41','2020-06-29 14:34:41'),(13351,3351,1121,'2020-06-29 14:34:42','2020-06-29 14:34:42'),(13361,3351,1261,'2020-06-29 14:34:45','2020-06-29 14:34:45'),(13371,3361,42,'2020-06-29 14:35:48','2020-06-29 14:35:48'),(13381,3361,1131,'2020-06-29 14:35:48','2020-06-29 14:35:48'),(13391,3361,1121,'2020-06-29 14:35:51','2020-06-29 14:35:51'),(13411,3371,42,'2020-06-29 14:36:51','2020-06-29 14:36:51'),(13421,3371,1131,'2020-06-29 14:36:51','2020-06-29 14:36:51'),(13431,3371,1121,'2020-06-29 14:36:52','2020-06-29 14:36:52'),(13441,3371,1141,'2020-06-29 14:36:54','2020-06-29 14:36:54'),(13451,3361,1141,'2020-06-29 14:37:56','2020-06-29 14:37:56'),(13461,3381,42,'2020-06-29 14:45:17','2020-06-29 14:45:17'),(13471,3381,1131,'2020-06-29 14:45:18','2020-06-29 14:45:18'),(13481,3381,1121,'2020-06-29 14:45:19','2020-06-29 14:45:19'),(13491,3381,1141,'2020-06-29 14:45:21','2020-06-29 14:45:21'),(13501,3391,42,'2020-06-29 14:47:07','2020-06-29 14:47:07'),(13511,3391,1131,'2020-06-29 14:47:08','2020-06-29 14:47:08'),(13521,3391,1121,'2020-06-29 14:47:08','2020-06-29 14:47:08'),(13531,3391,1261,'2020-06-29 14:47:11','2020-06-29 14:47:11'),(13541,3401,42,'2020-06-29 14:48:10','2020-06-29 14:48:10'),(13551,3401,1131,'2020-06-29 14:48:11','2020-06-29 14:48:11'),(13561,3401,1121,'2020-06-29 14:48:12','2020-06-29 14:48:12'),(13571,3401,1141,'2020-06-29 14:48:14','2020-06-29 14:48:14'),(13581,3411,2,'2020-06-29 14:57:34','2020-06-29 14:57:34'),(13591,3411,592,'2020-06-29 14:57:36','2020-06-29 14:57:36'),(13601,3411,12,'2020-06-29 14:57:37','2020-06-29 14:57:37'),(13611,3411,272,'2020-06-29 14:57:38','2020-06-29 14:57:38'),(13621,3541,42,'2020-06-29 15:09:28','2020-06-29 15:09:28'),(13631,3541,1221,'2020-06-29 15:09:29','2020-06-29 15:09:29'),(13641,3541,1241,'2020-06-29 15:09:50','2020-06-29 15:09:50'),(13651,3531,42,'2020-06-29 15:09:57','2020-06-29 15:09:57'),(13661,3531,1221,'2020-06-29 15:09:59','2020-06-29 15:09:59'),(13671,3521,42,'2020-06-29 15:10:04','2020-06-29 15:10:04'),(13681,3521,1221,'2020-06-29 15:10:05','2020-06-29 15:10:05'),(13691,3511,42,'2020-06-29 15:10:11','2020-06-29 15:10:11'),(13701,3511,1221,'2020-06-29 15:10:11','2020-06-29 15:10:11'),(13711,3501,42,'2020-06-29 15:10:19','2020-06-29 15:10:19'),(13721,3501,1221,'2020-06-29 15:10:20','2020-06-29 15:10:20'),(13731,3491,42,'2020-06-29 15:10:26','2020-06-29 15:10:26'),(13741,3491,1221,'2020-06-29 15:10:27','2020-06-29 15:10:27'),(13751,3481,42,'2020-06-29 15:10:31','2020-06-29 15:10:31'),(13761,3481,1221,'2020-06-29 15:10:31','2020-06-29 15:10:31'),(13771,3471,42,'2020-06-29 15:10:36','2020-06-29 15:10:36'),(13781,3471,1221,'2020-06-29 15:10:37','2020-06-29 15:10:37'),(13791,3461,42,'2020-06-29 15:10:43','2020-06-29 15:10:43'),(13801,3461,1221,'2020-06-29 15:10:46','2020-06-29 15:10:46'),(13811,3441,42,'2020-06-29 15:10:54','2020-06-29 15:10:54'),(13821,3441,1221,'2020-06-29 15:10:57','2020-06-29 15:10:57'),(13831,3431,42,'2020-06-29 15:11:06','2020-06-29 15:11:06'),(13841,3431,1221,'2020-06-29 15:11:07','2020-06-29 15:11:07'),(13851,3421,42,'2020-06-29 15:11:13','2020-06-29 15:11:13'),(13861,3421,1221,'2020-06-29 15:11:13','2020-06-29 15:11:13'),(13871,3551,42,'2020-06-29 15:14:22','2020-06-29 15:14:22'),(13881,3551,1221,'2020-06-29 15:14:24','2020-06-29 15:14:24'),(13891,3561,42,'2020-06-29 15:14:28','2020-06-29 15:14:28'),(13901,3561,1221,'2020-06-29 15:14:29','2020-06-29 15:14:29'),(13911,3571,42,'2020-06-29 15:16:13','2020-06-29 15:16:13'),(13921,3571,1271,'2020-06-29 15:16:38','2020-06-29 15:16:38'),(13931,3581,42,'2020-06-29 15:19:54','2020-06-29 15:19:54'),(13941,3581,1221,'2020-06-29 15:19:56','2020-06-29 15:19:56'),(13951,3591,42,'2020-06-29 15:20:16','2020-06-29 15:20:16'),(13961,3591,1221,'2020-06-29 15:20:19','2020-06-29 15:20:19'),(13971,3601,42,'2020-06-29 15:21:41','2020-06-29 15:21:41'),(13981,3601,1221,'2020-06-29 15:21:42','2020-06-29 15:21:42'),(13991,3611,42,'2020-06-29 15:22:41','2020-06-29 15:22:41'),(14001,3611,1221,'2020-06-29 15:22:43','2020-06-29 15:22:43'),(14011,3621,42,'2020-06-29 15:26:47','2020-06-29 15:26:47'),(14021,3621,1221,'2020-06-29 15:26:49','2020-06-29 15:26:49'),(14031,3631,42,'2020-06-29 15:27:36','2020-06-29 15:27:36'),(14041,3631,1221,'2020-06-29 15:27:37','2020-06-29 15:27:37'),(14051,3641,42,'2020-06-29 15:30:22','2020-06-29 15:30:22'),(14061,3641,1221,'2020-06-29 15:30:23','2020-06-29 15:30:23'),(14071,3651,42,'2020-06-29 15:31:23','2020-06-29 15:31:23'),(14081,3651,1221,'2020-06-29 15:31:24','2020-06-29 15:31:24'),(14101,3651,1281,'2020-06-29 15:31:53','2020-06-29 15:31:53'),(14111,3661,42,'2020-06-29 15:32:29','2020-06-29 15:32:29'),(14121,3661,1221,'2020-06-29 15:32:30','2020-06-29 15:32:30'),(14131,3691,42,'2020-06-29 15:34:26','2020-06-29 15:34:26'),(14141,3691,1221,'2020-06-29 15:34:26','2020-06-29 15:34:26'),(14151,3681,42,'2020-06-29 15:34:31','2020-06-29 15:34:31'),(14161,3681,1221,'2020-06-29 15:34:32','2020-06-29 15:34:32'),(14171,3671,42,'2020-06-29 15:34:35','2020-06-29 15:34:35'),(14181,3671,1221,'2020-06-29 15:34:36','2020-06-29 15:34:36'),(14191,3711,42,'2020-06-29 15:34:44','2020-06-29 15:34:44'),(14201,3711,1221,'2020-06-29 15:34:44','2020-06-29 15:34:44'),(14211,3711,1281,'2020-06-29 15:34:50','2020-06-29 15:34:50'),(14221,3701,42,'2020-06-29 15:34:55','2020-06-29 15:34:55'),(14231,3701,1221,'2020-06-29 15:34:56','2020-06-29 15:34:56'),(14241,3731,42,'2020-06-29 15:45:02','2020-06-29 15:45:02'),(14251,3731,1221,'2020-06-29 15:45:02','2020-06-29 15:45:02'),(14261,3721,42,'2020-06-29 15:45:08','2020-06-29 15:45:08'),(14271,3721,1221,'2020-06-29 15:45:08','2020-06-29 15:45:08'),(14281,3721,1281,'2020-06-29 15:45:25','2020-06-29 15:45:25'),(14291,3741,42,'2020-06-29 15:46:28','2020-06-29 15:46:28'),(14301,3741,1221,'2020-06-29 15:46:29','2020-06-29 15:46:29'),(14311,3751,42,'2020-06-29 15:52:40','2020-06-29 15:52:40'),(14321,3751,1221,'2020-06-29 15:52:41','2020-06-29 15:52:41'),(14331,3751,1281,'2020-06-29 15:52:48','2020-06-29 15:52:48'),(14341,3761,42,'2020-06-29 15:53:28','2020-06-29 15:53:28'),(14351,3761,1221,'2020-06-29 15:53:28','2020-06-29 15:53:28'),(14361,3781,42,'2020-06-29 15:55:22','2020-06-29 15:55:22'),(14371,3781,1221,'2020-06-29 15:55:23','2020-06-29 15:55:23'),(14381,3781,1281,'2020-06-29 15:55:27','2020-06-29 15:55:27'),(14391,3791,42,'2020-06-29 15:58:32','2020-06-29 15:58:32'),(14401,3791,1221,'2020-06-29 15:58:33','2020-06-29 15:58:33'),(14411,3811,42,'2020-06-29 16:00:49','2020-06-29 16:00:49'),(14421,3811,1221,'2020-06-29 16:00:50','2020-06-29 16:00:50'),(14431,3801,42,'2020-06-29 16:00:56','2020-06-29 16:00:56'),(14441,3801,1221,'2020-06-29 16:00:57','2020-06-29 16:00:57'),(14451,3821,42,'2020-06-29 16:02:20','2020-06-29 16:02:20'),(14461,3821,1221,'2020-06-29 16:02:20','2020-06-29 16:02:20'),(14471,3831,42,'2020-06-29 16:02:43','2020-06-29 16:02:43'),(14481,3831,1221,'2020-06-29 16:02:43','2020-06-29 16:02:43'),(14491,3841,42,'2020-06-29 16:03:13','2020-06-29 16:03:13'),(14501,3841,1221,'2020-06-29 16:03:14','2020-06-29 16:03:14'),(14511,3851,42,'2020-06-29 16:04:41','2020-06-29 16:04:41'),(14521,3851,1221,'2020-06-29 16:04:41','2020-06-29 16:04:41'),(14531,3861,42,'2020-06-29 16:04:46','2020-06-29 16:04:46'),(14541,3861,1221,'2020-06-29 16:04:46','2020-06-29 16:04:46'),(14551,3871,42,'2020-06-29 16:05:08','2020-06-29 16:05:08'),(14561,3871,1221,'2020-06-29 16:05:08','2020-06-29 16:05:08'),(14571,3881,42,'2020-06-29 16:05:32','2020-06-29 16:05:32'),(14581,3881,1221,'2020-06-29 16:05:33','2020-06-29 16:05:33'),(14591,3891,42,'2020-06-29 16:06:51','2020-06-29 16:06:51'),(14601,3891,1221,'2020-06-29 16:06:52','2020-06-29 16:06:52'),(14611,3891,1291,'2020-06-29 16:07:02','2020-06-29 16:07:02'),(14621,3901,2,'2020-06-29 16:20:22','2020-06-29 16:20:22'),(14631,3901,212,'2020-06-29 16:20:24','2020-06-29 16:20:24'),(14641,3901,502,'2020-06-29 16:20:25','2020-06-29 16:20:25'),(14651,3901,12,'2020-06-29 16:20:28','2020-06-29 16:20:28'),(14661,3911,42,'2020-06-29 16:26:18','2020-06-29 16:26:18'),(14671,3911,1221,'2020-06-29 16:26:20','2020-06-29 16:26:20'),(14681,3921,42,'2020-06-29 16:27:29','2020-06-29 16:27:29'),(14691,3921,1221,'2020-06-29 16:27:29','2020-06-29 16:27:29'),(14701,3931,42,'2020-06-29 16:27:34','2020-06-29 16:27:34'),(14711,3931,1221,'2020-06-29 16:27:35','2020-06-29 16:27:35'),(14721,3941,42,'2020-06-29 16:27:39','2020-06-29 16:27:39'),(14731,3941,1221,'2020-06-29 16:27:39','2020-06-29 16:27:39'),(14741,3961,42,'2020-06-29 16:29:10','2020-06-29 16:29:10'),(14751,3961,1271,'2020-06-29 16:29:14','2020-06-29 16:29:14'),(14761,3971,42,'2020-06-29 16:30:07','2020-06-29 16:30:07'),(14771,3971,1271,'2020-06-29 16:30:14','2020-06-29 16:30:14'),(14781,3981,42,'2020-06-29 16:30:56','2020-06-29 16:30:56'),(14791,3981,1271,'2020-06-29 16:30:58','2020-06-29 16:30:58'),(14801,3991,42,'2020-06-29 16:33:20','2020-06-29 16:33:20'),(14811,3991,1131,'2020-06-29 16:33:22','2020-06-29 16:33:22'),(14821,4001,42,'2020-06-29 16:35:09','2020-06-29 16:35:09'),(14841,4001,1271,'2020-06-29 16:35:18','2020-06-29 16:35:18'),(14851,4011,42,'2020-06-29 16:36:02','2020-06-29 16:36:02'),(14861,4011,1221,'2020-06-29 16:36:03','2020-06-29 16:36:03'),(14871,4021,42,'2020-06-29 16:37:44','2020-06-29 16:37:44'),(14881,4021,1131,'2020-06-29 16:37:44','2020-06-29 16:37:44'),(14891,4031,42,'2020-06-29 16:37:51','2020-06-29 16:37:51'),(14901,4031,1221,'2020-06-29 16:37:51','2020-06-29 16:37:51'),(14911,4041,42,'2020-06-29 16:38:08','2020-06-29 16:38:08'),(14921,4041,1221,'2020-06-29 16:38:09','2020-06-29 16:38:09'),(14931,4051,2,'2020-06-29 17:33:20','2020-06-29 17:33:20'),(14941,4051,212,'2020-06-29 17:33:20','2020-06-29 17:33:20'),(14951,4051,262,'2020-06-29 17:33:20','2020-06-29 17:33:20'),(14961,4061,2,'2020-06-29 17:36:58','2020-06-29 17:36:58'),(14971,4061,82,'2020-06-29 17:36:58','2020-06-29 17:36:58'),(14991,4061,212,'2020-06-29 17:36:58','2020-06-29 17:36:58'),(15011,4061,972,'2020-06-29 17:38:03','2020-06-29 17:38:03'),(15021,4061,292,'2020-06-29 17:38:04','2020-06-29 17:38:04'),(15031,4061,452,'2020-06-29 17:38:05','2020-06-29 17:38:05'),(15041,4071,2,'2020-06-29 17:38:13','2020-06-29 17:38:13'),(15051,4071,82,'2020-06-29 17:38:13','2020-06-29 17:38:13'),(15071,4071,212,'2020-06-29 17:38:13','2020-06-29 17:38:13'),(15091,4071,972,'2020-06-29 17:38:41','2020-06-29 17:38:41'),(15101,4071,452,'2020-06-29 17:38:43','2020-06-29 17:38:43'),(15111,4071,92,'2020-06-29 17:38:45','2020-06-29 17:38:45'),(15121,4081,2,'2020-06-29 17:38:55','2020-06-29 17:38:55'),(15131,4081,82,'2020-06-29 17:38:55','2020-06-29 17:38:55'),(15141,4081,112,'2020-06-29 17:38:55','2020-06-29 17:38:55'),(15151,4081,212,'2020-06-29 17:38:55','2020-06-29 17:38:55'),(15161,4081,582,'2020-06-29 17:38:55','2020-06-29 17:38:55'),(15171,4081,972,'2020-06-29 17:39:23','2020-06-29 17:39:23'),(15181,4091,2,'2020-06-29 17:43:07','2020-06-29 17:43:07'),(15191,4091,502,'2020-06-29 17:43:10','2020-06-29 17:43:10'),(15201,4091,972,'2020-06-29 17:43:12','2020-06-29 17:43:12'),(15211,4091,512,'2020-06-29 17:43:13','2020-06-29 17:43:13'),(15221,4091,632,'2020-06-29 17:43:29','2020-06-29 17:43:29'),(15231,4091,752,'2020-06-29 17:44:09','2020-06-29 17:44:09'),(15281,4111,2,'2020-06-29 17:45:50','2020-06-29 17:45:50'),(15291,4111,212,'2020-06-29 17:45:50','2020-06-29 17:45:50'),(15301,4111,92,'2020-06-29 17:45:58','2020-06-29 17:45:58'),(15311,4121,42,'2020-06-30 06:46:18','2020-06-30 06:46:18'),(15321,4131,2,'2020-06-30 09:40:27','2020-06-30 09:40:27'),(15331,4131,1161,'2020-06-30 09:40:50','2020-06-30 09:40:50'),(15341,4141,2,'2020-06-30 09:55:24','2020-06-30 09:55:24'),(15351,4141,12,'2020-06-30 09:55:27','2020-06-30 09:55:27'),(15361,4141,212,'2020-06-30 09:55:28','2020-06-30 09:55:28'),(15371,4141,272,'2020-06-30 10:27:06','2020-06-30 10:27:06'),(15381,4151,42,'2020-06-30 10:51:34','2020-06-30 10:51:34'),(15391,4151,1271,'2020-06-30 10:51:36','2020-06-30 10:51:36'),(15401,62,1161,'2020-06-30 13:48:20','2020-06-30 13:48:20'),(15411,3041,1161,'2020-06-30 13:48:38','2020-06-30 13:48:38'),(15421,2082,2,'2020-06-30 13:48:47','2020-06-30 13:48:47'),(15431,2082,212,'2020-06-30 13:48:48','2020-06-30 13:48:48'),(15441,2082,12,'2020-06-30 13:48:49','2020-06-30 13:48:49'),(15451,2082,272,'2020-06-30 13:48:50','2020-06-30 13:48:50'),(15461,352,502,'2020-06-30 13:49:47','2020-06-30 13:49:47');
/*!40000 ALTER TABLE `tag_task` ENABLE KEYS */;
UNLOCK TABLES;

--
-- Table structure for table `tags`
--

DROP TABLE IF EXISTS `tags`;
/*!40101 SET @saved_cs_client     = @@character_set_client */;
/*!40101 SET character_set_client = utf8 */;
CREATE TABLE `tags` (
  `id` int(10) unsigned NOT NULL AUTO_INCREMENT,
  `user_id` int(10) unsigned NOT NULL,
  `name` varchar(191) COLLATE utf8mb4_unicode_ci NOT NULL,
  `overview` text COLLATE utf8mb4_unicode_ci,
  `color` enum('#ef857d','#89c997','#fdd35c','#82cddd','#d4d9df','#c7a5cc') COLLATE utf8mb4_unicode_ci NOT NULL,
  `created_at` timestamp NULL DEFAULT NULL,
  `updated_at` timestamp NULL DEFAULT NULL,
  PRIMARY KEY (`id`),
  UNIQUE KEY `unique_tag` (`user_id`,`name`,`color`),
  CONSTRAINT `tags_user_id_foreign` FOREIGN KEY (`user_id`) REFERENCES `users` (`id`)
) ENGINE=InnoDB AUTO_INCREMENT=1301 DEFAULT CHARSET=utf8mb4 COLLATE=utf8mb4_unicode_ci;
/*!40101 SET character_set_client = @saved_cs_client */;

--
-- Dumping data for table `tags`
--

LOCK TABLES `tags` WRITE;
/*!40000 ALTER TABLE `tags` DISABLE KEYS */;
INSERT INTO `tags` VALUES (2,2,'仕事用','会社の','#ef857d','2020-05-14 23:26:26','2020-05-14 23:26:26'),(12,2,'富士たまご',NULL,'#89c997','2020-05-15 09:50:30','2020-05-15 09:50:51'),(22,2,'日本政策金融公庫（中小）',NULL,'#fdd35c','2020-05-15 09:54:49','2020-05-15 09:58:16'),(32,2,'はやま農場',NULL,'#89c997','2020-05-15 10:53:32','2020-05-15 10:54:58'),(42,2,'プライベート',NULL,'#ef857d','2020-05-15 11:08:18','2020-05-15 11:08:18'),(52,2,'リース／割賦',NULL,'#82cddd','2020-05-15 13:27:17','2020-06-25 20:09:51'),(62,2,'岡山パッキング工場',NULL,'#d4d9df','2020-05-15 13:32:15','2020-05-15 18:03:33'),(72,2,'与沢コンポスト',NULL,'#d4d9df','2020-05-15 13:46:46','2020-05-15 13:47:30'),(82,2,'鶏割賦',NULL,'#82cddd','2020-05-15 13:48:56','2020-05-15 13:49:47'),(92,2,'かすみがうら農場',NULL,'#89c997','2020-05-15 13:49:01','2020-05-15 13:49:42'),(102,2,'東和銀行',NULL,'#fdd35c','2020-05-15 14:01:47','2020-05-15 14:02:52'),(112,2,'三井住友ファイナンス＆リース',NULL,'#fdd35c','2020-05-15 14:22:51','2020-05-15 14:23:36'),(122,2,'富山信用金庫',NULL,'#fdd35c','2020-05-15 16:12:59','2020-05-15 16:13:49'),(132,2,'芝共同組合',NULL,'#89c997','2020-05-15 18:03:06','2020-05-15 18:03:39'),(142,2,'太陽光',NULL,'#82cddd','2020-05-15 18:04:22','2020-05-15 18:13:05'),(152,2,'FCカード',NULL,'#82cddd','2020-05-15 18:09:48','2020-05-15 18:13:10'),(162,2,'トーチク',NULL,'#89c997','2020-05-18 10:07:56','2020-05-18 10:08:25'),(172,2,'決算関連',NULL,'#82cddd','2020-05-18 10:08:11','2020-05-18 10:08:34'),(182,2,'三井住友銀行',NULL,'#fdd35c','2020-05-18 10:15:44','2020-05-18 10:15:57'),(192,2,'九州たまご',NULL,'#89c997','2020-05-18 13:25:23','2020-05-18 13:26:32'),(202,2,'宗像農場',NULL,'#d4d9df','2020-05-18 13:25:28','2020-05-18 13:26:39'),(212,2,'支払処理',NULL,'#82cddd','2020-05-18 13:30:46','2020-05-18 13:31:24'),(222,2,'イセ・フェニックス',NULL,'#89c997','2020-05-18 13:30:53','2020-05-18 13:31:16'),(232,2,'イセ・アセアン',NULL,'#89c997','2020-05-18 13:30:57','2020-05-18 13:31:19'),(242,2,'イセファーム',NULL,'#89c997','2020-05-18 16:19:13','2020-05-18 16:19:49'),(252,2,'イセヒヨコ',NULL,'#89c997','2020-05-18 17:24:41','2020-05-18 17:25:02'),(262,2,'豊田通商',NULL,'#fdd35c','2020-05-18 17:24:50','2020-05-18 17:25:06'),(272,2,'あおぞら銀行',NULL,'#fdd35c','2020-05-18 17:26:53','2020-05-18 17:27:38'),(282,2,'経費削減計画',NULL,'#82cddd','2020-05-18 17:38:11','2020-05-18 17:38:23'),(292,2,'新ひたちファーム',NULL,'#89c997','2020-05-18 17:40:06','2020-05-18 17:40:26'),(302,2,'美野里パッキング工場',NULL,'#d4d9df','2020-05-18 17:53:32','2020-05-18 17:54:03'),(312,2,'イセ食品',NULL,'#89c997','2020-05-18 17:53:36','2020-05-18 17:54:12'),(322,2,'小野ファーム',NULL,'#89c997','2020-05-18 17:56:36','2020-05-18 17:57:13'),(332,2,'イセファーム東北',NULL,'#89c997','2020-05-18 18:05:11','2020-05-18 18:06:08'),(342,2,'色麻コンポスト',NULL,'#d4d9df','2020-05-18 18:05:16','2020-05-18 18:06:14'),(352,2,'首都圏リース',NULL,'#fdd35c','2020-05-18 18:05:19','2020-05-18 18:06:17'),(372,2,'ケン・コーポレーション',NULL,'#fdd35c','2020-05-19 10:06:02','2020-05-19 10:06:16'),(382,2,'ホトラコ・アグリ',NULL,'#fdd35c','2020-05-19 10:12:35','2020-05-19 10:12:58'),(392,2,'海外送金',NULL,'#82cddd','2020-05-19 10:12:44','2020-05-19 10:13:04'),(402,2,'色麻液卵工場',NULL,'#d4d9df','2020-05-19 11:28:06','2020-05-19 11:34:55'),(412,2,'フロンティアエンジニアリング',NULL,'#fdd35c','2020-05-19 11:28:27','2020-05-19 11:34:59'),(422,2,'岩井機械工業',NULL,'#fdd35c','2020-05-19 11:33:49','2020-05-19 11:35:06'),(432,2,'関東営業',NULL,'#d4d9df','2020-05-19 11:44:38','2020-05-19 11:45:18'),(442,2,'本宏製作所',NULL,'#fdd35c','2020-05-19 11:44:50','2020-05-19 11:45:22'),(452,2,'JA三井リース',NULL,'#fdd35c','2020-05-19 16:54:44','2020-05-19 16:54:44'),(462,2,'足利銀行',NULL,'#fdd35c','2020-05-19 17:48:29','2020-05-19 17:49:09'),(472,2,'資金借入／返済',NULL,'#82cddd','2020-05-19 17:48:39','2020-05-20 10:47:02'),(482,2,'資金移動',NULL,'#82cddd','2020-05-19 17:48:49','2020-05-19 17:49:20'),(502,2,'資料送付',NULL,'#82cddd','2020-05-19 17:59:46','2020-05-19 18:00:16'),(512,2,'謄本／印鑑証明',NULL,'#82cddd','2020-05-19 18:03:35','2020-05-20 10:46:32'),(522,2,'イセ㈱',NULL,'#89c997','2020-05-20 10:22:36','2020-05-20 10:46:39'),(542,2,'群馬銀行',NULL,'#fdd35c','2020-05-20 13:13:32','2020-05-21 09:11:47'),(552,2,'三菱UFJリース',NULL,'#fdd35c','2020-05-20 17:48:05','2020-05-21 09:11:36'),(562,2,'東銀リース',NULL,'#fdd35c','2020-05-20 17:57:10','2020-05-21 09:11:54'),(572,2,'イオン銀行',NULL,'#fdd35c','2020-05-21 09:41:17','2020-05-21 18:30:56'),(582,2,'つくばファーム',NULL,'#89c997','2020-05-21 18:41:58','2020-05-21 18:45:45'),(592,2,'給与',NULL,'#82cddd','2020-05-22 10:16:02','2020-05-22 16:51:50'),(602,2,'千葉孵化場',NULL,'#89c997','2020-05-22 16:46:42','2020-05-22 16:51:56'),(612,2,'関東種鶏',NULL,'#d4d9df','2020-05-25 17:40:31','2020-05-25 17:49:54'),(622,2,'登記関連業務',NULL,'#82cddd','2020-05-25 17:48:40','2020-05-25 17:49:58'),(632,2,'美咲ファーム',NULL,'#89c997','2020-05-25 17:48:51','2020-05-25 17:49:50'),(642,2,'みずほ銀行',NULL,'#fdd35c','2020-05-26 14:48:19','2020-05-26 15:14:23'),(652,2,'業務改善',NULL,'#82cddd','2020-05-26 17:23:35','2020-05-27 15:03:53'),(662,2,'昭和リース',NULL,'#fdd35c','2020-05-27 15:20:49','2020-05-27 18:19:40'),(672,2,'色麻パッキング工場',NULL,'#d4d9df','2020-05-27 15:20:59','2020-05-27 18:19:45'),(682,2,'関西法律特許事務所',NULL,'#fdd35c','2020-05-27 18:18:57','2020-05-27 18:19:52'),(702,2,'評価制度',NULL,'#82cddd','2020-05-28 15:07:59','2020-05-28 15:08:18'),(712,2,'三菱UFJ銀行',NULL,'#fdd35c','2020-06-01 12:00:23','2020-06-01 17:39:01'),(722,2,'EGGパワー第六',NULL,'#89c997','2020-06-01 18:15:22','2020-06-02 09:19:59'),(732,2,'唐津農場',NULL,'#d4d9df','2020-06-01 18:26:20','2020-06-02 09:20:03'),(742,2,'外出',NULL,'#82cddd','2020-06-02 09:17:48','2020-06-11 09:12:35'),(752,2,'ぐんぎんリース',NULL,'#fdd35c','2020-06-02 18:46:05','2020-06-02 18:46:39'),(762,2,'ACSリース',NULL,'#fdd35c','2020-06-03 14:19:28','2020-06-04 09:13:01'),(772,2,'森屋農場',NULL,'#89c997','2020-06-03 18:04:32','2020-06-04 09:12:57'),(782,2,'伊勢農場',NULL,'#89c997','2020-06-04 16:35:08','2020-06-08 09:29:04'),(792,2,'製造本部',NULL,'#d4d9df','2020-06-04 17:23:05','2020-06-08 09:29:10'),(802,2,'NECキャピタルソリューション',NULL,'#fdd35c','2020-06-04 17:29:59','2020-06-08 09:29:15'),(812,2,'イセたまご研究所',NULL,'#d4d9df','2020-06-04 17:30:02','2020-06-08 09:29:25'),(822,2,'エッグドリーム八千代',NULL,'#89c997','2020-06-08 17:58:07','2020-06-08 18:03:46'),(832,2,'東京商工リサーチ',NULL,'#fdd35c','2020-06-08 18:08:59','2020-06-09 12:05:00'),(842,2,'わかば経営会計',NULL,'#fdd35c','2020-06-08 18:15:59','2020-06-09 12:05:06'),(852,2,'日本政策金融公庫（農林）',NULL,'#fdd35c','2020-06-08 18:28:04','2020-06-09 12:05:10'),(862,2,'経営改善計画',NULL,'#82cddd','2020-06-09 13:41:55','2020-06-10 09:18:11'),(872,2,'松村物産',NULL,'#fdd35c','2020-06-09 16:33:22','2020-06-10 09:18:25'),(882,2,'名古屋営業所',NULL,'#d4d9df','2020-06-09 16:33:37','2020-06-10 09:18:30'),(892,2,'岡山液卵工場',NULL,'#d4d9df','2020-06-10 15:20:38','2020-06-11 09:12:08'),(902,2,'商工組合中央金庫',NULL,'#fdd35c','2020-06-10 18:01:25','2020-06-25 20:10:12'),(912,2,'質問事項',NULL,'#82cddd','2020-06-12 11:58:30','2020-06-12 16:02:44'),(922,2,'ISEパワー',NULL,'#fdd35c','2020-06-12 18:17:40','2020-06-12 18:19:07'),(932,2,'EGGパワー第三',NULL,'#89c997','2020-06-12 18:18:14','2020-06-12 18:19:14'),(942,2,'ISEエネルギー',NULL,'#89c997','2020-06-12 18:18:28','2020-06-12 18:19:18'),(952,2,'イセファーム・ソーラー',NULL,'#89c997','2020-06-12 18:18:45','2020-06-12 18:19:22'),(962,2,'東京交通会館',NULL,'#fdd35c','2020-06-12 18:24:04','2020-06-12 18:51:34'),(972,2,'調印申請',NULL,'#82cddd','2020-06-15 09:44:45','2020-06-17 09:18:57'),(982,2,'液卵加工食品本部',NULL,'#d4d9df','2020-06-16 16:39:47','2020-06-17 09:19:03'),(1002,2,'福井銀行',NULL,'#fdd35c','2020-06-16 16:53:03','2020-06-17 09:19:27'),(1012,2,'下古内農場',NULL,'#d4d9df','2020-06-19 17:53:37','2020-06-19 18:15:57'),(1022,2,'霞ヶ浦農場',NULL,'#d4d9df','2020-06-19 17:53:42','2020-06-19 18:16:01'),(1032,2,'九州営業所',NULL,'#d4d9df','2020-06-22 15:08:11','2020-06-23 09:00:09'),(1042,2,'原農場',NULL,'#d4d9df','2020-06-22 15:08:52','2020-06-23 09:00:03'),(1052,2,'桑名農場',NULL,'#d4d9df','2020-06-22 15:12:59','2020-06-23 09:00:14'),(1062,2,'西日本シティ銀行',NULL,'#fdd35c','2020-06-24 19:47:25','2020-06-25 14:16:19'),(1072,2,'アイアート',NULL,'#89c997','2020-06-25 09:59:30','2020-06-25 14:16:13'),(1082,2,'イセ・エメラルドウェイ',NULL,'#89c997','2020-06-25 18:08:32','2020-06-25 20:09:35'),(1092,2,'トーチクPK',NULL,'#d4d9df','2020-06-25 19:07:27','2020-06-25 20:09:40'),(1102,2,'埼玉縣信用金庫',NULL,'#fdd35c','2020-06-26 19:39:26','2020-06-29 10:35:50'),(1121,2,'レビュー',NULL,'#82cddd','2020-06-29 10:41:53','2020-06-29 10:51:17'),(1131,2,'ブログ',NULL,'#82cddd','2020-06-29 10:42:15','2020-06-29 10:42:15'),(1141,2,'書籍',NULL,'#c7a5cc','2020-06-29 10:42:54','2020-06-29 10:42:54'),(1151,2,'P財政',NULL,'#c7a5cc','2020-06-29 10:48:58','2020-06-29 10:48:58'),(1161,2,'ルーチンワーク','原則毎日やるタスク','#82cddd','2020-06-29 11:41:19','2020-06-29 11:41:19'),(1171,2,'買い物',NULL,'#82cddd','2020-06-29 13:03:43','2020-06-29 13:03:43'),(1181,2,'P契約関連',NULL,'#82cddd','2020-06-29 13:05:20','2020-06-29 13:05:20'),(1191,2,'人間関係',NULL,'#c7a5cc','2020-06-29 13:07:04','2020-06-29 13:07:04'),(1201,2,'資格試験',NULL,'#c7a5cc','2020-06-29 13:13:22','2020-06-29 13:13:22'),(1211,2,'健康維持／体力づくり',NULL,'#c7a5cc','2020-06-29 13:16:34','2020-06-29 13:16:34'),(1221,2,'開発',NULL,'#82cddd','2020-06-29 13:19:57','2020-06-29 13:19:57'),(1231,2,'バグフィックス',NULL,'#c7a5cc','2020-06-29 13:27:15','2020-06-29 13:27:15'),(1241,2,'基本機能',NULL,'#c7a5cc','2020-06-29 13:48:44','2020-06-29 14:26:16'),(1251,2,'ライフプラン',NULL,'#c7a5cc','2020-06-29 14:16:07','2020-06-29 14:26:22'),(1261,2,'映画',NULL,'#c7a5cc','2020-06-29 14:17:08','2020-06-29 14:17:08'),(1271,2,'環境改善',NULL,'#82cddd','2020-06-29 14:18:40','2020-06-29 14:18:40'),(1281,2,'機能追加',NULL,'#c7a5cc','2020-06-29 15:31:39','2020-06-29 15:31:39'),(1291,2,'ゲーム',NULL,'#c7a5cc','2020-06-29 16:06:57','2020-06-29 17:25:07');
/*!40000 ALTER TABLE `tags` ENABLE KEYS */;
UNLOCK TABLES;

--
-- Table structure for table `tasks`
--

DROP TABLE IF EXISTS `tasks`;
/*!40101 SET @saved_cs_client     = @@character_set_client */;
/*!40101 SET character_set_client = utf8 */;
CREATE TABLE `tasks` (
  `id` int(10) unsigned NOT NULL AUTO_INCREMENT,
  `user_id` int(10) unsigned NOT NULL,
  `project_id` int(10) unsigned NOT NULL,
  `name` varchar(191) COLLATE utf8mb4_unicode_ci NOT NULL,
  `overview` text COLLATE utf8mb4_unicode_ci,
  `priority` tinyint(4) NOT NULL COMMENT '優先度',
  `difficulty` tinyint(4) NOT NULL COMMENT '難易度',
  `start_date` datetime NOT NULL DEFAULT '2020-05-14 23:21:20' COMMENT '開始日時',
  `dead_line` datetime NOT NULL COMMENT '締切',
  `is_template` tinyint(1) NOT NULL DEFAULT '0' COMMENT 'テンプレートファイル',
  `created_at` timestamp NULL DEFAULT NULL,
  `updated_at` timestamp NULL DEFAULT NULL,
  PRIMARY KEY (`id`),
  KEY `tasks_user_id_foreign` (`user_id`),
  KEY `tasks_project_id_foreign` (`project_id`),
  CONSTRAINT `tasks_project_id_foreign` FOREIGN KEY (`project_id`) REFERENCES `projects` (`id`) ON DELETE CASCADE,
  CONSTRAINT `tasks_user_id_foreign` FOREIGN KEY (`user_id`) REFERENCES `users` (`id`)
) ENGINE=InnoDB AUTO_INCREMENT=4161 DEFAULT CHARSET=utf8mb4 COLLATE=utf8mb4_unicode_ci;
/*!40101 SET character_set_client = @saved_cs_client */;

--
-- Dumping data for table `tasks`
--

LOCK TABLES `tasks` WRITE;
/*!40000 ALTER TABLE `tasks` DISABLE KEYS */;
INSERT INTO `tasks` VALUES (42,2,2,'富士たまご支払予定表更新',NULL,1,1,'2020-05-15 00:50:02','2020-05-15 10:50:18',0,'2020-05-15 09:50:02','2020-05-15 09:50:23'),(52,2,2,'日本政策金融公庫（中小）の変更契約証書をメールで送付','送付先\n　イセ食品→張さん、大西さん、十河部長、新島さん\n　イセ㈱→市野課長、大西さん、十河部長、新島さん',1,1,'2020-05-14 23:21:20','2020-05-15 10:53:38',0,'2020-05-15 09:54:33','2020-05-15 10:00:07'),(62,2,2,'ルーチンワーク',NULL,3,1,'2020-05-14 23:21:20','2020-05-15 17:30:00',1,'2020-05-15 10:11:22','2020-05-15 10:19:08'),(72,2,2,'ルーチンワーク',NULL,3,1,'2020-05-14 23:21:20','2020-05-15 17:30:00',0,'2020-05-15 10:19:13','2020-05-15 10:19:13'),(82,2,2,'はやま農場追加担保設定',NULL,3,2,'2020-05-14 23:21:20','2020-05-22 10:53:23',0,'2020-05-15 10:53:26','2020-05-15 10:53:26'),(92,2,2,'本を買う',NULL,1,1,'2020-05-15 02:05:06','2020-05-15 15:00:00',0,'2020-05-15 11:05:06','2020-05-15 11:05:51'),(102,2,2,'印鑑証明／謄本送付（菊間さん）','イセ食品謄本×1',3,1,'2020-05-15 02:45:16','2020-05-15 14:45:16',0,'2020-05-15 11:45:16','2020-05-15 11:48:55'),(112,2,2,'支払作成（細田先生、食品分）','イセ食品役員更改登記（2020年1月15日請求分）',4,1,'2020-05-14 23:21:20','2020-05-15 12:00:00',0,'2020-05-15 11:57:00','2020-05-15 11:57:00'),(122,2,2,'支払作成（細田先生、イセアセアン役員更改）','イセ食品役員更改登記（2020年1月15日請求分）',1,1,'2020-05-14 23:21:20','2020-05-15 14:01:57',0,'2020-05-15 13:02:13','2020-05-15 13:02:13'),(132,2,2,'リース買取','契約番号：\n物件名：\n設置場所：\n満了日：',2,2,'2020-05-15 13:26:00','2020-05-21 12:00:00',1,'2020-05-15 13:27:11','2020-06-12 18:14:54'),(142,2,2,'リース買取（高圧コンテナ洗浄機）','設置場所：岡山パッキング工場\n終了日：2020年6月24日\nリース会社：三井住友ファイナンス＆リース\n買取価格：306,900円（税込）',2,2,'2020-05-15 13:26:00','2020-05-21 12:00:00',0,'2020-05-15 13:28:05','2020-05-27 18:16:49'),(152,2,2,'リース買取（端末ライン単品設置B）','設置場所：岡山パッキング工場\n終了日：2020年6月24日\nリース会社：三井住友ファイナンス＆リース\n買取価格：427,350円（税込）',2,2,'2020-05-15 13:26:00','2020-05-21 12:00:00',0,'2020-05-15 13:30:00','2020-05-27 18:16:17'),(162,2,2,'リース買取（卵パック用縦型ロボットケーサー）','設置場所：岡山パッキング工場\n終了日：2020年6月24日\nリース会社：三井住友ファイナンス＆リース\n買取価格：730,950円（税込）',2,2,'2020-05-15 13:26:00','2020-05-21 12:00:00',0,'2020-05-15 13:30:50','2020-05-27 18:15:29'),(172,2,2,'リース買取（アメリカントレースタッカー）','設置場所：岡山パッキング工場\n終了日：\nリース会社：JA三井リース\n買取価格：317,856円（税込）',2,2,'2020-05-15 13:26:00','2020-05-21 12:00:00',0,'2020-05-15 13:31:27','2020-06-04 10:48:20'),(182,2,2,'富士たまごの高齢者雇用補助金入金先確認（あおぞらでよいか）','通帳PDFを高橋部長に送る',1,1,'2020-05-14 23:21:20','2020-05-15 14:38:39',0,'2020-05-15 13:38:42','2020-05-15 13:38:42'),(192,2,2,'リース買取（鶏糞堆肥用自動計量包装設備）','設置場所：与沢コンポスト\n終了日：\nリース会社：東京センチュリー\n買取価格：469,920円（税込）',2,2,'2020-05-15 13:26:00','2020-05-21 12:00:00',0,'2020-05-15 13:45:09','2020-05-15 13:46:34'),(202,2,2,'鶏割賦契約更新（かすみがうら農場）',NULL,4,2,'2020-05-14 23:21:20','2020-05-18 12:00:00',0,'2020-05-15 13:48:48','2020-05-15 13:48:48'),(212,2,2,'鶏割賦契約（かすみがうら農場、2020年4月分）','羽数：10,145羽\n売買金額：7,030,485円（税込）',4,2,'2020-05-14 23:21:20','2020-05-19 12:00:00',0,'2020-05-15 13:52:18','2020-05-15 13:52:18'),(222,2,2,'資料送付（東和銀行）','中川さん、メール',3,1,'2020-05-14 23:21:20','2020-05-15 15:01:24',0,'2020-05-15 14:01:27','2020-05-15 14:01:27'),(232,2,2,'謄本／印鑑証明送付（富士たまご）','各1通、小池次長\n在庫がないので取得',3,1,'2020-05-18 09:00:00','2020-05-18 16:00:00',0,'2020-05-15 16:09:58','2020-05-21 09:16:31'),(242,2,2,'調印作成（富山信用金庫シローン元本繰延）','各1通、小池次長',3,1,'2020-05-15 16:09:00','2020-05-15 16:30:00',0,'2020-05-15 16:12:52','2020-05-15 16:12:52'),(262,2,2,'支払依頼書作成（豊通エサ代）',NULL,3,3,'2020-05-15 09:02:05','2020-05-15 21:02:05',0,'2020-05-15 18:02:21','2020-05-15 18:02:21'),(272,2,2,'調印申請作成（芝共同組合）',NULL,3,1,'2020-05-15 09:02:55','2020-05-15 21:02:55',0,'2020-05-15 18:02:55','2020-05-15 18:09:13'),(282,2,2,'支払依頼書作成（太陽光O&M）',NULL,2,1,'2020-05-15 09:04:10','2020-05-22 12:00:00',0,'2020-05-15 18:04:11','2020-05-18 11:32:27'),(292,2,2,'印鑑証明書送付（小番さん）','イセ食品×1',2,1,'2020-05-15 09:08:30','2020-05-15 21:08:30',0,'2020-05-15 18:08:30','2020-05-15 18:08:51'),(302,2,2,'FCカード請求書送付','メール文面\n\n各位\n \nお疲れ様です。\n表題の件につきまして、資料の方送ります。\nご確認下さい。\n\n現在申請中のカードは以下の通りです。\n\n■新規申請中\n１　土浦502つ9664（イセ食品㈱ 製造本部）\n　\n■管理移動中\n\n■磁気不良交換中\nなし\n\n■廃止手続中（東京財務部までカードの返却をお願いします）　\n\n\n以上、よろしくお願いいたします。',2,2,'2020-05-15 09:09:38','2020-05-18 12:00:00',1,'2020-05-15 18:09:40','2020-05-18 17:08:46'),(312,2,2,'時間外申請書作成（2020年6月分）',NULL,2,1,'2020-05-15 09:12:27','2020-05-15 21:12:27',0,'2020-05-15 18:12:28','2020-05-15 18:12:51'),(322,2,2,'ルーチンワーク（2020-05-18）',NULL,3,1,'2020-05-18 09:00:00','2020-05-18 18:00:00',0,'2020-05-18 09:12:04','2020-05-18 13:34:32'),(332,2,2,'トーチク決算書圧縮',NULL,3,2,'2020-05-18 01:07:30','2020-05-18 11:07:43',0,'2020-05-18 10:07:31','2020-05-18 10:07:45'),(352,2,2,'決算書送付（[送付先]）','16社',3,2,'2020-05-18 10:00:00','2020-05-18 17:00:00',1,'2020-05-18 10:11:23','2020-05-18 10:14:53'),(362,2,2,'決算書送付（住友銀行）','16社、篠木さんあて、メール',3,2,'2020-05-18 10:00:00','2020-06-03 14:11:41',0,'2020-05-18 10:14:58','2020-05-20 14:11:44'),(372,2,2,'FCカード廃止（福岡46す7720）','なぜか2枚ある。宗像農場',1,1,'2020-05-14 23:21:20','2020-05-21 13:00:00',0,'2020-05-18 13:25:06','2020-05-18 13:25:50'),(382,2,2,'税金支払','イセ・フェニックス、イセ・アセアン、窓口',4,2,'2020-05-18 04:29:54','2020-05-18 14:30:29',0,'2020-05-18 13:29:54','2020-05-18 13:30:33'),(392,2,2,'FCカード請求書送付（2020年4月分）','メール文面\n\n各位\n \nお疲れ様です。\n表題の件につきまして、資料の方送ります。\nご確認下さい。\n\n現在申請中のカードは以下の通りです。\n\n■新規申請中\n１　土浦502つ9664（イセ食品㈱ 製造本部）\n　\n■管理移動中\n\n■磁気不良交換中\nなし\n\n■廃止手続中（東京財務部までカードの返却をお願いします）　\n\n\n以上、よろしくお願いいたします。',2,2,'2020-05-15 09:09:38','2020-05-18 12:00:00',0,'2020-05-18 15:59:23','2020-05-18 15:59:23'),(402,2,2,'決算書送付（粉川さん）','イセファーム決算書3期分',3,2,'2020-05-18 07:19:05','2020-05-19 12:00:00',0,'2020-05-18 16:19:05','2020-05-18 16:19:37'),(412,2,2,'FCカード新規（福岡400ま4955、宗像農場）',NULL,2,2,'2020-05-18 08:21:38','2020-05-21 18:00:00',0,'2020-05-18 17:21:39','2020-05-18 17:21:57'),(422,2,2,'支払依頼書作成（豊通エサ、2020年5月19日）','1,784,950円（税込）',3,1,'2020-05-18 08:23:54','2020-05-18 18:00:00',0,'2020-05-18 17:23:55','2020-05-18 17:24:26'),(432,2,2,'決算書送付（あおぞら、2社）',NULL,2,1,'2020-05-18 08:26:18','2020-05-25 17:26:34',0,'2020-05-18 17:26:19','2020-05-18 17:26:37'),(452,2,2,'支払チェック','2020年5月分',2,1,'2020-05-18 08:39:20','2020-05-21 18:00:00',0,'2020-05-18 17:39:20','2020-05-19 09:59:18'),(462,2,2,'空調機の設置の件について大浪工場長に連絡',NULL,3,3,'2020-05-19 09:30:00','2020-05-19 15:00:00',0,'2020-05-18 17:51:06','2020-05-18 17:51:34'),(472,2,2,'支払（小野ファーム）','米田先生の源泉所得税（8,168円）',3,2,'2020-05-14 23:21:20','2020-05-19 11:00:00',0,'2020-05-18 17:56:20','2020-05-18 17:56:20'),(482,2,2,'リース買取（造粒鶏糞自動包装パレタイジング設備、色麻コンポスト）','首都圏リース\n2020年4月28日満了分\n全体で132万円（税込）\n\n2020-05-29　口頭で正式見積依頼。再リース料が引き落とされているため、差額を振り込む形。首都圏リースの方でも稟議が必要なため、6月1日、2日で社内稟議を行う。',4,3,'2020-04-01 00:00:00','2020-06-02 13:00:00',0,'2020-05-18 18:05:01','2020-05-29 13:59:52'),(492,2,2,'ルーチンワーク（2020年5月19日）',NULL,3,1,'2020-05-19 09:05:00','2020-05-19 17:30:00',0,'2020-05-19 09:04:59','2020-05-19 14:36:27'),(502,2,2,'支払依頼書作成（ケン・コーポレーション）','ISEビル\n786,637円、770,818円、11,000円',1,1,'2020-05-19 10:05:00','2020-05-19 11:00:00',0,'2020-05-19 10:05:41','2020-05-19 10:05:41'),(512,2,2,'海外送金資料作成（新ひたち→ホトラコ）','Hotraco Agri BV\n€711.72',2,2,'2020-05-19 10:12:00','2020-05-19 12:00:00',0,'2020-05-19 10:12:20','2020-05-19 10:12:20'),(522,2,2,'リース新規（液卵殺菌装置、色麻液卵）','オーロラエッグ①\nリースバック',4,3,'2020-05-19 11:27:00','2020-09-10 09:53:41',0,'2020-05-19 11:27:49','2020-06-10 09:53:42'),(532,2,2,'リース新規（液卵設備増設、色麻液卵）','オーロラエッグ②\nリースバック\n2/3支払い 2020年6月１日（36,600,000円）',4,3,'2020-05-19 11:27:00','2020-09-10 09:54:13',0,'2020-05-19 11:33:32','2020-06-10 09:54:15'),(542,2,2,'割賦バック新規（ロール520台、関東営業）','本宏製作所\n特注3段400台（ライフコーポレーション向け）\n特注4段120台（シジシージャパン／ツルヤ向け）',4,4,'2020-05-19 11:44:00','2020-05-22 13:00:00',0,'2020-05-19 11:44:29','2020-05-19 11:44:29'),(552,2,2,'支払いチェック（イセ食品）','2020年5月21日',3,1,'2020-05-14 23:21:20','2020-05-19 13:30:00',0,'2020-05-19 12:57:21','2020-05-19 12:57:21'),(562,2,2,'FCカード管理移動（水戸400に7693）','内容について八木さんに確認\n請求先と管理先が紐付いているので難しい旨',3,1,'2020-05-14 23:21:20','2020-05-20 11:00:00',0,'2020-05-19 17:43:56','2020-05-19 17:43:56'),(572,2,2,'資料送付（SMFL）','かすみがうら農場2020年1月期決算書（製造原価明細）',2,2,'2020-05-19 08:44:54','2020-05-20 11:00:00',0,'2020-05-19 17:44:55','2020-05-19 17:45:47'),(582,2,2,'足利利息返済','足利銀行のシローン口座に1,477,349円入金（29日まで）\n利息返済金額：1,646,746円（丁度になるように入れる）',1,1,'2020-05-27 10:00:00','2020-05-28 12:00:00',0,'2020-05-19 17:46:53','2020-05-25 17:39:14'),(592,2,2,'支払依頼書作成（豊通エサ代、2020年5月20日）',NULL,4,1,'2020-05-19 08:51:30','2020-05-19 20:51:30',0,'2020-05-19 17:51:31','2020-05-19 17:51:42'),(602,2,2,'色麻農場鶏割賦（2020年4月分）','羽数：97,337羽\n売買金額：66,391,934円（税込）',2,2,'2020-05-19 17:52:00','2020-05-20 18:00:00',0,'2020-05-19 17:54:14','2020-05-19 17:54:14'),(612,2,2,'つくばファーム鶏割賦（2020年4月分）','羽数：52,488羽\n売買金額：35,986,753円（税込）',2,2,'2020-05-19 17:52:00','2020-05-20 18:00:00',0,'2020-05-19 17:55:18','2020-05-19 17:57:22'),(622,2,2,'資料送付（足利銀行、元本弁済留保）','「元本弁済を留保することについて」\n足利銀行・小林次長にメールと宅急便で送る',3,1,'2020-05-19 08:58:24','2020-05-19 20:58:24',0,'2020-05-19 17:58:25','2020-05-19 17:59:31'),(632,2,2,'謄本／印鑑証明（手塚さん）','イセ食品×1',3,1,'2020-05-19 09:03:05','2020-05-19 21:03:05',0,'2020-05-19 18:03:06','2020-05-19 18:03:23'),(642,2,2,'ルーチンワーク（2020年5月20日）',NULL,3,1,'2020-05-20 09:17:00','2020-05-20 17:00:00',0,'2020-05-20 09:17:11','2020-05-20 10:47:41'),(652,2,2,'富士たまご支払',NULL,3,1,'2020-05-20 00:17:54','2020-05-20 12:00:00',0,'2020-05-20 09:17:55','2020-05-20 09:57:57'),(662,2,2,'新規リース（空調機、美野里PK）','契約番号：P0140409\n物件名：中低温エアコン 天吊形\n物件内訳：LSVLP10C　2台、制御ボックス　2台、リモコン　2台\n物件価格：9,000,000円（税込）\n設置場所：美野里パッキング工場\nリース会社：JA三井リース㈱\n契約日：2020年6月3日\n検収日：2020年5月17日\nリース料：139,799円（税込／月）\n期間：6年（72回）\n\n検収済み、6月末払い\n減価償却でやるとの連絡あり。金額が大きいので部長に相談。\nSMFL→不可\nJA三井→可\n\n2020-06-03　奏和に相談したところ19日払にしてほしいとの事。JA三井了解。最速で進めれば可能。',3,2,'2020-05-20 10:10:00','2020-06-03 10:10:35',0,'2020-05-20 10:10:38','2020-06-11 15:44:41'),(672,2,2,'あおぞらシローン利息支払','月末までに利息分ぴったりになるように入金\nイセ㈱ 3022099　1,787,898円\nイセ㈱ 0038665　1,935,040円\nイセ㈱ 0044321　4,218,093円\n富士たまご 0050427　13,326,995円',2,2,'2020-05-28 09:00:00','2020-05-28 11:00:00',0,'2020-05-20 10:21:53','2020-05-26 10:59:36'),(682,2,2,'決算書送付（東和銀行）','16社\n中川さん\nメール',3,2,'2020-05-20 13:03:00','2020-06-03 14:22:21',0,'2020-05-20 13:03:31','2020-05-20 14:22:22'),(692,2,2,'資料送付（群馬銀行）','津金澤さん、メール',3,2,'2020-05-14 23:21:20','2020-05-20 17:00:00',0,'2020-05-20 13:12:58','2020-05-20 13:12:58'),(702,2,2,'かすみがうら報告書（三菱UFJリース）','なんかめんどくさいけどやらないといけない感じ',4,4,'2020-05-14 23:21:20','2020-05-21 12:00:00',0,'2020-05-20 17:47:47','2020-05-20 17:47:47'),(712,2,2,'決算書送付（東銀リース）','16社＋連結＋借入明細',3,2,'2020-05-20 17:56:00','2020-05-26 18:00:00',0,'2020-05-20 17:56:15','2020-05-20 17:56:54'),(722,2,2,'支払依頼書作成（豊通エサ代、2020年5月21日）','金額：409,101円（税込）',3,3,'2020-05-20 18:01:00','2020-05-21 10:00:00',0,'2020-05-20 18:01:18','2020-05-20 18:02:09'),(732,2,2,'富士たまご支払（2020年5月21日）','2件',3,1,'2020-05-21 09:00:00','2020-05-21 12:00:00',0,'2020-05-20 18:03:27','2020-05-20 18:03:27'),(742,2,2,'ルーチンワーク（2020年5月21日）',NULL,3,1,'2020-05-21 09:13:00','2020-05-21 17:00:00',0,'2020-05-21 09:13:06','2020-05-21 09:13:32'),(752,2,2,'謄本／印鑑証明送付（はやま農場）','各1通、小池次長\n謄本の在庫がないので取得',3,1,'2020-05-18 09:00:00','2020-05-18 16:00:00',0,'2020-05-21 09:16:38','2020-05-21 09:17:03'),(772,2,2,'試算表送付（イオン銀行）','イセ食品単体直近（3月or4月）',3,2,'2020-05-21 00:40:19','2020-05-21 12:40:19',0,'2020-05-21 09:40:20','2020-05-21 09:40:52'),(782,2,2,'資料送付（あおぞら銀行）','かすみがうら農場試算表（2019年7月期）',1,1,'2020-05-21 15:59:00','2020-05-21 16:30:00',0,'2020-05-21 15:59:57','2020-05-21 15:59:57'),(792,2,2,'支払依頼書作成（豊通エサ代、2020年5月22日）','金額：933,385円（税込）',3,3,'2020-05-21 17:38:00','2020-05-21 10:00:00',0,'2020-05-21 17:38:13','2020-05-21 17:38:48'),(802,2,2,'ルーチンワーク（2020年5月22日）',NULL,3,1,'2020-05-22 10:11:00','2020-05-22 22:11:45',0,'2020-05-22 10:11:21','2020-05-22 10:11:47'),(822,2,2,'富士たまご給与準備','振込手数料は220円／件',3,3,'2020-05-22 10:15:00','2020-05-25 11:00:00',0,'2020-05-22 10:15:49','2020-05-25 13:38:28'),(832,2,2,'支払チェック（25日分）',NULL,3,1,'2020-05-22 15:06:00','2020-05-22 15:30:00',0,'2020-05-22 15:06:32','2020-05-22 15:06:32'),(842,2,2,'質問回答（三井住友銀行）','イセ食品の保証債務額→7,008百万円',1,2,'2020-05-22 07:00:39','2020-05-22 19:00:39',0,'2020-05-22 16:00:40','2020-05-25 17:30:27'),(852,2,2,'支払依頼書作成（豊通エサ、日付）','金額：円',3,1,'2020-05-22 16:28:00','2020-05-22 18:00:00',1,'2020-05-22 16:28:51','2020-06-11 09:51:11'),(862,2,2,'千葉孵化場返済処理（あおぞら銀行）','払戻請求書作成（金額：222,761円、受取方法・その他：「約定元利金等に対する充当の順序方法未定の内入金」）',3,1,'2020-05-22 16:28:00','2020-05-22 18:00:00',0,'2020-05-22 16:46:14','2020-05-22 16:46:14'),(872,2,2,'富士たまご総合振込','27日：IB設定、払戻請求書送付\n29日：総振実行\n平和堂の支払に変更あり',4,3,'2020-05-22 16:28:00','2020-05-27 15:00:00',0,'2020-05-22 16:48:47','2020-05-25 15:22:46'),(882,2,2,'資料送付（三菱UFJリース）',NULL,3,1,'2020-05-22 16:50:00','2020-05-22 18:00:00',0,'2020-05-22 16:50:19','2020-05-22 16:50:38'),(892,2,2,'支払依頼書作成（豊通エサ）','金額：331,848円',3,1,'2020-05-22 16:28:00','2020-05-22 18:00:00',0,'2020-05-22 16:52:40','2020-05-22 16:52:40'),(902,2,2,'借入返済金計算書（あおぞらシローン）',NULL,4,2,'2020-05-22 16:54:00','2020-05-25 12:00:00',0,'2020-05-22 16:54:28','2020-05-25 14:06:18'),(912,2,2,'ルーチンワーク（2020-05-25）',NULL,3,1,'2020-05-25 09:08:00','2020-05-25 17:00:00',0,'2020-05-25 09:08:03','2020-05-25 09:08:40'),(922,2,2,'グループ給与手配（2020年5月分）',NULL,4,3,'2020-05-25 10:03:00','2020-05-26 11:00:00',0,'2020-05-25 10:03:53','2020-05-25 16:11:37'),(932,2,2,'資料送付（群馬銀行）',NULL,2,2,'2020-05-25 10:03:00','2020-05-28 10:43:46',0,'2020-05-25 10:43:58','2020-05-25 10:43:58'),(942,2,2,'かすみがうら鶏割賦契約（2020年4月分）資料修正','イセファームの請求書',4,1,'2020-05-25 10:03:00','2020-05-25 15:00:00',0,'2020-05-25 11:57:55','2020-05-25 11:57:55'),(952,2,2,'富士たまご給与準備','IB設定承認：\n伝票必着日：\n資金引落：\n振込日：\n振込手数料は220円／件',3,3,'2020-05-22 10:15:00','2020-05-25 11:00:00',1,'2020-05-25 13:49:58','2020-06-22 13:38:58'),(962,2,2,'質問回答（三菱UFJリース）','かすみがうら農場2020年1月期の製造原価のその他経費の増加要因について',3,3,'2020-05-14 23:21:20','2020-05-25 18:00:00',0,'2020-05-25 15:38:01','2020-05-25 15:38:01'),(972,2,2,'グループ給与手配',NULL,4,3,'2020-05-25 10:03:00','2020-05-26 11:00:00',1,'2020-05-25 16:15:02','2020-05-25 16:15:37'),(982,2,2,'支払依頼書作成（豊通エサ、2020年5月26日払）','金額：1,178,846円',3,1,'2020-05-25 17:33:00','2020-05-25 18:00:00',0,'2020-05-25 17:33:15','2020-05-25 17:33:51'),(992,2,2,'富山信金利息返済','富山信用金庫のシローン口座に入金（29日まで）\n利息返済金額：2,856,253円',1,1,'2020-05-27 10:00:00','2020-05-28 12:00:00',0,'2020-05-25 17:38:04','2020-05-28 09:42:20'),(1002,2,2,'FCカード廃止（水戸480え2790）','関東種鶏',1,1,'2020-05-25 17:40:00','2020-05-26 18:00:00',0,'2020-05-25 17:39:34','2020-05-25 17:40:15'),(1012,2,2,'美咲ファーム役員更改','美咲ファームに「臨時株主総会議事録」、「互選書」、「印鑑（改印）届書」を送り、実印を押してもらう。\n福澤専務は東京に来た際に押してもらう。',3,3,'2020-05-25 17:48:00','2020-05-31 18:00:00',0,'2020-05-25 17:48:22','2020-05-29 16:58:34'),(1022,2,2,'イセファーム役員更改',NULL,3,3,'2020-05-25 17:48:00','2020-05-31 18:00:00',0,'2020-05-25 17:50:49','2020-05-25 17:51:00'),(1032,2,2,'富士たまご役員更改',NULL,3,3,'2020-05-25 17:48:00','2020-05-31 18:00:00',0,'2020-05-25 17:51:31','2020-05-25 17:52:09'),(1042,2,2,'イセヒヨコ役員更改',NULL,3,3,'2020-05-25 17:48:00','2020-05-31 18:00:00',0,'2020-05-25 17:53:02','2020-05-25 17:53:13'),(1052,2,2,'ルーチンワーク',NULL,3,1,'2020-05-26 09:22:00','2020-05-26 17:00:00',0,'2020-05-26 09:22:33','2020-05-26 09:22:51'),(1062,2,2,'月末資金移動作成（2020年5月）',NULL,3,3,'2020-05-26 09:26:00','2020-05-26 20:00:00',0,'2020-05-26 09:26:28','2020-05-26 09:26:28'),(1072,2,2,'あおぞら銀行シローン遵守状況報告書',NULL,3,2,'2020-05-26 01:53:36','2020-05-29 16:00:00',0,'2020-05-26 10:47:57','2020-05-26 10:54:05'),(1082,2,2,'あおぞら金利スワップ入金','イセ食品 1587576　1,098,893円\nイセ㈱ 5009475　2,428,805円',1,1,'2020-05-28 09:00:00','2020-05-29 11:00:00',0,'2020-05-26 10:55:46','2020-05-26 10:55:46'),(1092,2,2,'支払チェック（2020年5月27日分）',NULL,3,3,'2020-05-26 04:00:59','2020-05-26 16:00:59',0,'2020-05-26 13:01:00','2020-05-26 13:01:00'),(1102,2,2,'新ひたちファーム鶏割賦（2020年4月、5月分）','契約番号：P0140406\n羽数：100,186羽\n売買代金：68,739,253円（税込）\n仕入先：\n　町下（52,656羽、35,800,963円（税込））（4月分）\n　涸沼（6,661羽、4,616,073円（税込））（4月分）\n　はやま（40,869羽、28,322,217円（税込））（5月分）\n割賦料：5,774,120円（税込／月）\n\n処理が遅れたため、4月導入分は5月検収で割賦契約を行う。\n2020年5月27日　新ひたちファーム→イセファーム、千葉孵化場へ代金支払い\n2020年6月30日　JA三井リースからイセファーム、千葉孵化場へ支払\n2020年6月30日　イセファーム、千葉孵化場から新ひたちファームへ代金戻し',4,1,'2020-05-26 16:29:00','2020-05-29 17:00:00',0,'2020-05-26 14:05:15','2020-06-11 16:54:44'),(1112,2,2,'決算書送付（あおぞら三根生さん）','変更',3,1,'2020-05-14 23:21:20','2020-05-26 15:00:00',0,'2020-05-26 14:20:38','2020-05-26 14:21:52'),(1122,2,2,'みずほe-ビジネスサイト電子証明書更新','管理者権限なので今日中',4,3,'2020-05-14 23:21:20','2020-05-26 17:00:00',0,'2020-05-26 14:48:06','2020-05-26 14:48:06'),(1132,2,2,'富士たまご給与組戻','佐藤一男さん分',4,2,'2020-05-14 23:21:20','2020-05-26 16:30:00',0,'2020-05-26 16:14:11','2020-05-26 16:14:11'),(1142,2,2,'富士たまご給与支払（単独）','4名分',4,2,'2020-05-28 09:00:00','2020-05-28 11:00:00',0,'2020-05-26 16:50:08','2020-05-28 09:06:36'),(1152,2,2,'富士たまご総合振込手順改善',NULL,2,4,'2020-05-26 08:23:09','2020-06-27 09:30:33',0,'2020-05-26 17:23:09','2020-05-27 09:30:35'),(1162,2,2,'ルーチンワーク（2020年5月27日）',NULL,3,1,'2020-05-27 09:29:00','2020-05-27 17:00:00',0,'2020-05-27 09:28:38','2020-05-27 09:30:08'),(1172,2,2,'支払依頼書作成（豊通エサ、2020年5月27日払い）','金額：442,464円',3,1,'2020-05-27 09:30:00','2020-05-27 10:00:00',0,'2020-05-27 09:29:57','2020-05-27 09:35:43'),(1182,2,2,'支払チェック（2020年5月末）',NULL,3,1,'2020-05-14 23:21:20','2020-05-27 10:00:00',0,'2020-05-27 09:34:15','2020-05-27 09:34:15'),(1192,2,2,'新ひたちファーム2020年5月鶏導入確認',NULL,3,3,'2020-05-27 00:50:55','2020-05-27 12:50:55',0,'2020-05-27 09:50:56','2020-05-27 09:50:56'),(1202,2,2,'資料送付（あおぞら銀行）','富士たまご2020年1月期銀行別借入残',3,2,'2020-05-27 10:07:00','2020-05-27 16:00:00',0,'2020-05-27 10:06:52','2020-05-27 10:07:21'),(1212,2,2,'富士たまご支払（2020年5月27日）',NULL,3,3,'2020-05-27 02:42:55','2020-05-27 14:00:00',0,'2020-05-27 11:43:03','2020-05-27 11:44:18'),(1222,2,2,'再リース処理（アクラリーテ、色麻PK、昭和リース）','2020年5月29日満了分\n調印の上送付',3,1,'2020-05-27 06:21:58','2020-05-27 17:00:00',0,'2020-05-27 15:20:29','2020-05-27 15:49:52'),(1232,2,2,'組戻依頼書送付（富士たまご）','日付を28日に訂正して送付',3,1,'2020-05-27 15:20:00','2020-05-27 16:00:00',0,'2020-05-27 15:22:27','2020-05-27 15:22:27'),(1242,2,2,'調印申請作成（群馬銀行、特定当座貸越変更契約証書）','　',1,1,'2020-05-27 15:20:00','2020-05-27 18:00:00',0,'2020-05-27 17:51:10','2020-05-28 11:06:48'),(1252,2,2,'調印申請作成（富山信用金庫、弁済元利金額通知書）','　',1,1,'2020-05-27 15:20:00','2020-05-27 18:00:00',0,'2020-05-27 17:52:18','2020-05-28 11:06:32'),(1262,2,2,'外国送金手配（新ひたち→FA）','2020年5月29日\nファーマーオートマティック\n＄4,483.52',3,1,'2020-05-27 15:20:00','2020-05-28 14:00:00',0,'2020-05-27 18:10:47','2020-05-27 18:10:47'),(1272,2,2,'支払依頼書作成（関西法律特許事務所）','支払日：2020年6月10日\n金額：2,883,550円\n口座名義：弁護士法人 関西法律特許事務所\n口座：三井住友銀行 大阪中央支店 普通 8129462',3,1,'2020-05-27 15:20:00','2020-05-27 18:30:00',0,'2020-05-27 18:18:40','2020-05-27 18:19:29'),(1282,2,2,'資料送付（特約店部、加瀬さん）','イセ食品決算書（2020年1月期、BS／PLのみ）\nメールで送付',4,1,'2020-05-14 23:21:20','2020-05-27 19:21:09',0,'2020-05-27 18:21:12','2020-05-27 18:22:01'),(1292,2,2,'ルーチンワーク（2020年5月28日）',NULL,3,1,'2020-05-28 09:05:00','2020-05-28 17:00:00',0,'2020-05-28 09:05:48','2020-05-28 09:06:15'),(1302,2,2,'支払チェック（2020年6月10日分）','かすみがうら農場',1,1,'2020-05-28 11:05:00','2020-06-03 16:00:00',0,'2020-05-28 11:05:38','2020-05-28 11:05:38'),(1312,2,2,'経費精算','　',3,1,'2020-05-28 11:05:00','2020-06-03 16:00:00',0,'2020-05-28 11:13:54','2020-05-28 11:15:05'),(1322,2,2,'資料送付（あおぞら銀行）','イセ食品単体のキャッシュフロー計算書',3,2,'2020-05-28 11:05:00','2020-06-03 16:00:00',0,'2020-05-28 12:40:01','2020-05-28 12:40:01'),(1332,2,2,'富士たまご支払（2020年5月29日）','固定資産税　→　あおぞらの窓口では取り扱い不可\n大樹生命\nベルプランニング',3,2,'2020-05-29 09:00:00','2020-05-29 14:00:00',0,'2020-05-28 14:39:57','2020-06-01 11:01:58'),(1342,2,2,'支払チェック（グループ、2020年5月末）','データ伝送分',4,1,'2020-05-14 23:21:20','2020-05-29 14:00:00',0,'2020-05-28 14:44:32','2020-05-28 14:44:32'),(1352,2,2,'リース満了処理（2020年7月分）','［買取希望］\n端末ライン単品設置 図A（岡山PK、SMFL）\n\n2020-06-12　岡山の2件買取希望連絡、昭和リースのカーブバケットコンベアは基本リースが終わったばかりなので難しい旨を連絡\n\n2020-06-16　ぐんぎんリースからファームパッカーは買取済みとの連絡あり',4,3,'2020-05-28 15:04:00','2020-06-01 16:00:00',0,'2020-05-28 15:04:57','2020-06-16 16:32:44'),(1362,2,2,'ISE-PITH（2020年第1四半期）','2020年2月～4月分',4,4,'2020-05-28 15:04:00','2020-05-29 16:00:00',0,'2020-05-28 15:07:37','2020-05-28 15:07:37'),(1372,2,2,'ルーチンワーク（2020年5月29日）',NULL,3,1,'2020-05-29 09:35:00','2020-05-29 16:00:00',0,'2020-05-29 09:34:51','2020-05-29 09:37:10'),(1382,2,2,'支払依頼書作成（豊通エサ、2020年5月29日）','金額：331,848円',3,1,'2020-05-29 09:35:00','2020-05-29 10:00:00',0,'2020-05-29 09:34:56','2020-05-29 09:35:34'),(1402,2,2,'支払いチェック（2020年6月1日）',NULL,3,1,'2020-05-14 23:21:20','0000-00-00 00:00:00',0,'2020-05-29 15:33:58','2020-05-29 15:33:58'),(1412,2,2,'資金移動書類整理（2020年5月分）',NULL,1,1,'2020-05-14 23:21:20','0000-00-00 00:00:00',0,'2020-05-29 17:17:42','2020-05-29 17:17:42'),(1442,2,2,'支払依頼書作成（豊通エサ、2020年6月1日）','金額：409,101円',3,1,'2020-05-29 17:50:00','2020-05-29 18:50:44',0,'2020-05-29 17:50:25','2020-05-29 17:51:05'),(1452,2,2,'リース新規（石岡PK、豆シール機）','金額：19,167,500円（税込）\n検収予定時期：2020年8月末\n支払予定時期：2020年9月末\n\nSMFL、JA三井は難しい（6月上旬時点）\n7月になったら再度声掛けを行う',3,2,'2020-07-01 09:00:00','2020-09-09 16:37:52',0,'2020-05-29 18:52:34','2020-06-09 16:37:56'),(1462,2,2,'富士たまご支払（2020年6月1日）','1件',3,1,'2020-06-01 09:00:00','2020-06-01 18:00:00',0,'2020-05-29 18:54:22','2020-05-29 19:09:38'),(1472,2,2,'FAX送付（日東ベスト）','「でんさいネット決済情報連絡票」',2,1,'2020-06-01 09:00:00','2020-06-01 13:00:00',0,'2020-05-29 18:57:43','2020-05-29 18:57:43'),(1482,2,2,'富士たまご支払資料整理／送付（2020年5月分）','富山・赤池係長に送付',3,1,'2020-06-01 09:00:00','2020-06-01 16:00:00',0,'2020-05-29 18:59:46','2020-06-01 14:52:52'),(1492,2,2,'ルーチンワーク',NULL,3,1,'2020-06-01 09:35:00','2020-06-01 17:00:00',0,'2020-06-01 09:35:52','2020-06-01 09:36:07'),(1502,2,2,'かすみがうら農場コベナンツ報告（別紙5）','別紙5が抜けていたため送付',4,1,'2020-05-14 23:21:20','2020-06-01 13:30:00',0,'2020-06-01 12:00:04','2020-06-01 12:00:04'),(1512,2,2,'支払依頼書作成（豊通エサ、2020年6月2日支払）','金額：663,696円',3,1,'2020-06-01 18:07:00','2020-06-01 18:30:00',0,'2020-06-01 18:06:36','2020-06-01 18:08:13'),(1522,2,2,'調印作成（EGGパワー第六、計画変更認定申請書）','「再生可能エネルギー発電事業計画変更認定申請書（10kW未満の太陽光発電を除く）」×1\nEGGパワー第六 実印',2,1,'2020-06-01 18:15:00','2020-06-01 18:30:00',0,'2020-06-01 18:15:07','2020-06-01 18:15:07'),(1532,2,2,'調印申請作成（新ひたちファーム鶏割賦契約変更契約）','「変更契約書」×2、新ひたちファーム実印',3,1,'2020-06-01 18:16:00','2020-06-01 18:30:00',0,'2020-06-01 18:16:57','2020-06-01 18:16:57'),(1542,2,2,'FCカード廃止（4380）','九州たまご 唐津農場',1,1,'2020-05-14 23:21:20','2020-07-01 18:26:01',0,'2020-06-01 18:26:04','2020-06-01 18:26:04'),(1552,2,2,'ルーチンワーク（2020年6月2日）',NULL,3,1,'2020-06-02 09:14:00','2020-06-02 18:00:00',0,'2020-06-02 09:14:18','2020-06-02 09:14:42'),(1562,2,2,'通帳記帳（2020年5月分）',NULL,3,3,'2020-06-02 13:00:00','2020-06-02 16:00:00',0,'2020-06-02 09:17:23','2020-06-02 09:17:23'),(1572,2,2,'コベナンツ報告（三菱UFJ銀行）',NULL,3,3,'2020-05-14 23:21:20','2020-06-02 11:00:00',0,'2020-06-02 09:24:34','2020-06-02 09:24:34'),(1582,2,2,'コベナンツ報告（あおぞら銀行）',NULL,3,3,'2020-06-02 09:25:00','2020-06-02 11:00:00',0,'2020-06-02 09:25:34','2020-06-02 09:25:34'),(1592,2,2,'グループ間貸借チェック',NULL,3,1,'2020-05-14 23:21:20','2020-06-02 11:00:00',0,'2020-06-02 10:36:57','2020-06-02 10:36:57'),(1602,2,2,'支払依頼書作成（豊通エサ、2020年6月3日支払）','金額：536,398円',3,1,'2020-06-02 18:43:00','2020-06-02 19:30:00',0,'2020-06-02 18:43:50','2020-06-02 18:44:29'),(1612,2,2,'美咲ファーム鶏割賦（2020年5月分）','契約番号：2020-00888\n羽数：51,570羽\n金額：35,277,808円（税込）\n仕入先：\n　美咲ファーム（51,570羽、35,277,808円（税込））\n割賦料：2,967,800円（税込／月）',3,2,'2020-05-14 23:21:20','2020-06-04 19:00:00',0,'2020-06-02 18:45:36','2020-06-24 14:55:37'),(1622,2,2,'富士たまごリース',NULL,4,4,'2020-05-14 23:21:20','2020-07-02 18:49:38',0,'2020-06-02 18:49:40','2020-06-02 18:49:40'),(1632,2,2,'ルーチンワーク（2020年6月3日）',NULL,3,1,'2020-06-03 09:16:00','2020-06-03 17:00:00',0,'2020-06-03 09:16:41','2020-06-03 09:17:05'),(1642,2,2,'支払チェック（2020年6月10日、つくばファーム）',NULL,1,1,'2020-05-14 23:21:20','0000-00-00 00:00:00',0,'2020-06-03 10:27:58','2020-06-03 10:27:58'),(1662,2,2,'資料送付（ACSリース）','連結財務諸表（2020年1月期）',3,1,'2020-05-14 23:21:20','2020-06-03 14:30:00',0,'2020-06-03 14:19:11','2020-06-03 14:19:11'),(1672,2,2,'富士たまご支払（2020年6月5日分）','4日に伝票を送る',3,2,'2020-05-14 23:21:20','2020-06-04 16:00:00',0,'2020-06-03 17:45:50','2020-06-03 17:45:50'),(1682,2,2,'支払依頼書作成（豊通エサ、2020年6月4日支払）','金額：663,696円',3,1,'2020-06-03 17:58:32','2020-06-03 18:30:00',0,'2020-06-03 17:58:32','2020-06-03 17:59:17'),(1692,2,2,'千葉孵化場請求書整理',NULL,2,1,'2020-05-14 23:21:20','2020-06-04 12:00:00',0,'2020-06-03 18:02:44','2020-06-03 18:02:44'),(1702,2,2,'ルーチンワーク（2020年6月4日）',NULL,3,1,'2020-06-04 09:08:37','2020-06-04 17:08:37',0,'2020-06-04 09:08:37','2020-06-04 09:08:58'),(1712,2,2,'リース新規（たまご洗浄機、伊勢農場）','物件名：たまご洗浄機 USW-003\n物件価格：5,390,000円（税込）\n契約法人：イセ食品㈱\n設置場所：㈲伊勢農場 成鶏農場\nリース料：83,006円（税込／月）\n期間：72回\n契約日：\n（予定）検収日：2020年9月\n備考：イセ食品から伊勢農場へ転リース\n\n稟議申請日：2020年6月18日\n稟議承認日：2020年6月22日\n稟議承認NO：191',3,2,'2020-05-14 23:21:20','2020-07-24 13:23:17',0,'2020-06-04 16:34:53','2020-06-26 19:27:24'),(1722,2,2,'かすみがうら農場鶏割賦（2020年5月分）','羽数：51,207羽\n売買代金：35,402,019円（税込）\n仕入先：\n　下古内（51,207羽、35,402,019円（税込））',4,3,'2020-05-26 16:29:00','2020-06-10 18:00:00',0,'2020-06-04 17:14:14','2020-06-04 17:19:45'),(1732,2,2,'FCカード新規（土浦502つ9664、製造本部）',NULL,2,2,'2020-06-04 17:22:00','2020-06-08 18:00:00',0,'2020-06-04 17:21:58','2020-06-04 17:22:49'),(1742,2,2,'リース設置場所変更（ジュール加熱殺菌装置、イセたまご研究所）','リース会社：NECキャピタルソリューション\n契約番号：1142499-0001\n物件名：ジュール加熱殺菌装置\n契約日：2018/9/25\n検収日：2018/12/19\n\n変更前：イセたまご研究所\n変更後：岡山液卵工場\n\n2020-06-11　NECキャピタルソリューションの担当が変わってた。更新はスガワラ様。\n2020-06-11　タセイ様から書類送付する旨の連絡あり',3,2,'2020-05-14 23:21:20','2020-07-17 14:35:21',0,'2020-06-04 17:29:42','2020-06-17 14:35:23'),(1752,2,2,'ルーチンワーク（2020年6月8日）',NULL,3,1,'2020-06-08 09:29:54','2020-06-08 17:29:54',0,'2020-06-08 09:29:54','2020-06-08 09:30:04'),(1762,2,2,'資料送付（SMFL）','連結財務諸表（2020年1月期）',4,1,'2020-05-14 23:21:20','2020-06-08 12:00:00',0,'2020-06-08 11:40:39','2020-06-08 11:40:39'),(1772,2,2,'支払依頼書作成（豊通エサ、2020年6月9日）','金額：774,312円',3,1,'2020-06-08 17:47:33','2020-06-09 01:47:33',0,'2020-06-08 17:47:33','2020-06-08 17:48:00'),(1782,2,2,'つくばファーム鶏割賦（2020年5月分）','契約番号：500095639-00\n羽数：51,917羽\n売買代金：35,842,933円（税込）\n仕入先：\n　はやま農場（3,840羽、2,610,048円（税込））\n　千葉孵化場 涸沼農場（48,077羽、33,232,885円（税込））\n割賦料：3,000,140円（税込／月）',3,2,'2020-06-08 08:52:22','2020-06-14 21:00:00',0,'2020-06-08 17:51:35','2020-06-17 11:37:56'),(1792,2,2,'色麻農場鶏割賦（2020年5月分）','契約番号：500095689-00\n羽数：43,188羽\n売買代金：29,642,796円（税込）\n仕入先：\n　イセファーム東北 岩出山農場（43,188羽、29,642,796円（税込））\n割賦料：2,481,160円（税込／月）\n\n\n総羽数：51,868羽\n総売買代金：35,658,036円（税込）\n極度枠が一日分だけ足りないため、16日導入分を割賦購入契約の対象から外して実行',4,3,'2020-05-14 23:21:20','2020-06-14 12:00:00',0,'2020-06-08 17:53:19','2020-06-17 13:07:36'),(1802,2,2,'資料送付（三菱UFJ）','EDYコベナンツ関係',3,2,'2020-05-14 23:21:20','2020-06-26 17:00:00',0,'2020-06-08 17:57:26','2020-06-08 17:57:26'),(1812,2,2,'グループ間資金移動予定入力（2020年6月）',NULL,3,1,'2020-05-14 23:21:20','2020-06-09 17:00:00',0,'2020-06-08 18:05:44','2020-06-08 18:05:44'),(1822,2,2,'支払依頼書作成（東京商工リサーチ）','220,000円（税込）\n2020年7月31日',1,1,'2020-05-14 23:21:20','2020-06-09 09:30:00',0,'2020-06-08 18:08:45','2020-06-08 18:08:45'),(1832,2,2,'資料送付（三井住友銀行）',NULL,3,2,'2020-05-14 23:21:20','2020-06-09 17:00:00',0,'2020-06-08 18:11:34','2020-06-08 18:11:34'),(1842,2,2,'支払依頼書作成（わかば経営会計）','11,368,694円（税込）\n2020年6月15日',3,1,'2020-05-14 23:21:20','2020-06-09 17:00:00',0,'2020-06-08 18:15:41','2020-06-08 18:15:41'),(1852,2,2,'リース満了処理（2020年8月分）','　',4,3,'2020-05-28 15:04:00','2020-06-25 18:04:43',0,'2020-06-08 18:21:17','2020-06-11 18:04:44'),(1862,2,2,'資料送付（日本政策金融公庫農林）',NULL,3,1,'2020-05-14 23:21:20','2020-07-08 18:27:38',0,'2020-06-08 18:27:42','2020-06-08 18:27:42'),(1872,2,2,'ルーチンワーク（2020年6月9日）',NULL,3,1,'2020-06-09 09:08:35','2020-06-09 17:08:35',0,'2020-06-09 09:08:35','2020-06-09 12:05:30'),(1882,2,2,'DD資料チェック',NULL,3,3,'2020-06-09 04:41:13','2020-06-12 15:00:00',0,'2020-06-09 13:41:14','2020-06-09 13:41:32'),(1892,2,2,'支払チェック（2020-06-10）',NULL,3,3,'2020-06-09 04:57:21','2020-06-09 16:57:21',0,'2020-06-09 13:57:21','2020-06-09 13:57:21'),(1902,2,2,'資料送付（三井住友銀行）',NULL,3,1,'2020-06-09 06:03:55','2020-06-09 18:03:55',0,'2020-06-09 15:03:55','2020-06-09 15:04:28'),(1912,2,2,'FCカード新規（名古屋507の16）','事業所：名古屋営業所\n使用者：茶木 淳',2,1,'2020-05-14 23:21:20','2020-07-09 16:32:42',0,'2020-06-09 16:32:45','2020-06-09 16:32:45'),(1922,2,2,'支払依頼書作成（豊通エサ、2020年6月10日）','金額：442,464円',3,1,'2020-06-09 16:34:57','2020-06-10 00:34:57',0,'2020-06-09 16:34:57','2020-06-09 16:35:18'),(1932,2,2,'謄本／印鑑証明書手配（小池次長）',NULL,3,3,'2020-06-09 07:42:34','2020-06-09 19:42:34',0,'2020-06-09 16:42:34','2020-06-09 16:43:03'),(1942,2,2,'資料送付（大阪営業所／岩本さん）','メールで送付',3,3,'2020-06-09 07:45:56','2020-06-09 19:45:56',0,'2020-06-09 16:45:56','2020-06-10 16:27:56'),(1952,2,2,'ルーチンワーク（2020年6月10日）',NULL,3,1,'2020-06-10 09:15:57','2020-06-10 17:15:57',0,'2020-06-10 09:15:57','2020-06-10 09:16:10'),(1962,2,2,'富士たまご支払（2020年6月10日）',NULL,3,1,'2020-06-10 00:16:53','2020-06-10 12:00:00',0,'2020-06-10 09:16:54','2020-06-10 09:17:41'),(1972,2,2,'窓口支払（2020年6月10日）',NULL,3,3,'2020-06-10 02:11:31','2020-06-10 14:11:31',0,'2020-06-10 11:11:32','2020-06-10 11:11:32'),(1982,2,2,'印鑑購入',NULL,4,2,'2020-06-10 02:29:09','2020-06-10 14:29:09',0,'2020-06-10 11:29:10','2020-06-10 11:29:23'),(1992,2,2,'事業所視察（ぐんぎんリース）','日時：2020年6月12日（金）14:30-15:30\n対象施設：小川パッキング工場\n内容：4月に検収した新型ハイスピードエッグラベラーの物件確認',4,2,'2020-06-10 05:58:53','2020-06-10 17:58:53',0,'2020-06-10 14:58:53','2020-06-10 15:01:39'),(2002,2,2,'資料送付（三井住友銀行）','瀬戸内と赤穂の土地が入っていないが矢部さんが有休に入ってしまったためとりあえず不完全版を送る',2,2,'2020-05-14 23:21:20','2020-06-24 15:16:00',0,'2020-06-10 15:16:03','2020-06-22 11:27:01'),(2012,2,2,'リース物件終了（分子型次亜塩素酸発生装置、岡山液卵、JA三井リース）','契約番号：L0313954\n物件名：分子型次亜塩素酸発生装置　ACI-DENT AQ1500\nリース会社：JA三井リース\n設置場所：岡山液卵工場\n終了日：2020年4月21日\n物件引揚方法：現場で処理\n現場担当者：矢木工場長\nリース会社担当者：JA三井リースアセット カワカミ様（03-6775-3732）\n\nマニフェスト不要とのこと',3,3,'2020-05-14 23:21:20','2020-06-24 15:20:09',0,'2020-06-10 15:20:12','2020-06-10 15:36:26'),(2022,2,2,'FCカード新規（八千代町の1971）','事業所：エッグドリーム八千代 コンポスト\n使用者：室町 智史',2,1,'2020-05-14 23:21:20','2020-07-09 16:32:42',0,'2020-06-10 16:51:13','2020-06-10 18:27:31'),(2032,2,2,'支払依頼書作成（豊通エサ、2020年6月11日）','金額：331,848円',3,1,'2020-06-10 17:44:52','2020-06-11 01:44:52',0,'2020-06-10 17:44:52','2020-06-10 17:45:18'),(2042,2,2,'資料送付（商工中金）',NULL,3,1,'2020-05-14 23:21:20','2020-06-10 18:30:00',0,'2020-06-10 18:01:11','2020-06-10 18:01:11'),(2052,2,2,'ルーチンワーク（2020年6月11日）',NULL,3,1,'2020-06-11 09:11:22','2020-06-11 17:11:22',0,'2020-06-11 09:11:22','2020-06-11 09:11:35'),(2062,2,2,'出勤記録作成（2020年6月期）',NULL,3,1,'2020-05-14 23:21:20','2020-06-12 18:05:01',0,'2020-06-11 09:14:53','2020-06-11 18:05:03'),(2082,2,2,'富士たまご支払（）',NULL,3,1,'2020-06-11 00:48:49','2020-06-11 12:48:49',1,'2020-06-11 09:48:50','2020-06-11 09:50:38'),(2092,2,2,'富士たまご支払（2020年6月11日）',NULL,3,1,'2020-06-11 09:49:52','2020-06-11 17:49:52',0,'2020-06-11 09:49:52','2020-06-11 09:49:52'),(2102,2,2,'質問回答（SMFL）','連結：売掛の増加（465M円）、買掛の減少（2,234M円）\n連結：固定資産増加要因（土地：1,531M円、建物：4,190M円、構築物：403M円）\n連結：貸付金減少要因（3,822M円）\n連結：鶏卵売上減少要因（1,068M円）\n連結：通常卵／特殊卵／その他鶏卵／液卵の各売上高／販売量\n連結：卵価安定基金の補填金はどこに反映されているか\n連結：営業外収益雑収入（2,007M円）の内訳\n連結：株主資本等変動計算書の企業結合による増加（10M円）\n連結：富士たまごは連結対象か\nイセ食品：売掛金増加要因（820M円）\nイセ食品：ソフトウェア仮勘定（807M円）内訳　→　IPOに向けたシステム更新費用\nイセ食品：長期繰延税金試算の増加要因（685M円）\nイセ食品：原材料仕入高増加要因（1,429M円）\nイセ食品：営業外収益雑収入の森屋農場火災、卵質悪化補填とはなにか\nイセファーム：建設仮勘定（656M円）内訳\nイセファーム：2期連続赤字の要因\n伊勢農場：赤字幅拡大の要因\n森屋農場：売上／利益の減少要因\nかすみがうら農場：雑収入の期首棚卸（246M円）の内訳',4,4,'2020-05-14 23:21:20','2020-06-12 17:59:44',0,'2020-06-11 17:59:46','2020-06-12 11:46:06'),(2112,2,2,'謄本／決算書手配（イセ・アセアン佐藤さん）','PDFをメールで送付',3,1,'2020-05-14 23:21:20','2020-06-12 18:01:46',0,'2020-06-11 18:01:50','2020-06-11 18:03:40'),(2122,2,2,'ルーチンワーク（2020年6月12日）',NULL,3,1,'2020-06-12 09:09:54','2020-06-12 17:09:54',0,'2020-06-12 09:09:54','2020-06-12 09:10:04'),(2132,2,2,'CMS解約',NULL,4,3,'2020-06-12 16:20:00','2020-09-12 16:20:06',0,'2020-06-12 16:20:09','2020-06-12 16:20:09'),(2142,2,2,'リース買取（端末ライン単品設置図A、岡山PK）','契約番号：120415225\n物件名：端末ライン単品設置 図A\n設置場所：岡山パッキング工場\n買取見積金額：475,200円（税込）\n満了日：2020年7月1日\n\n2020-06-17　再リースで回答あり',2,2,'2020-06-12 18:11:17','2020-06-13 02:11:17',0,'2020-06-12 18:11:17','2020-06-17 15:48:10'),(2162,2,2,'支払依頼書作成（豊通エサ、2020年6月15日）','金額：331,848円',3,1,'2020-06-12 18:16:05','2020-06-13 02:16:05',0,'2020-06-12 18:16:05','2020-06-12 18:16:25'),(2172,2,2,'支払依頼書作成（太陽光O&M、2020年6月）',NULL,2,1,'2020-05-14 23:21:20','0000-00-00 00:00:00',0,'2020-06-12 18:17:18','2020-06-12 18:17:18'),(2182,2,2,'支払依頼書作成（太陽光O&M）',NULL,2,1,'2020-05-14 23:21:20','0000-00-00 00:00:00',1,'2020-06-12 18:20:58','2020-06-12 18:21:17'),(2202,2,2,'支払依頼書作成（東京交通会館）','15,400円\n2020年6月30日',3,1,'2020-05-14 23:21:20','2020-06-12 19:23:48',0,'2020-06-12 18:23:50','2020-06-12 18:23:50'),(2212,2,2,'ルーチンワーク（2020年6月15日）',NULL,3,1,'2020-06-15 09:09:38','2020-06-15 17:09:38',0,'2020-06-15 09:09:38','2020-06-15 09:10:27'),(2222,2,2,'調印申請作成（豊田通商によるDD契約）',NULL,4,1,'2020-05-14 23:21:20','2020-06-15 10:30:00',0,'2020-06-15 09:44:29','2020-06-15 09:44:29'),(2232,2,2,'ルーチンワーク（2020年6月16日）',NULL,3,1,'2020-06-16 09:11:05','2020-06-16 17:11:05',0,'2020-06-16 09:11:05','2020-06-16 09:11:24'),(2242,2,2,'支払依頼書作成（豊通エサ、2020年6月16日）','金額：442,464円',3,1,'2020-06-16 09:33:45','2020-06-16 17:33:45',0,'2020-06-16 09:33:45','2020-06-16 09:34:09'),(2252,2,2,'支払依頼書作成（豊通エサ、2020年6月17日）','金額：442,464円',3,1,'2020-06-16 13:08:19','2020-06-16 21:08:19',0,'2020-06-16 13:08:19','2020-06-16 13:08:43'),(2262,2,2,'FCカード新規（熊谷400た8585、液卵加工食品本部）','使用者名：大貫 博\nカードは手渡し',3,2,'2020-05-14 23:21:20','2020-07-16 16:39:24',0,'2020-06-16 16:39:27','2020-06-30 10:44:00'),(2272,2,2,'調印申請作成（群馬銀行委任状）','龍ケ崎の土地に対するイセ食品の社名と代表者の変更のため',2,1,'2020-05-14 23:21:20','2020-06-16 17:30:00',0,'2020-06-16 16:50:20','2020-06-16 16:50:20'),(2282,2,2,'調印申請作成（福井銀行）','借入条件変更のため\n会長決裁のため紙で作成',3,2,'2020-05-14 23:21:20','2020-06-16 18:00:00',0,'2020-06-16 16:52:31','2020-06-16 16:52:31'),(2292,2,2,'支払依頼書作成（関西法律特許事務所）','金額：2,750,000円\n期日：2020年7月31日\n備考：会長決裁',2,1,'2020-05-14 23:21:20','2020-06-16 18:00:00',0,'2020-06-16 17:10:32','2020-06-16 17:10:32'),(2302,2,2,'FCカード請求書送付（2020年5月分）','メール文面\n\n各位\n \nお疲れ様です。\n表題の件につきまして、資料の方送ります。\nご確認下さい。\n\n現在申請中のカードは以下の通りです。\n\n■新規申請中\n１　土浦502つ9664（イセ食品㈱ 製造本部）\n　\n■管理移動中\n\n■磁気不良交換中\nなし\n\n■廃止手続中（東京財務部までカードの返却をお願いします）　\n\n\n以上、よろしくお願いいたします。',2,2,'2020-06-16 17:12:06','2020-06-19 18:00:00',0,'2020-06-16 17:12:06','2020-06-17 14:30:45'),(2312,2,2,'富士たまご手形支払準備','相手先：神稲建設㈱\n総額：799,291,049円\n支払：全19回支払（1-16：25,000,000円、17-18：50,000,000円、19：22,236,049円）\n期間：2020年8月31日～2022年2月28日',3,3,'2020-05-14 23:21:20','2020-06-17 18:00:00',0,'2020-06-16 17:42:01','2020-06-16 17:45:31'),(2322,2,2,'ルーチンワーク（2020年6月17日）',NULL,3,1,'2020-06-17 09:22:44','2020-06-17 17:22:44',0,'2020-06-17 09:22:44','2020-06-17 09:22:54'),(2332,2,2,'調印申請作成（伊勢農場火災保険担保解除）','三菱UFJ銀行のシローン完済に伴い、火災保険にかけられていた質権設定を解除する',2,1,'2020-05-14 23:21:20','2020-06-17 12:00:00',0,'2020-06-17 09:23:57','2020-06-17 09:23:57'),(2342,2,2,'支払依頼書作成（豊通エサ、2020年6月18日）','金額：442,464円',3,1,'2020-06-17 13:04:30','2020-06-17 21:04:30',0,'2020-06-17 13:04:30','2020-06-17 13:04:49'),(2352,2,2,'調印申請作成（富士たまご手形帳申し込み）',NULL,4,1,'2020-06-17 05:11:38','2020-06-17 17:11:38',0,'2020-06-17 14:11:51','2020-06-17 14:12:41'),(2362,2,2,'決算書送付（日本政策金融公庫（中小）：熊田さん）','16社',3,2,'2020-06-17 14:53:54','2020-06-17 22:53:54',0,'2020-06-17 14:53:54','2020-06-17 14:54:22'),(2372,2,2,'資料送付（試算表、足利銀行）','十河部長から送付済み',3,3,'2020-05-14 23:21:20','2020-06-22 17:00:00',0,'2020-06-17 14:58:39','2020-06-19 13:43:47'),(2382,2,2,'ルーチンワーク（2020年6月19日）',NULL,3,1,'2020-06-19 09:19:38','2020-06-19 17:19:38',0,'2020-06-19 09:19:38','2020-06-19 09:21:53'),(2392,2,2,'富士たまご給与準備（2020年6月分）','IB設定承認：2020年6月23日18:00\n伝票必着日：2020年6月24日午前\n資金引落：2020年6月24日午前（6/23の残は154万円）\n振込日：2020年6月26日\n振込手数料は220円／件\n\n［総合振込］\n件数：33件\n金額：5,290,353円\n手数料：7,260円\n\n［単独支払］\n件数：5件\n金額：594,815円',3,3,'2020-06-19 09:21:59','2020-06-24 11:00:00',0,'2020-06-19 09:21:59','2020-06-23 15:26:49'),(2402,2,2,'資料送付（東和銀行）','東和銀行\n中川係長\nメール',3,2,'2020-05-14 23:21:20','2020-06-19 18:00:00',0,'2020-06-19 10:38:47','2020-06-19 10:38:47'),(2412,2,2,'グループ給与手配（2020年6月）','伝票必着日：2020年6月24日午前\n資金振込日：2020年6月24日\n資金振替日：2020年6月25日\n振込日：2020年6月26日\n\n金額：\n　イセ食品：139,000,000円\n　イセファーム：56,000,000円\n　森屋農場：3,000,000円\n　イセ・アセアン：620,000円\n　かすみがうら農場：6,100,000円',4,3,'2020-06-19 10:56:39','2020-06-24 11:00:00',0,'2020-06-19 10:56:39','2020-06-23 10:22:34'),(2422,2,2,'群馬銀行金利スワップ処理','金額：1,522,076円',3,1,'2020-05-14 23:21:20','2020-06-20 11:07:58',0,'2020-06-19 11:08:01','2020-06-23 10:33:48'),(2432,2,2,'FCカード管理移動（水戸45せ5785）','ナンバー：水戸45せ5785\n移動元：イセファーム㈱ 霞ヶ浦農場\n移動先：イセファーム㈱ 下古内農場\n備考：霞ヶ浦農場閉鎖のため',2,1,'2020-05-14 23:21:20','2020-06-22 15:00:00',0,'2020-06-19 17:53:08','2020-06-19 17:53:08'),(2442,2,2,'資料送付（三菱UFJ銀行）','送付先：三菱UFJ銀行　後藤支社長代理\n送付方法：メール',3,1,'2020-05-14 23:21:20','2020-06-19 19:00:00',0,'2020-06-19 17:54:23','2020-06-19 17:56:15'),(2452,2,2,'支払依頼書作成（豊通エサ、2020年6月22日）','金額：740,949円',3,1,'2020-06-19 17:57:48','2020-06-20 01:57:48',0,'2020-06-19 17:57:48','2020-06-19 17:58:10'),(2462,2,2,'エッグドリーム八千代コベナンツ報告','締切：2020年6月30日\n報告内容：「譲渡等制限条項等に関する遵守状況報告書」',3,1,'2020-05-14 23:21:20','2020-06-29 18:00:00',0,'2020-06-19 18:02:21','2020-06-19 18:02:21'),(2482,2,2,'富士たまご総合振込（）','［スケジュール］',4,3,'2020-05-22 16:28:00','2020-05-27 15:00:00',1,'2020-06-19 18:14:25','2020-06-19 18:15:29'),(2492,2,2,'富士たまご総合振込（2020年6月）','件数：36件\n合計金額：33,654,042円\n手数料金額：18,480円\n\n［スケジュール］\n2020年6月25日　承認\n2020年6月26日　資金入金\n\n［新規取引先］\n１．イカリ消毒㈱　ｲｶﾘｼｮｳﾄﾞｸ(ｶ　りそな銀行 新宿支店 普通 3363173\n２．㈱インサイト　ｶ)ｲﾝｻｲﾄ　りそな銀行 アース支店 普通 2455405\n３．㈱進共　ｶ)ｼﾝｷｮｳ　三菱UFJ銀行 田町支店 当座 0234012\n▲４．㈱GLA　ｶ)ｼﾞｴﾙｴｰ　三井住友銀行 三ツ境支店 普通 6787691　（ｶ)ｼﾞｰｴﾙｴｰ）\n▲５．日本パレットレンタル㈱　ﾆﾎﾝﾊﾟﾚﾂﾄﾚﾝﾀﾙ(ｶ　三井住友銀行 銀座支店 普通 79847　（ﾆﾎﾝ ﾊﾟﾚﾂﾄﾚﾝﾀﾙ (ｶ）\n▲６．日本梱包資材㈱　ﾆﾎﾝｺﾝﾎﾟｳｼｻﾞｲ(ｶ　三井住友銀行 関東第二支店 当座 3104557　（ﾆﾎﾝｺﾝﾎﾟｳｼｻﾞｲ (ｶ）\n７．㈱日本廣報社　ｶ)ﾆﾎﾝｺｳﾎｳｼﾔ　群馬銀行 高崎北支店 普通 0678295',4,3,'2020-06-19 18:16:17','2020-06-26 12:00:00',0,'2020-06-19 18:16:17','2020-06-25 13:56:36'),(2502,2,2,'ルーチンワーク（2020年6月22日）',NULL,3,1,'2020-06-22 09:08:19','2020-06-22 17:08:19',0,'2020-06-22 09:08:19','2020-06-22 09:08:31'),(2512,2,2,'富士たまご支払（2020年6月22日）',NULL,3,1,'2020-06-22 09:08:47','2020-06-22 17:08:47',0,'2020-06-22 09:08:47','2020-06-22 09:09:07'),(2522,2,2,'資料送付（富士たまご小野さん）',NULL,4,2,'2020-05-14 23:21:20','2020-06-22 10:00:00',0,'2020-06-22 09:24:29','2020-06-22 09:25:23'),(2532,2,2,'返済資金の入れ忘れがないように改善',NULL,3,3,'2020-05-14 23:21:20','2020-07-29 19:34:55',0,'2020-06-22 09:27:40','2020-06-29 19:34:57'),(2542,2,2,'FCカード新規（三重400ぬ3060、伊勢農場管理部）',NULL,2,1,'2020-05-14 23:21:20','2020-06-22 15:36:54',0,'2020-06-22 09:36:57','2020-06-22 09:36:57'),(2552,2,2,'FCカード返却（三重400つ634、伊勢農場）',NULL,2,1,'2020-05-14 23:21:20','2020-06-22 15:37:58',0,'2020-06-22 09:38:02','2020-06-22 09:38:02'),(2572,2,2,'支払依頼書作成（ケン・コーポレーション）','金額：1,563,277円\n内容：I.S.Eビル賃料・共益費・電気料・水道料（3F、4F）、看板料',3,1,'2020-05-14 23:21:20','2020-06-22 10:50:18',0,'2020-06-22 09:50:22','2020-06-22 09:50:22'),(2582,2,2,'FCカード管理者変更（伊勢農場）','上野部長退職のため諸富部長に依頼\n↓\nリストに入っていたため管理台帳を変更',2,2,'2020-05-14 23:21:20','0000-00-00 00:00:00',0,'2020-06-22 10:11:11','2020-06-22 10:14:45'),(2592,2,2,'支払チェック（新ひたち、2020年6月30日）',NULL,2,1,'2020-05-14 23:21:20','2020-06-25 14:05:26',0,'2020-06-22 14:05:29','2020-06-22 14:05:29'),(2602,2,2,'月末の若雌関連のメール','越川さんに金額と振込先をメールで伝える',4,1,'2020-05-14 23:21:20','2020-06-22 15:19:52',0,'2020-06-22 14:19:55','2020-06-22 14:19:55'),(2612,2,2,'FCカード管理移動（北九州400さ8754）','ナンバー：北九州400さ8754\n移動元：イセ食品㈱ 九州営業所\n移動先：九州たまご㈱ 本社管理部門\n備考：',2,1,'2020-06-22 15:05:00','2020-06-22 17:00:00',0,'2020-06-22 15:04:04','2020-06-22 15:05:16'),(2622,2,2,'FCカード新規（三重400に3701）','管理移動で申請が上がっているが、元カードが無いため新規申請',2,1,'2020-06-22 15:09:00','2020-06-22 17:00:00',0,'2020-06-22 15:07:26','2020-06-22 15:09:46'),(2632,2,2,'FCカード管理移動（石川300ひ3873）','ナンバー：石川300ひ3873\n移動元：イセファーム東北㈱ 原農場\n移動先：㈲伊勢農場 桑名農場\n備考：',2,1,'2020-06-22 15:05:00','2020-06-22 17:00:00',0,'2020-06-22 15:11:32','2020-06-22 15:12:24'),(2642,2,2,'支払依頼書作成（豊通エサ、2020年6月23日）','金額：442,464円',3,1,'2020-06-22 15:14:00','2020-06-22 23:14:00',0,'2020-06-22 15:14:00','2020-06-22 15:14:17'),(2652,2,2,'ルーチンワーク（2020年6月23日）',NULL,3,1,'2020-06-23 09:03:07','2020-06-23 17:03:07',0,'2020-06-23 09:03:07','2020-06-23 09:03:35'),(2672,2,2,'富士たまご支払（2020年6月26日）',NULL,3,1,'2020-06-26 09:00:00','2020-06-26 12:00:00',0,'2020-06-23 15:15:23','2020-06-23 15:15:59'),(2682,2,2,'富士たまご支払（2020年6月30日）',NULL,3,1,'2020-06-30 09:00:00','2020-06-30 12:00:00',0,'2020-06-23 15:20:10','2020-06-23 15:20:58'),(2692,2,2,'支払依頼書作成（豊通エサ、2020年6月24日）','金額：442,464円',3,1,'2020-06-23 19:19:44','2020-06-24 03:19:44',0,'2020-06-23 19:19:44','2020-06-23 19:20:07'),(2702,2,2,'ルーチンワーク（2020年6月24日）',NULL,3,1,'2020-06-24 09:21:15','2020-06-24 17:21:15',0,'2020-06-24 09:21:15','2020-06-24 09:21:34'),(2712,2,2,'資料送付（東和銀行）',NULL,3,1,'2020-05-14 23:21:20','2020-06-24 12:00:00',0,'2020-06-24 11:16:49','2020-06-24 11:16:49'),(2722,2,2,'鶏割賦（　年　月分）','契約番号：\n羽数：羽\n売買代金：円（税込）\n仕入先：\n　はやま農場（羽、円（税込））\n　千葉孵化場 涸沼農場（羽、円（税込））\n割賦料：円（税込／月）',3,2,'2020-06-08 08:52:22','2020-06-14 21:00:00',1,'2020-06-24 13:49:24','2020-06-24 13:51:05'),(2732,2,2,'富士たまご支払（2020年6月25日）','補助金入金後',3,1,'2020-06-25 09:00:00','2020-06-25 12:00:00',0,'2020-06-24 17:31:39','2020-06-24 17:34:01'),(2742,2,2,'支払チェック（2020年6月25日分）',NULL,4,1,'2020-05-14 23:21:20','2020-06-24 18:34:22',0,'2020-06-24 17:34:24','2020-06-24 17:34:24'),(2752,2,2,'支払依頼書作成（豊通エサ、2020年6月25日）','金額：740,949円',3,1,'2020-06-24 19:08:57','2020-06-25 03:08:57',0,'2020-06-24 19:08:57','2020-06-24 19:09:17'),(2762,2,2,'返済処理（千葉孵化場、あおぞら）','日時：2020年6月30日\n金額：245,806円',3,1,'2020-05-14 23:21:20','2020-06-25 16:00:00',0,'2020-06-24 19:13:04','2020-06-24 19:13:04'),(2772,2,2,'シローン債務履行遅滞報告（三菱UFJ銀行）','2020-06-25 17:29　三菱後藤さんから「2の利払いの部分が全て抜けてしまっているので出し直して下さい」',4,2,'2020-05-14 23:21:20','2020-06-25 15:00:00',0,'2020-06-24 19:36:12','2020-06-25 17:30:22'),(2782,2,2,'富士たまご手形支払整理','資金入金は前日中\n当座に入れる',3,2,'2020-05-14 23:21:20','2020-06-26 15:00:00',0,'2020-06-24 19:38:21','2020-06-25 13:16:21'),(2792,2,2,'調印申請作成（不動産登記内容確認）',NULL,2,1,'2020-05-14 23:21:20','0000-00-00 00:00:00',0,'2020-06-24 19:40:56','2020-06-24 19:40:56'),(2802,2,2,'富士たまご給与口座確認処理','3名分',2,2,'2020-05-14 23:21:20','0000-00-00 00:00:00',0,'2020-06-24 19:43:15','2020-06-24 19:43:15'),(2812,2,2,'西日本シティ銀行契約変更処理','極度枠：150,000,000円\n元本確定期日：2023年6月30日',3,2,'2020-05-14 23:21:20','2020-06-25 16:00:00',0,'2020-06-24 19:46:45','2020-06-24 19:46:45'),(2822,2,2,'足利銀行財務制限条項遵守状況報告書',NULL,3,2,'2020-05-14 23:21:20','2020-06-25 16:00:00',0,'2020-06-24 19:48:53','2020-06-24 19:48:53'),(2832,2,2,'ルーチンワーク（2020年6月25日）',NULL,3,1,'2020-06-25 09:07:37','2020-06-25 17:07:37',0,'2020-06-25 09:07:37','2020-06-25 09:07:56'),(2842,2,2,'月末資金繰り準備（2020年6月分）',NULL,4,4,'2020-05-14 23:21:20','2020-06-25 15:08:23',0,'2020-06-25 09:08:27','2020-06-25 09:08:27'),(2862,2,2,'謄本取得（小池次長）',NULL,2,1,'2020-05-14 23:21:20','2020-06-30 09:59:04',0,'2020-06-25 09:59:10','2020-06-25 09:59:10'),(2872,2,2,'富士たまご手形の資金手配','イセ食品から直接当座に入金する\n200,000,000円\n29日に資金移動で実行',4,1,'2020-06-29 08:30:00','2020-06-29 10:00:00',0,'2020-06-25 15:40:24','2020-06-25 15:40:58'),(2882,2,2,'支払いチェック（2020年6月26日分）',NULL,1,1,'2020-05-14 23:21:20','0000-00-00 00:00:00',0,'2020-06-25 15:44:39','2020-06-25 15:44:39'),(2892,2,2,'支払依頼書作成（エメラルドウェイ）','26日：45,000,000円\n30日：45,000,000円',4,1,'2020-05-14 23:21:20','2020-06-25 19:08:10',0,'2020-06-25 18:08:12','2020-06-25 18:08:12'),(2902,2,2,'支払チェック（2020年6月30日分）',NULL,3,1,'2020-05-14 23:21:20','2020-06-26 18:00:00',0,'2020-06-25 19:02:37','2020-06-25 19:02:37'),(2912,2,2,'リース新規（エッグラベラー／日付検査システム、トーチクPK）','契約番号：40045985-00\n物件名：エッグラベラー／日付検査システム　6式\n設置場所：トーチクPK\n契約法人：イセ食品㈱\nリース会社：三井住友ファイナンス＆リース\n契約日：2020年1月29日\n検収日：\n物件代金：23,001,000円（税込）\nリース料：357,940円（税込／月）\n回数：72回\n備考：イセ食品からトーチクへ転リース',3,2,'2020-05-14 23:21:20','2020-07-09 19:07:06',0,'2020-06-25 19:07:10','2020-06-25 19:07:10'),(2922,2,2,'割賦新規（富士たまごロールインナー）','契約番号：500093000-00\n物件名：ロールインナー（1,040台）\n設置場所：富士たまご（経費負担は名古屋営業所）\n契約法人：イセ食品㈱\nリース会社：三井住友ファイナンス＆リース\n契約日：2020年2月12日\n検収日：\n物件代金：19,188,000（税込）\n割賦料：381,370円（税込／月）\n回数：60回\n備考：',3,2,'2020-05-14 23:21:20','2020-07-09 19:10:46',0,'2020-06-25 19:10:49','2020-06-25 19:10:49'),(2932,2,2,'調印申請作成（商工中金債務承認弁済契約証書）',NULL,2,1,'2020-05-14 23:21:20','0000-00-00 00:00:00',0,'2020-06-25 19:19:48','2020-06-25 19:19:48'),(2942,2,2,'三菱UFJ銀行（担保受戻証）',NULL,3,1,'2020-05-14 23:21:20','2020-06-26 17:00:00',0,'2020-06-25 19:21:56','2020-06-25 19:21:56'),(2952,2,2,'経費精算',NULL,2,1,'2020-05-14 23:21:20','2020-06-26 15:18:50',0,'2020-06-26 09:18:52','2020-06-26 09:18:52'),(2962,2,2,'ルーチンワーク（2020年6月26日）',NULL,3,1,'2020-06-26 09:27:11','2020-06-26 17:27:11',0,'2020-06-26 09:27:11','2020-06-26 09:27:22'),(2972,2,2,'通勤届提出','通勤費：7,480円→7,620円に修正',2,1,'2020-05-14 23:21:20','0000-00-00 00:00:00',0,'2020-06-26 09:39:37','2020-06-26 09:39:37'),(2982,2,2,'支払依頼書作成（豊通エサ、2020年6月29日）','金額：442,464円',3,1,'2020-06-26 19:21:09','2020-06-27 03:21:09',0,'2020-06-26 19:21:09','2020-06-26 19:21:45'),(3002,2,2,'調印申請作成（埼信条件変更）',NULL,2,1,'2020-05-14 23:21:20','0000-00-00 00:00:00',0,'2020-06-26 19:38:58','2020-06-26 19:38:58'),(3021,2,2,'ルーチンワーク（2020年6月29日）',NULL,3,1,'2020-06-29 10:36:16','2020-06-29 18:36:16',0,'2020-06-29 10:36:16','2020-06-29 10:36:27'),(3031,2,2,'2020年4月本レビューまとめ',NULL,3,3,'2020-06-29 10:40:00','2020-07-01 11:00:00',0,'2020-06-29 10:41:19','2020-06-29 14:25:49'),(3041,2,2,'毎日やること','新しい技術は当面Flutter　https://qiita.com/tomy0610/items/896dc8ec9ba95c33194f',3,3,'2020-06-29 01:44:31','2020-06-29 01:44:31',1,'2020-06-29 10:44:42','2020-06-29 17:24:52'),(3051,2,2,'毎日やること（2020年6月29日）',NULL,3,3,'2020-06-29 10:47:04','2020-06-29 18:47:04',0,'2020-06-29 10:47:04','2020-06-29 10:47:16'),(3061,2,2,'東和銀行記帳＆入金',NULL,1,1,'2020-07-01 12:00:00','2020-07-01 15:00:00',0,'2020-06-29 10:48:22','2020-06-29 11:55:43'),(3071,2,2,'決算書送付（JA三井リース）','鶏割賦契約更新に必要',3,1,'2020-06-29 02:48:22','2020-06-29 13:30:00',0,'2020-06-29 11:49:11','2020-06-29 11:49:11'),(3081,2,2,'M-DIsic注文',NULL,3,1,'2020-07-01 09:00:00','2020-07-01 14:00:00',0,'2020-06-29 13:03:29','2020-06-29 13:03:29'),(3091,2,2,'ジム休会手続き',NULL,3,3,'2020-07-08 10:00:00','2020-07-13 13:04:42',0,'2020-06-29 13:04:47','2020-06-29 13:04:47'),(3101,2,2,'しゅーくりーむ先生に誕生日プレゼント渡す',NULL,2,2,'2020-06-29 04:06:12','2020-07-29 13:06:35',0,'2020-06-29 13:06:37','2020-06-29 13:06:37'),(3111,2,2,'ほっしーに誕生日プレゼント',NULL,2,2,'2020-06-29 04:09:41','2020-07-29 13:09:53',0,'2020-06-29 13:09:55','2020-06-29 13:09:55'),(3121,2,2,'応用情報技術者試験申し込み','5,700円',3,1,'2020-08-01 09:00:00','2020-08-01 15:00:00',0,'2020-06-29 13:12:36','2020-06-29 13:12:36'),(3131,2,2,'献血',NULL,1,4,'2020-06-29 13:14:00','2020-09-29 13:14:30',0,'2020-06-29 13:14:32','2020-06-29 13:14:32'),(3141,2,2,'目の検査',NULL,4,3,'2020-06-29 04:15:52','2020-09-29 13:16:08',0,'2020-06-29 13:16:10','2020-06-29 13:16:10'),(3151,2,2,'歯医者','歯の詰め物が取れた',4,3,'2020-06-29 04:16:46','2020-09-29 13:17:08',0,'2020-06-29 13:17:10','2020-06-29 13:17:10'),(3161,2,31,'プライベートタスクの移行',NULL,3,1,'2020-06-29 04:19:04','2020-06-29 18:00:00',0,'2020-06-29 13:19:31','2020-06-29 13:23:44'),(3191,2,31,'バグフィックス',NULL,4,2,'2020-06-29 04:25:34','2020-12-29 14:02:30',0,'2020-06-29 13:26:00','2020-06-29 14:02:31'),(3231,2,2,'資料送付（三井住友銀行）',NULL,3,1,'2020-06-29 13:38:00','2020-06-29 14:38:39',0,'2020-06-29 13:38:45','2020-06-29 13:38:45'),(3241,2,41,'要素のドラッグ＆ドロップを実装',NULL,3,3,'2020-06-29 04:48:11','2020-06-29 19:48:28',0,'2020-06-29 13:48:32','2020-06-29 13:48:32'),(3251,2,41,'html2canvasを導入してみる',NULL,3,3,'2020-06-29 14:01:00','2020-06-30 14:01:19',0,'2020-06-29 14:01:23','2020-06-29 14:01:23'),(3261,2,51,'エクセルタイプの入力フォーム',NULL,3,4,'2020-06-29 05:03:18','2020-07-04 14:03:38',0,'2020-06-29 14:03:44','2020-06-29 14:03:44'),(3271,2,61,'PHPのバージョンアップ',NULL,4,2,'2020-06-29 05:05:35','2020-07-02 14:05:54',0,'2020-06-29 14:05:57','2020-06-29 14:05:57'),(3281,2,2,'不要なドメインの整理',NULL,2,3,'2020-06-29 05:08:43','2020-07-13 14:08:59',0,'2020-06-29 14:09:02','2020-06-29 14:09:02'),(3291,2,2,'住宅購入計画',NULL,3,3,'2020-06-29 05:14:25','2021-03-29 14:14:41',0,'2020-06-29 14:14:43','2020-06-29 14:14:43'),(3301,2,2,'転職準備','履歴書作成　→　https://wafu.ne.jp/rireki-gen/',4,4,'2020-06-29 05:15:20','2020-12-29 14:15:36',0,'2020-06-29 14:15:39','2020-06-29 15:17:59'),(3311,2,2,'映画レビュー（その他）',NULL,2,3,'2020-06-29 05:16:44','2021-03-29 14:17:00',0,'2020-06-29 14:17:02','2020-06-29 14:17:02'),(3321,2,71,'ゴミ箱処理',NULL,4,2,'2020-06-29 05:18:08','2020-07-05 15:00:00',0,'2020-06-29 14:18:29','2020-06-29 14:18:29'),(3331,2,2,'2019年11月映画レビューまとめ',NULL,3,3,'2020-06-29 05:19:31','2020-07-13 14:19:56',0,'2020-06-29 14:19:58','2020-06-29 14:25:08'),(3341,2,2,'2019年11月本レビューまとめ',NULL,3,3,'2020-06-29 05:22:43','2020-07-13 14:23:04',0,'2020-06-29 14:23:06','2020-06-29 14:23:06'),(3351,2,2,'2019年12月映画レビューまとめ',NULL,3,3,'2020-06-29 14:34:00','2020-07-20 14:34:35',0,'2020-06-29 14:34:37','2020-06-29 14:34:37'),(3361,2,2,'2019年12月本レビューまとめ',NULL,3,3,'2020-06-29 05:35:28','2020-07-20 14:35:44',0,'2020-06-29 14:35:46','2020-06-29 14:35:46'),(3371,2,2,'2020年2月本レビューまとめ',NULL,3,3,'2020-06-29 05:36:33','2020-07-29 14:36:46',0,'2020-06-29 14:36:47','2020-06-29 14:36:47'),(3381,2,2,'2020年3月本レビューまとめ',NULL,3,3,'2020-06-29 05:44:11','2020-07-29 14:45:13',0,'2020-06-29 14:45:15','2020-06-29 14:45:15'),(3391,2,2,'2020年6月映画レビューまとめ',NULL,3,3,'2020-06-29 05:46:40','2020-06-30 20:00:00',0,'2020-06-29 14:47:05','2020-06-29 14:47:05'),(3401,2,2,'2020年6月本レビューまとめ',NULL,3,3,'2020-06-29 05:47:43','2020-07-01 16:00:00',0,'2020-06-29 14:48:09','2020-06-29 14:48:09'),(3411,2,2,'富士たまご給与振込先名義確認（加々見モネットさん）','「ﾕｾﾋﾞｵ ﾓﾈｯﾄ ﾏｸﾞﾊﾟﾝﾀｲ　→ ｶｶﾞﾐ ﾓﾈｯﾄ ﾕｾﾋﾞｵ」に変更して欲しいとの連絡\n単独支払いの時にチェックしてから修正',3,3,'2020-06-30 09:00:00','2020-06-30 15:00:00',0,'2020-06-29 14:57:31','2020-06-29 15:03:27'),(3421,2,51,'入力テスト（30件程度）',NULL,3,3,'2020-06-29 06:06:04','2020-06-29 18:06:04',0,'2020-06-29 15:06:05','2020-06-29 15:06:05'),(3431,2,51,'work関連のリレーション整理',NULL,3,3,'2020-06-29 06:06:21','2020-06-29 18:06:21',0,'2020-06-29 15:06:21','2020-06-29 15:06:21'),(3441,2,51,'sound_specificationの設計',NULL,3,3,'2020-06-29 06:06:43','2020-06-29 18:06:43',0,'2020-06-29 15:06:44','2020-06-29 15:06:44'),(3451,2,51,'text_specificationの設計',NULL,3,3,'2020-06-29 06:06:58','2020-06-29 18:06:58',0,'2020-06-29 15:06:58','2020-06-29 15:06:58'),(3461,2,51,'editRelatedWorks.vue（関連作品登録コンポーネント）',NULL,3,3,'2020-06-29 06:07:16','2020-06-29 18:07:16',0,'2020-06-29 15:07:17','2020-06-29 15:07:17'),(3471,2,51,'series,group編集画面設定',NULL,3,3,'2020-06-29 06:07:27','2020-06-29 18:07:27',0,'2020-06-29 15:07:28','2020-06-29 15:07:28'),(3481,2,51,'適当なフロント作ってルーティング設定',NULL,3,3,'2020-06-29 06:07:38','2020-06-29 18:07:38',0,'2020-06-29 15:07:38','2020-06-29 15:07:38'),(3491,2,51,'漫画雑誌のリスト作成',NULL,3,3,'2020-06-29 06:07:48','2020-06-29 18:07:48',0,'2020-06-29 15:07:49','2020-06-29 15:07:49'),(3501,2,51,'小説系雑誌のリスト作成',NULL,3,3,'2020-06-29 06:07:58','2020-06-29 18:07:58',0,'2020-06-29 15:07:59','2020-06-29 15:07:59'),(3511,2,51,'google custom search APIで各サイトからタイトルIDを取得する',NULL,3,3,'2020-06-29 06:08:17','2020-06-29 18:08:17',0,'2020-06-29 15:08:18','2020-06-29 15:08:18'),(3521,2,51,'TagCloud改修','id,nameの連想配列ではなく、シンプルな配列を突っ込むとidを自動で振ってくれるように改修',3,3,'2020-06-29 06:08:37','2020-06-29 18:08:37',0,'2020-06-29 15:08:38','2020-06-29 15:08:55'),(3531,2,51,'FormEditTextのアンドゥ機能を修正',NULL,3,3,'2020-06-29 06:09:09','2020-06-29 18:09:09',0,'2020-06-29 15:09:11','2020-06-29 15:09:11'),(3541,2,51,'画像から文字列を抽出するやつ',NULL,3,3,'2020-06-29 06:09:22','2020-06-29 18:09:22',0,'2020-06-29 15:09:22','2020-06-29 15:09:22'),(3551,2,31,'アプリ名リネーム','［候補］\nきょうのできごと（kyo-no-dekigoto）\n○day, after day（day-after-day）',3,3,'2020-06-29 06:11:35','2020-06-29 18:11:35',0,'2020-06-29 15:11:36','2020-06-30 13:38:50'),(3561,2,31,'リマインダー機能',NULL,3,3,'2020-06-29 06:13:14','2020-07-07 13:08:45',0,'2020-06-29 15:13:14','2020-06-30 13:08:46'),(3571,2,71,'デスクの廃棄',NULL,3,3,'2020-06-29 06:15:59','2020-06-29 18:15:59',0,'2020-06-29 15:16:00','2020-06-29 15:16:00'),(3581,2,31,'S3に定期バックアップセットアップ',NULL,3,3,'2020-06-29 06:19:48','2020-07-07 13:08:56',0,'2020-06-29 15:19:49','2020-06-30 13:08:58'),(3591,2,31,'CSVファイル出力',NULL,3,3,'2020-06-29 06:20:09','2020-06-29 18:20:09',0,'2020-06-29 15:20:10','2020-06-29 15:20:10'),(3601,2,31,'グラフコンポーネント',NULL,3,3,'2020-06-29 06:21:35','2020-06-29 18:21:35',0,'2020-06-29 15:21:36','2020-06-29 15:21:36'),(3611,2,31,'メモ帳コンポーネント','自由に書き殴れるメモ帳、どこからでも固定レイアウトで書ける。メモタブで閲覧、検索、並べ変え可能なリスト',3,3,'2020-06-29 06:22:36','2020-06-29 18:22:36',0,'2020-06-29 15:22:37','2020-06-29 15:23:00'),(3621,2,31,'リストコンポーネント','メモ帳コンポーネントの中に組み込む？\nドラッグ＆ドロップで入替え可能、key-value、value複数？\n\n■みんなのリスト（ランキング）\n・リストやランキングを作って共有したり画像にしてSNSに貼ったりできるシンプルなやつ\n・簡単並べ替え\n・グラフの一部機能にする？',3,3,'2020-06-29 06:26:42','2020-06-29 18:26:42',0,'2020-06-29 15:26:43','2020-06-29 16:43:51'),(3631,2,31,'タスクの子アイテムをリストコンポーネントに置き換える',NULL,3,3,'2020-06-29 06:27:30','2020-06-29 18:27:30',0,'2020-06-29 15:27:30','2020-06-29 15:27:30'),(3641,2,31,'CSS周りの改善',NULL,3,3,'2020-06-29 06:30:17','2020-06-29 18:30:17',0,'2020-06-29 15:30:17','2020-06-29 15:30:17'),(3651,2,31,'全文検索機能',NULL,3,3,'2020-06-29 06:31:18','2020-06-29 18:31:18',0,'2020-06-29 15:31:19','2020-06-29 15:31:19'),(3661,2,31,'要素の移動をtransformに書き換え',NULL,3,3,'2020-06-29 06:32:23','2020-06-29 18:32:23',0,'2020-06-29 15:32:24','2020-06-29 15:32:24'),(3671,2,31,'「何件のタグが選択されています」を表示',NULL,3,3,'2020-06-29 06:33:01','2020-06-29 18:33:01',0,'2020-06-29 15:33:02','2020-06-29 15:33:18'),(3681,2,31,'リスト形式以外の一覧表示（マトリックスとか…）',NULL,3,3,'2020-06-29 06:33:30','2020-06-29 18:33:30',0,'2020-06-29 15:33:31','2020-06-29 15:33:31'),(3691,2,31,'APIでソート＆フィルターする方式と比較検討  ','一覧表示が重すぎる',3,3,'2020-06-29 06:33:42','2020-06-29 18:33:42',0,'2020-06-29 15:33:43','2020-06-29 15:33:58'),(3701,2,31,'noticeを連続して出せるようにする',NULL,3,3,'2020-06-29 06:34:14','2020-06-29 18:34:14',0,'2020-06-29 15:34:15','2020-06-29 15:34:15'),(3711,2,31,'ポイントシステム',NULL,3,3,'2020-06-29 06:34:21','2020-06-29 18:34:21',0,'2020-06-29 15:34:21','2020-06-29 15:34:21'),(3721,2,31,'タスク予約機能',NULL,3,3,'2020-06-29 06:36:04','2020-06-29 18:36:04',0,'2020-06-29 15:36:05','2020-06-29 15:36:05'),(3731,2,31,'タスクの依存関係設定',NULL,3,3,'2020-06-29 06:44:56','2020-06-29 18:44:56',0,'2020-06-29 15:44:56','2020-06-29 15:44:56'),(3741,2,31,'タスクのシークレット設定',NULL,3,3,'2020-06-29 06:46:21','2020-06-29 18:46:21',0,'2020-06-29 15:46:22','2020-06-29 15:46:22'),(3751,2,31,'アドレス帳コンポーネント','役職とかを配置して会社内での位置づけをビジュアルで示すコンポーネントもつける\n\n・通常の連絡先等に加えて独自のパラメータを設定できる（かわいさ、めんどくささ、など）ゲームのパラメータのように表示',3,3,'2020-06-29 06:52:35','2020-06-29 18:52:35',0,'2020-06-29 15:52:36','2020-06-29 16:40:11'),(3761,2,31,'プロジェクト、タスク、ユーザーの関係を整理','tasksのuser_idをowner_id（所有者／管理者）とoperator_id（実行者）に分離。実行者は移譲できる（タスクの移譲）',3,3,'2020-06-29 06:53:22','2020-06-29 18:53:22',0,'2020-06-29 15:53:23','2020-06-29 15:58:11'),(3771,2,31,'プロフィールコンポーネント','・自分のステータスを登録・更新できる\n・ツイッター連携\n・体重・体脂肪などを入れるとマイルドな表現に変換される\n・病気などはステータス異常で\n・スキル（資格など、自己申告制のものも（料理とか））\n・服装は「そうび」\n・就活とかに使える感じのにも\n・行ったことのある国・県・場所をわかりやすく',3,3,'2020-06-29 06:54:17','2020-06-29 18:54:17',0,'2020-06-29 15:54:18','2020-06-29 16:41:28'),(3781,2,31,'日記（一日のまとめ）コンポーネント','ドラッグ＆ドロップだけで一日のアクティビティを構築、タスクマネージャとも連携。ほめてくれる。一時間単位でブロックを追加。アクティビティの割合によってコメントが貰える。箇条書きで行動要素を作り出し、それぞれにタグを付けられる（アクティビティタグ、行動タグ、場所タグ、人タグ）。行動要素の並べ替え。ブロックにD&Dで配置。その日に終わったタスクとかもまとめる。',3,3,'2020-06-29 06:55:15','2020-06-29 18:55:15',0,'2020-06-29 15:55:16','2020-06-29 15:56:07'),(3791,2,31,'SMTPサーバの設定',NULL,3,3,'2020-06-29 06:58:26','2020-06-29 18:58:26',0,'2020-06-29 15:58:27','2020-06-29 15:58:27'),(3801,2,31,'コメント機能の検討','タスク／プロジェクト個別のページが必要',3,3,'2020-06-29 06:59:07','2020-06-29 18:59:07',0,'2020-06-29 15:59:07','2020-06-29 15:59:37'),(3811,2,31,'SNS連携',NULL,3,3,'2020-06-29 07:00:42','2020-06-29 19:00:42',0,'2020-06-29 16:00:43','2020-06-29 16:00:43'),(3821,2,31,'円形？に展開する選択コンポーネント',NULL,3,3,'2020-06-29 07:02:13','2020-06-29 19:02:13',0,'2020-06-29 16:02:13','2020-06-29 16:02:13'),(3831,2,31,'カレンダーコンポーネント',NULL,3,3,'2020-06-29 07:02:37','2020-06-29 19:02:37',0,'2020-06-29 16:02:38','2020-06-29 16:02:38'),(3841,2,31,'タグシステムの再設計','・タグにアイコンを追加    \n・タグに種類を付ける（カテゴリ、人物、会社、場所、フリー）（アドレスリストを追加してから）',3,3,'2020-06-29 07:03:07','2020-06-29 19:03:07',0,'2020-06-29 16:03:07','2020-06-29 16:03:47'),(3851,2,31,'Project.vueのprop: projectをv-model連動に変更する',NULL,3,3,'2020-06-29 07:04:03','2020-06-29 19:04:03',0,'2020-06-29 16:04:03','2020-06-29 16:04:20'),(3861,2,31,'TaskList.vueからタスク追加機能を分離',NULL,3,3,'2020-06-29 07:04:36','2020-06-29 19:04:36',0,'2020-06-29 16:04:37','2020-06-29 16:04:37'),(3871,2,31,'TaskList.vueからタスクコピー機能を分離',NULL,3,3,'2020-06-29 07:05:02','2020-06-29 19:05:02',0,'2020-06-29 16:05:02','2020-06-29 16:05:02'),(3881,2,31,'タスク編集の際のログ',NULL,3,3,'2020-06-29 07:05:27','2020-06-29 19:05:27',0,'2020-06-29 16:05:28','2020-06-29 16:05:28'),(3891,2,81,'キャラクターの表示',NULL,3,3,'2020-06-29 07:06:45','2020-06-29 19:06:45',0,'2020-06-29 16:06:45','2020-06-29 16:06:45'),(3901,2,2,'富士たまご支払い資料送付','赤池係長宛\n宅急便\n7/1朝必着',4,2,'2020-06-30 13:00:00','2020-06-30 16:00:00',0,'2020-06-29 16:20:19','2020-06-29 16:22:24'),(3911,2,31,'フロント側のソート＆フィルターをチューンナップ',NULL,3,3,'2020-06-29 07:26:10','2020-06-29 19:26:10',0,'2020-06-29 16:26:11','2020-06-29 16:26:11'),(3921,2,41,'グラフ作成機能',NULL,3,3,'2020-06-29 07:27:00','2020-06-29 19:27:00',0,'2020-06-29 16:27:01','2020-06-29 16:27:01'),(3931,2,41,'ツイッター連携',NULL,3,3,'2020-06-29 07:27:05','2020-06-29 19:27:05',0,'2020-06-29 16:27:05','2020-06-29 16:27:05'),(3941,2,41,'画像のダウンロード',NULL,3,3,'2020-06-29 07:27:23','2020-06-29 19:27:23',0,'2020-06-29 16:27:24','2020-06-29 16:27:24'),(3951,2,51,'TV番組情報の取得プログラム',NULL,3,3,'2020-06-29 07:28:34','2020-06-29 19:28:34',0,'2020-06-29 16:28:35','2020-06-29 16:28:35'),(3961,2,2,'金継ぎ',NULL,2,4,'2020-06-29 16:28:00','2020-12-29 16:29:05',0,'2020-06-29 16:29:08','2020-06-29 16:29:08'),(3971,2,2,'備蓄計画',NULL,3,2,'2020-06-29 07:29:45','2020-09-29 16:30:04',0,'2020-06-29 16:30:05','2020-06-29 16:30:05'),(3981,2,2,'録画体制構築（M-Disc）',NULL,3,4,'2020-06-29 07:30:30','2021-06-29 16:30:51',0,'2020-06-29 16:30:54','2020-06-29 16:30:54'),(3991,2,61,'おやつ系の記事タイトル修正、デザイン修正',NULL,3,3,'2020-06-29 07:33:14','2020-06-29 19:33:14',0,'2020-06-29 16:33:15','2020-06-29 16:33:15'),(4001,2,71,'キッチンの中身を全部出して再構成',NULL,3,3,'2020-06-29 07:35:00','2020-06-29 19:35:00',0,'2020-06-29 16:35:01','2020-06-29 16:35:01'),(4011,2,51,'メディアの規格とリリースフォーマットを整理',NULL,3,3,'2020-06-29 07:35:55','2020-06-29 19:35:55',0,'2020-06-29 16:35:55','2020-06-29 16:35:55'),(4021,2,61,'AMP',NULL,3,3,'2020-06-29 07:37:32','2020-06-29 19:37:32',0,'2020-06-29 16:37:33','2020-06-29 16:37:33'),(4031,2,61,'関数の整理',NULL,3,3,'2020-06-29 07:37:37','2020-06-29 19:37:37',0,'2020-06-29 16:37:38','2020-06-29 16:37:38'),(4041,2,61,'SEO',NULL,3,3,'2020-06-29 07:38:02','2020-06-29 19:38:02',0,'2020-06-29 16:38:02','2020-06-29 16:38:02'),(4051,2,2,'支払依頼書作成（豊通エサ、2020-06-30）','金額：221,232円',3,1,'2020-06-29 17:33:20','2020-06-30 01:33:20',0,'2020-06-29 17:33:20','2020-06-29 17:33:44'),(4061,2,2,'新ひたちファーム鶏割賦（2020年6月分）','契約番号：\n羽数：羽\n売買代金：円（税込）\n仕入先：\n　はやま農場（羽、円（税込））\n　千葉孵化場 涸沼農場（羽、円（税込））\n割賦料：円（税込／月）',3,2,'2020-07-01 11:00:00','2020-07-06 17:37:28',0,'2020-06-29 17:36:58','2020-06-30 10:43:15'),(4071,2,2,'かすみがうら農場鶏割賦（2020年6月分）','契約番号：\n羽数：羽\n売買代金：円（税込）\n仕入先：\n　はやま農場（羽、円（税込））\n　千葉孵化場 涸沼農場（羽、円（税込））\n割賦料：円（税込／月）',3,2,'2020-07-01 11:00:00','2020-07-06 17:38:32',0,'2020-06-29 17:38:13','2020-06-30 10:43:24'),(4081,2,2,'つくばファーム鶏割賦（2020年6月分）','契約番号：\n羽数：羽\n売買代金：円（税込）\n仕入先：\n　はやま農場（羽、円（税込））\n　千葉孵化場 涸沼農場（羽、円（税込））\n割賦料：円（税込／月）',3,2,'2020-06-29 17:38:55','2020-07-05 13:42:30',0,'2020-06-29 17:38:55','2020-06-30 13:42:31'),(4091,2,2,'美咲ファーム代表者変更手続き（ぐんぎんリース）','柳社長→木下社長',3,2,'2020-06-29 08:42:21','2020-07-06 17:43:03',0,'2020-06-29 17:43:05','2020-06-29 17:43:05'),(4111,2,2,'支払いチェック（2020年7月10日分）',NULL,2,1,'2020-06-29 08:45:23','2020-07-05 20:00:00',0,'2020-06-29 17:45:47','2020-06-29 17:45:47'),(4121,2,2,'毎日やること（2020年6月30日）','新しい技術は当面Flutter　https://qiita.com/tomy0610/items/896dc8ec9ba95c33194f',3,3,'2020-06-30 06:46:18','2020-06-30 14:46:18',0,'2020-06-30 06:46:18','2020-06-30 06:46:36'),(4131,2,2,'ルーチンワーク（2020年6月30日）',NULL,3,1,'2020-06-30 09:40:27','2020-06-30 17:40:27',0,'2020-06-30 09:40:27','2020-06-30 09:40:39'),(4141,2,2,'富士たまご支払（2020年6月30日）',NULL,3,1,'2020-06-30 09:54:03','2020-06-30 17:54:03',0,'2020-06-30 09:54:03','2020-06-30 09:55:48'),(4151,2,71,'ベランダ清掃',NULL,3,3,'2020-06-30 01:51:27','2020-06-30 13:51:27',0,'2020-06-30 10:51:28','2020-06-30 10:51:28');
/*!40000 ALTER TABLE `tasks` ENABLE KEYS */;
UNLOCK TABLES;

--
-- Table structure for table `users`
--

DROP TABLE IF EXISTS `users`;
/*!40101 SET @saved_cs_client     = @@character_set_client */;
/*!40101 SET character_set_client = utf8 */;
CREATE TABLE `users` (
  `id` int(10) unsigned NOT NULL AUTO_INCREMENT,
  `name` varchar(191) COLLATE utf8mb4_unicode_ci NOT NULL,
  `email` varchar(191) COLLATE utf8mb4_unicode_ci NOT NULL,
  `email_verified_at` timestamp NULL DEFAULT NULL,
  `password` varchar(191) COLLATE utf8mb4_unicode_ci NOT NULL,
  `remember_token` varchar(100) COLLATE utf8mb4_unicode_ci DEFAULT NULL,
  `created_at` timestamp NULL DEFAULT NULL,
  `updated_at` timestamp NULL DEFAULT NULL,
  PRIMARY KEY (`id`),
  UNIQUE KEY `users_email_unique` (`email`)
) ENGINE=InnoDB AUTO_INCREMENT=12 DEFAULT CHARSET=utf8mb4 COLLATE=utf8mb4_unicode_ci;
/*!40101 SET character_set_client = @saved_cs_client */;

--
-- Dumping data for table `users`
--

LOCK TABLES `users` WRITE;
/*!40000 ALTER TABLE `users` DISABLE KEYS */;
INSERT INTO `users` VALUES (2,'すいちく','suitiku@gmail.com',NULL,'$2y$10$nAGTsKNCfR3C6cWHPIkePeT.yCVX11FYTNj80uTBq73kVe1EJcCXa','lfdbH84pUsuWywilOefzdNCEStUnDmFqTpE2Giai0SgZjjoGpYNWcpl5w623','2020-05-14 23:23:51','2020-05-14 23:23:51');
/*!40000 ALTER TABLE `users` ENABLE KEYS */;
UNLOCK TABLES;
/*!40103 SET TIME_ZONE=@OLD_TIME_ZONE */;

/*!40101 SET SQL_MODE=@OLD_SQL_MODE */;
/*!40014 SET FOREIGN_KEY_CHECKS=@OLD_FOREIGN_KEY_CHECKS */;
/*!40014 SET UNIQUE_CHECKS=@OLD_UNIQUE_CHECKS */;
/*!40101 SET CHARACTER_SET_CLIENT=@OLD_CHARACTER_SET_CLIENT */;
/*!40101 SET CHARACTER_SET_RESULTS=@OLD_CHARACTER_SET_RESULTS */;
/*!40101 SET COLLATION_CONNECTION=@OLD_COLLATION_CONNECTION */;
/*!40111 SET SQL_NOTES=@OLD_SQL_NOTES */;

-- Dump completed on 2020-06-30  4:57:08
